CREATE TABLE IF NOT EXISTS "auth_group" ("id" integer NOT NULL PRIMARY KEY AUTOINCREMENT, "name" varchar(150) NOT NULL UNIQUE);
CREATE UNIQUE INDEX "auth_group_permissions_group_id_permission_id_0cd325b0_uniq" ON "auth_group_permissions" ("group_id", "permission_id");
CREATE INDEX IF NOT EXISTS "auth_group_permissions_group_id_b120cbf9" ON "auth_group_permissions" ("group_id");
CREATE INDEX IF NOT EXISTS "auth_group_permissions_permission_id_84c5c92e" ON "auth_group_permissions" ("permission_id");
CREATE UNIQUE INDEX "auth_permission_content_type_id_codename_01ab375a_uniq" ON "auth_permission" ("content_type_id", "codename");
CREATE INDEX IF NOT EXISTS "auth_permission_content_type_id_2f476e4b" ON "auth_permission" ("content_type_id");
CREATE UNIQUE INDEX "auth_user_groups_user_id_group_id_94350c0c_uniq" ON "auth_user_groups" ("user_id", "group_id");
CREATE INDEX IF NOT EXISTS "auth_user_groups_user_id_6a12ed8b" ON "auth_user_groups" ("user_id");
CREATE INDEX IF NOT EXISTS "auth_user_groups_group_id_97559544" ON "auth_user_groups" ("group_id");
CREATE UNIQUE INDEX "auth_user_user_permissions_user_id_permission_id_14a6b632_uniq" ON "auth_user_user_permissions" ("user_id", "permission_id");
CREATE INDEX IF NOT EXISTS "auth_user_user_permissions_user_id_a95ead1b" ON "auth_user_user_permissions" ("user_id");
CREATE INDEX IF NOT EXISTS "auth_user_user_permissions_permission_id_1fbb5f2c" ON "auth_user_user_permissions" ("permission_id");
CREATE INDEX IF NOT EXISTS "django_admin_log_content_type_id_c4bce8eb" ON "django_admin_log" ("content_type_id");
CREATE INDEX IF NOT EXISTS "django_admin_log_user_id_c564eba6" ON "django_admin_log" ("user_id");
CREATE UNIQUE INDEX "django_content_type_app_label_model_76bd3d3b_uniq" ON "django_content_type" ("app_label", "model");
CREATE INDEX IF NOT EXISTS "django_session_expire_date_a5c62663" ON "django_session" ("expire_date");
CREATE INDEX IF NOT EXISTS "jobs_education_job_post_id_0f165219" ON "jobs_academic" ("job_post_id");
CREATE INDEX IF NOT EXISTS "jobs_experience_job_post_id_5cd08f71" ON "jobs_experience" ("job_post_id");
CREATE INDEX IF NOT EXISTS "jobs_notification_user_id_bd18f659" ON "jobs_notification" ("user_id");
CREATE INDEX IF NOT EXISTS "jobs_requirement_job_post_id_fca1d1ec" ON "jobs_requirement" ("job_post_id");
CREATE INDEX IF NOT EXISTS "jobs_skill_job_post_id_c7b60021" ON "jobs_skill" ("job_post_id");
CREATE INDEX IF NOT EXISTS "profiles_attendance_employee_id_2ea8bce1" ON "profiles_attendance" ("employee_id");
CREATE INDEX IF NOT EXISTS "profiles_attendance_shift_id_a1aeffbb" ON "profiles_attendance" ("shift_id");
CREATE INDEX IF NOT EXISTS "profiles_leave_employee_id_add94add" ON "profiles_leave" ("employee_id");
CREATE INDEX IF NOT EXISTS "profiles_raise_employee_id_7a5668e3" ON "profiles_raise" ("employee_id");
CREATE INDEX IF NOT EXISTS "dashboard_backup_user_id_621d4066" ON "dashboard_backup" ("user_id");
CREATE INDEX IF NOT EXISTS "task_manager_category_user_id_3bc802b2" ON "task_manager_category" ("user_id");
CREATE INDEX IF NOT EXISTS "task_manager_task_assigned_to_id_aaf7f5f9" ON "task_manager_task" ("assigned_to_id");
CREATE INDEX IF NOT EXISTS "task_manager_task_category_id_5f4a1aed" ON "task_manager_task" ("category_id");
CREATE INDEX IF NOT EXISTS "jobs_jobpost_user_id_5b3a30c5" ON "jobs_jobpost" ("user_id");
CREATE INDEX IF NOT EXISTS "jobs_jobpost_assigned_to_id_af70298e" ON "jobs_jobpost" ("assigned_to_id");
CREATE INDEX IF NOT EXISTS "easyaudit_loginevent_remote_ip_52fb5c3c" ON "easyaudit_loginevent" ("remote_ip");
CREATE INDEX IF NOT EXISTS "easyaudit_loginevent_user_id_f47fcbfb" ON "easyaudit_loginevent" ("user_id");
CREATE INDEX IF NOT EXISTS "easyaudit_crudevent_content_type_id_618ed0c6" ON "easyaudit_crudevent" ("content_type_id");
CREATE INDEX IF NOT EXISTS "easyaudit_crudevent_user_id_09177b54" ON "easyaudit_crudevent" ("user_id");
CREATE INDEX IF NOT EXISTS "easyaudit_crudevent_object_id_content_type_id_48e7e97f_idx" ON "easyaudit_crudevent" ("object_id", "content_type_id");
CREATE INDEX IF NOT EXISTS "easyaudit_requestevent_url_37d1b8c4" ON "easyaudit_requestevent" ("url");
CREATE INDEX IF NOT EXISTS "easyaudit_requestevent_method_83a0c884" ON "easyaudit_requestevent" ("method");
CREATE INDEX IF NOT EXISTS "easyaudit_requestevent_remote_ip_d43af9b2" ON "easyaudit_requestevent" ("remote_ip");
CREATE INDEX IF NOT EXISTS "easyaudit_requestevent_user_id_da412f45" ON "easyaudit_requestevent" ("user_id");
CREATE INDEX IF NOT EXISTS "easyaudit_requestevent_datetime_8ce2b5a3" ON "easyaudit_requestevent" ("datetime");
CREATE TABLE IF NOT EXISTS "auth_group_permissions" ("id" integer NOT NULL PRIMARY KEY AUTOINCREMENT, "group_id" integer NOT NULL REFERENCES "auth_group" ("id") DEFERRABLE INITIALLY DEFERRED, "permission_id" integer NOT NULL REFERENCES "auth_permission" ("id") DEFERRABLE INITIALLY DEFERRED);
CREATE UNIQUE INDEX "auth_group_permissions_group_id_permission_id_0cd325b0_uniq" ON "auth_group_permissions" ("group_id", "permission_id");
CREATE INDEX IF NOT EXISTS "auth_group_permissions_group_id_b120cbf9" ON "auth_group_permissions" ("group_id");
CREATE INDEX IF NOT EXISTS "auth_group_permissions_permission_id_84c5c92e" ON "auth_group_permissions" ("permission_id");
CREATE UNIQUE INDEX "auth_permission_content_type_id_codename_01ab375a_uniq" ON "auth_permission" ("content_type_id", "codename");
CREATE INDEX IF NOT EXISTS "auth_permission_content_type_id_2f476e4b" ON "auth_permission" ("content_type_id");
CREATE UNIQUE INDEX "auth_user_groups_user_id_group_id_94350c0c_uniq" ON "auth_user_groups" ("user_id", "group_id");
CREATE INDEX IF NOT EXISTS "auth_user_groups_user_id_6a12ed8b" ON "auth_user_groups" ("user_id");
CREATE INDEX IF NOT EXISTS "auth_user_groups_group_id_97559544" ON "auth_user_groups" ("group_id");
CREATE UNIQUE INDEX "auth_user_user_permissions_user_id_permission_id_14a6b632_uniq" ON "auth_user_user_permissions" ("user_id", "permission_id");
CREATE INDEX IF NOT EXISTS "auth_user_user_permissions_user_id_a95ead1b" ON "auth_user_user_permissions" ("user_id");
CREATE INDEX IF NOT EXISTS "auth_user_user_permissions_permission_id_1fbb5f2c" ON "auth_user_user_permissions" ("permission_id");
CREATE INDEX IF NOT EXISTS "django_admin_log_content_type_id_c4bce8eb" ON "django_admin_log" ("content_type_id");
CREATE INDEX IF NOT EXISTS "django_admin_log_user_id_c564eba6" ON "django_admin_log" ("user_id");
CREATE UNIQUE INDEX "django_content_type_app_label_model_76bd3d3b_uniq" ON "django_content_type" ("app_label", "model");
CREATE INDEX IF NOT EXISTS "django_session_expire_date_a5c62663" ON "django_session" ("expire_date");
CREATE INDEX IF NOT EXISTS "jobs_education_job_post_id_0f165219" ON "jobs_academic" ("job_post_id");
CREATE INDEX IF NOT EXISTS "jobs_experience_job_post_id_5cd08f71" ON "jobs_experience" ("job_post_id");
CREATE INDEX IF NOT EXISTS "jobs_notification_user_id_bd18f659" ON "jobs_notification" ("user_id");
CREATE INDEX IF NOT EXISTS "jobs_requirement_job_post_id_fca1d1ec" ON "jobs_requirement" ("job_post_id");
CREATE INDEX IF NOT EXISTS "jobs_skill_job_post_id_c7b60021" ON "jobs_skill" ("job_post_id");
CREATE INDEX IF NOT EXISTS "profiles_attendance_employee_id_2ea8bce1" ON "profiles_attendance" ("employee_id");
CREATE INDEX IF NOT EXISTS "profiles_attendance_shift_id_a1aeffbb" ON "profiles_attendance" ("shift_id");
CREATE INDEX IF NOT EXISTS "profiles_leave_employee_id_add94add" ON "profiles_leave" ("employee_id");
CREATE INDEX IF NOT EXISTS "profiles_raise_employee_id_7a5668e3" ON "profiles_raise" ("employee_id");
CREATE INDEX IF NOT EXISTS "dashboard_backup_user_id_621d4066" ON "dashboard_backup" ("user_id");
CREATE INDEX IF NOT EXISTS "task_manager_category_user_id_3bc802b2" ON "task_manager_category" ("user_id");
CREATE INDEX IF NOT EXISTS "task_manager_task_assigned_to_id_aaf7f5f9" ON "task_manager_task" ("assigned_to_id");
CREATE INDEX IF NOT EXISTS "task_manager_task_category_id_5f4a1aed" ON "task_manager_task" ("category_id");
CREATE INDEX IF NOT EXISTS "jobs_jobpost_user_id_5b3a30c5" ON "jobs_jobpost" ("user_id");
CREATE INDEX IF NOT EXISTS "jobs_jobpost_assigned_to_id_af70298e" ON "jobs_jobpost" ("assigned_to_id");
CREATE INDEX IF NOT EXISTS "easyaudit_loginevent_remote_ip_52fb5c3c" ON "easyaudit_loginevent" ("remote_ip");
CREATE INDEX IF NOT EXISTS "easyaudit_loginevent_user_id_f47fcbfb" ON "easyaudit_loginevent" ("user_id");
CREATE INDEX IF NOT EXISTS "easyaudit_crudevent_content_type_id_618ed0c6" ON "easyaudit_crudevent" ("content_type_id");
CREATE INDEX IF NOT EXISTS "easyaudit_crudevent_user_id_09177b54" ON "easyaudit_crudevent" ("user_id");
CREATE INDEX IF NOT EXISTS "easyaudit_crudevent_object_id_content_type_id_48e7e97f_idx" ON "easyaudit_crudevent" ("object_id", "content_type_id");
CREATE INDEX IF NOT EXISTS "easyaudit_requestevent_url_37d1b8c4" ON "easyaudit_requestevent" ("url");
CREATE INDEX IF NOT EXISTS "easyaudit_requestevent_method_83a0c884" ON "easyaudit_requestevent" ("method");
CREATE INDEX IF NOT EXISTS "easyaudit_requestevent_remote_ip_d43af9b2" ON "easyaudit_requestevent" ("remote_ip");
CREATE INDEX IF NOT EXISTS "easyaudit_requestevent_user_id_da412f45" ON "easyaudit_requestevent" ("user_id");
CREATE INDEX IF NOT EXISTS "easyaudit_requestevent_datetime_8ce2b5a3" ON "easyaudit_requestevent" ("datetime");
CREATE TABLE IF NOT EXISTS "auth_permission" ("id" integer NOT NULL PRIMARY KEY AUTOINCREMENT, "content_type_id" integer NOT NULL REFERENCES "django_content_type" ("id") DEFERRABLE INITIALLY DEFERRED, "codename" varchar(100) NOT NULL, "name" varchar(255) NOT NULL);
INSERT INTO "auth_permission" VALUES(1,1,'add_logentry','Can add log entry');
INSERT INTO "auth_permission" VALUES(2,1,'change_logentry','Can change log entry');
INSERT INTO "auth_permission" VALUES(3,1,'delete_logentry','Can delete log entry');
INSERT INTO "auth_permission" VALUES(4,1,'view_logentry','Can view log entry');
INSERT INTO "auth_permission" VALUES(5,2,'add_permission','Can add permission');
INSERT INTO "auth_permission" VALUES(6,2,'change_permission','Can change permission');
INSERT INTO "auth_permission" VALUES(7,2,'delete_permission','Can delete permission');
INSERT INTO "auth_permission" VALUES(8,2,'view_permission','Can view permission');
INSERT INTO "auth_permission" VALUES(9,3,'add_group','Can add group');
INSERT INTO "auth_permission" VALUES(10,3,'change_group','Can change group');
INSERT INTO "auth_permission" VALUES(11,3,'delete_group','Can delete group');
INSERT INTO "auth_permission" VALUES(12,3,'view_group','Can view group');
INSERT INTO "auth_permission" VALUES(13,4,'add_user','Can add user');
INSERT INTO "auth_permission" VALUES(14,4,'change_user','Can change user');
INSERT INTO "auth_permission" VALUES(15,4,'delete_user','Can delete user');
INSERT INTO "auth_permission" VALUES(16,4,'view_user','Can view user');
INSERT INTO "auth_permission" VALUES(17,5,'add_contenttype','Can add content type');
INSERT INTO "auth_permission" VALUES(18,5,'change_contenttype','Can change content type');
INSERT INTO "auth_permission" VALUES(19,5,'delete_contenttype','Can delete content type');
INSERT INTO "auth_permission" VALUES(20,5,'view_contenttype','Can view content type');
INSERT INTO "auth_permission" VALUES(21,6,'add_session','Can add session');
INSERT INTO "auth_permission" VALUES(22,6,'change_session','Can change session');
INSERT INTO "auth_permission" VALUES(23,6,'delete_session','Can delete session');
INSERT INTO "auth_permission" VALUES(24,6,'view_session','Can view session');
INSERT INTO "auth_permission" VALUES(25,22,'add_site','Can add site');
INSERT INTO "auth_permission" VALUES(26,22,'change_site','Can change site');
INSERT INTO "auth_permission" VALUES(27,22,'delete_site','Can delete site');
INSERT INTO "auth_permission" VALUES(28,22,'view_site','Can view site');
INSERT INTO "auth_permission" VALUES(29,7,'add_profile','Can add profile');
INSERT INTO "auth_permission" VALUES(30,7,'change_profile','Can change profile');
INSERT INTO "auth_permission" VALUES(31,7,'delete_profile','Can delete profile');
INSERT INTO "auth_permission" VALUES(32,7,'view_profile','Can view profile');
INSERT INTO "auth_permission" VALUES(33,9,'add_addressinformation','Can add address information');
INSERT INTO "auth_permission" VALUES(34,9,'change_addressinformation','Can change address information');
INSERT INTO "auth_permission" VALUES(35,9,'delete_addressinformation','Can delete address information');
INSERT INTO "auth_permission" VALUES(36,9,'view_addressinformation','Can view address information');
INSERT INTO "auth_permission" VALUES(37,11,'add_staffprofile','Can add staff profile');
INSERT INTO "auth_permission" VALUES(38,11,'change_staffprofile','Can change staff profile');
INSERT INTO "auth_permission" VALUES(39,11,'delete_staffprofile','Can delete staff profile');
INSERT INTO "auth_permission" VALUES(40,11,'view_staffprofile','Can view staff profile');
INSERT INTO "auth_permission" VALUES(41,14,'add_leave','Can add leave');
INSERT INTO "auth_permission" VALUES(42,14,'change_leave','Can change leave');
INSERT INTO "auth_permission" VALUES(43,14,'delete_leave','Can delete leave');
INSERT INTO "auth_permission" VALUES(44,14,'view_leave','Can view leave');
INSERT INTO "auth_permission" VALUES(45,13,'add_raise','Can add raise');
INSERT INTO "auth_permission" VALUES(46,13,'change_raise','Can change raise');
INSERT INTO "auth_permission" VALUES(47,13,'delete_raise','Can delete raise');
INSERT INTO "auth_permission" VALUES(48,13,'view_raise','Can view raise');
INSERT INTO "auth_permission" VALUES(49,8,'add_personalinformation','Can add personal information');
INSERT INTO "auth_permission" VALUES(50,8,'change_personalinformation','Can change personal information');
INSERT INTO "auth_permission" VALUES(51,8,'delete_personalinformation','Can delete personal information');
INSERT INTO "auth_permission" VALUES(52,8,'view_personalinformation','Can view personal information');
INSERT INTO "auth_permission" VALUES(53,10,'add_profileimage','Can add profile image');
INSERT INTO "auth_permission" VALUES(54,10,'change_profileimage','Can change profile image');
INSERT INTO "auth_permission" VALUES(55,10,'delete_profileimage','Can delete profile image');
INSERT INTO "auth_permission" VALUES(56,10,'view_profileimage','Can view profile image');
INSERT INTO "auth_permission" VALUES(57,12,'add_shift','Can add shift');
INSERT INTO "auth_permission" VALUES(58,12,'change_shift','Can change shift');
INSERT INTO "auth_permission" VALUES(59,12,'delete_shift','Can delete shift');
INSERT INTO "auth_permission" VALUES(60,12,'view_shift','Can view shift');
INSERT INTO "auth_permission" VALUES(61,15,'add_attendance','Can add attendance');
INSERT INTO "auth_permission" VALUES(62,15,'change_attendance','Can change attendance');
INSERT INTO "auth_permission" VALUES(63,15,'delete_attendance','Can delete attendance');
INSERT INTO "auth_permission" VALUES(64,15,'view_attendance','Can view attendance');
INSERT INTO "auth_permission" VALUES(65,16,'add_jobpost','Can add job post');
INSERT INTO "auth_permission" VALUES(66,16,'change_jobpost','Can change job post');
INSERT INTO "auth_permission" VALUES(67,16,'delete_jobpost','Can delete job post');
INSERT INTO "auth_permission" VALUES(68,16,'view_jobpost','Can view job post');
INSERT INTO "auth_permission" VALUES(69,17,'add_skill','Can add skill');
INSERT INTO "auth_permission" VALUES(70,17,'change_skill','Can change skill');
INSERT INTO "auth_permission" VALUES(71,17,'delete_skill','Can delete skill');
INSERT INTO "auth_permission" VALUES(72,17,'view_skill','Can view skill');
INSERT INTO "auth_permission" VALUES(73,20,'add_academic','Can add academic');
INSERT INTO "auth_permission" VALUES(74,20,'change_academic','Can change academic');
INSERT INTO "auth_permission" VALUES(75,20,'delete_academic','Can delete academic');
INSERT INTO "auth_permission" VALUES(76,20,'view_academic','Can view academic');
INSERT INTO "auth_permission" VALUES(77,19,'add_experience','Can add experience');
INSERT INTO "auth_permission" VALUES(78,19,'change_experience','Can change experience');
INSERT INTO "auth_permission" VALUES(79,19,'delete_experience','Can delete experience');
INSERT INTO "auth_permission" VALUES(80,19,'view_experience','Can view experience');
INSERT INTO "auth_permission" VALUES(81,18,'add_requirement','Can add requirement');
INSERT INTO "auth_permission" VALUES(82,18,'change_requirement','Can change requirement');
INSERT INTO "auth_permission" VALUES(83,18,'delete_requirement','Can delete requirement');
INSERT INTO "auth_permission" VALUES(84,18,'view_requirement','Can view requirement');
INSERT INTO "auth_permission" VALUES(85,21,'add_notification','Can add notification');
INSERT INTO "auth_permission" VALUES(86,21,'change_notification','Can change notification');
INSERT INTO "auth_permission" VALUES(87,21,'delete_notification','Can delete notification');
INSERT INTO "auth_permission" VALUES(88,21,'view_notification','Can view notification');
INSERT INTO "auth_permission" VALUES(89,23,'add_backup','Can add backup');
INSERT INTO "auth_permission" VALUES(90,23,'change_backup','Can change backup');
INSERT INTO "auth_permission" VALUES(91,23,'delete_backup','Can delete backup');
INSERT INTO "auth_permission" VALUES(92,23,'view_backup','Can view backup');
INSERT INTO "auth_permission" VALUES(93,25,'add_category','Can add category');
INSERT INTO "auth_permission" VALUES(94,25,'change_category','Can change category');
INSERT INTO "auth_permission" VALUES(95,25,'delete_category','Can delete category');
INSERT INTO "auth_permission" VALUES(96,25,'view_category','Can view category');
INSERT INTO "auth_permission" VALUES(97,24,'add_task','Can add task');
INSERT INTO "auth_permission" VALUES(98,24,'change_task','Can change task');
INSERT INTO "auth_permission" VALUES(99,24,'delete_task','Can delete task');
INSERT INTO "auth_permission" VALUES(100,24,'view_task','Can view task');
INSERT INTO "auth_permission" VALUES(101,26,'add_crudevent','Can add CRUD event');
INSERT INTO "auth_permission" VALUES(102,26,'change_crudevent','Can change CRUD event');
INSERT INTO "auth_permission" VALUES(103,26,'delete_crudevent','Can delete CRUD event');
INSERT INTO "auth_permission" VALUES(104,26,'view_crudevent','Can view CRUD event');
INSERT INTO "auth_permission" VALUES(105,27,'add_loginevent','Can add login event');
INSERT INTO "auth_permission" VALUES(106,27,'change_loginevent','Can change login event');
INSERT INTO "auth_permission" VALUES(107,27,'delete_loginevent','Can delete login event');
INSERT INTO "auth_permission" VALUES(108,27,'view_loginevent','Can view login event');
INSERT INTO "auth_permission" VALUES(109,28,'add_requestevent','Can add request event');
INSERT INTO "auth_permission" VALUES(110,28,'change_requestevent','Can change request event');
INSERT INTO "auth_permission" VALUES(111,28,'delete_requestevent','Can delete request event');
INSERT INTO "auth_permission" VALUES(112,28,'view_requestevent','Can view request event');
CREATE UNIQUE INDEX "auth_group_permissions_group_id_permission_id_0cd325b0_uniq" ON "auth_group_permissions" ("group_id", "permission_id");
CREATE INDEX IF NOT EXISTS "auth_group_permissions_group_id_b120cbf9" ON "auth_group_permissions" ("group_id");
CREATE INDEX IF NOT EXISTS "auth_group_permissions_permission_id_84c5c92e" ON "auth_group_permissions" ("permission_id");
CREATE UNIQUE INDEX "auth_permission_content_type_id_codename_01ab375a_uniq" ON "auth_permission" ("content_type_id", "codename");
CREATE INDEX IF NOT EXISTS "auth_permission_content_type_id_2f476e4b" ON "auth_permission" ("content_type_id");
CREATE UNIQUE INDEX "auth_user_groups_user_id_group_id_94350c0c_uniq" ON "auth_user_groups" ("user_id", "group_id");
CREATE INDEX IF NOT EXISTS "auth_user_groups_user_id_6a12ed8b" ON "auth_user_groups" ("user_id");
CREATE INDEX IF NOT EXISTS "auth_user_groups_group_id_97559544" ON "auth_user_groups" ("group_id");
CREATE UNIQUE INDEX "auth_user_user_permissions_user_id_permission_id_14a6b632_uniq" ON "auth_user_user_permissions" ("user_id", "permission_id");
CREATE INDEX IF NOT EXISTS "auth_user_user_permissions_user_id_a95ead1b" ON "auth_user_user_permissions" ("user_id");
CREATE INDEX IF NOT EXISTS "auth_user_user_permissions_permission_id_1fbb5f2c" ON "auth_user_user_permissions" ("permission_id");
CREATE INDEX IF NOT EXISTS "django_admin_log_content_type_id_c4bce8eb" ON "django_admin_log" ("content_type_id");
CREATE INDEX IF NOT EXISTS "django_admin_log_user_id_c564eba6" ON "django_admin_log" ("user_id");
CREATE UNIQUE INDEX "django_content_type_app_label_model_76bd3d3b_uniq" ON "django_content_type" ("app_label", "model");
CREATE INDEX IF NOT EXISTS "django_session_expire_date_a5c62663" ON "django_session" ("expire_date");
CREATE INDEX IF NOT EXISTS "jobs_education_job_post_id_0f165219" ON "jobs_academic" ("job_post_id");
CREATE INDEX IF NOT EXISTS "jobs_experience_job_post_id_5cd08f71" ON "jobs_experience" ("job_post_id");
CREATE INDEX IF NOT EXISTS "jobs_notification_user_id_bd18f659" ON "jobs_notification" ("user_id");
CREATE INDEX IF NOT EXISTS "jobs_requirement_job_post_id_fca1d1ec" ON "jobs_requirement" ("job_post_id");
CREATE INDEX IF NOT EXISTS "jobs_skill_job_post_id_c7b60021" ON "jobs_skill" ("job_post_id");
CREATE INDEX IF NOT EXISTS "profiles_attendance_employee_id_2ea8bce1" ON "profiles_attendance" ("employee_id");
CREATE INDEX IF NOT EXISTS "profiles_attendance_shift_id_a1aeffbb" ON "profiles_attendance" ("shift_id");
CREATE INDEX IF NOT EXISTS "profiles_leave_employee_id_add94add" ON "profiles_leave" ("employee_id");
CREATE INDEX IF NOT EXISTS "profiles_raise_employee_id_7a5668e3" ON "profiles_raise" ("employee_id");
CREATE INDEX IF NOT EXISTS "dashboard_backup_user_id_621d4066" ON "dashboard_backup" ("user_id");
CREATE INDEX IF NOT EXISTS "task_manager_category_user_id_3bc802b2" ON "task_manager_category" ("user_id");
CREATE INDEX IF NOT EXISTS "task_manager_task_assigned_to_id_aaf7f5f9" ON "task_manager_task" ("assigned_to_id");
CREATE INDEX IF NOT EXISTS "task_manager_task_category_id_5f4a1aed" ON "task_manager_task" ("category_id");
CREATE INDEX IF NOT EXISTS "jobs_jobpost_user_id_5b3a30c5" ON "jobs_jobpost" ("user_id");
CREATE INDEX IF NOT EXISTS "jobs_jobpost_assigned_to_id_af70298e" ON "jobs_jobpost" ("assigned_to_id");
CREATE INDEX IF NOT EXISTS "easyaudit_loginevent_remote_ip_52fb5c3c" ON "easyaudit_loginevent" ("remote_ip");
CREATE INDEX IF NOT EXISTS "easyaudit_loginevent_user_id_f47fcbfb" ON "easyaudit_loginevent" ("user_id");
CREATE INDEX IF NOT EXISTS "easyaudit_crudevent_content_type_id_618ed0c6" ON "easyaudit_crudevent" ("content_type_id");
CREATE INDEX IF NOT EXISTS "easyaudit_crudevent_user_id_09177b54" ON "easyaudit_crudevent" ("user_id");
CREATE INDEX IF NOT EXISTS "easyaudit_crudevent_object_id_content_type_id_48e7e97f_idx" ON "easyaudit_crudevent" ("object_id", "content_type_id");
CREATE INDEX IF NOT EXISTS "easyaudit_requestevent_url_37d1b8c4" ON "easyaudit_requestevent" ("url");
CREATE INDEX IF NOT EXISTS "easyaudit_requestevent_method_83a0c884" ON "easyaudit_requestevent" ("method");
CREATE INDEX IF NOT EXISTS "easyaudit_requestevent_remote_ip_d43af9b2" ON "easyaudit_requestevent" ("remote_ip");
CREATE INDEX IF NOT EXISTS "easyaudit_requestevent_user_id_da412f45" ON "easyaudit_requestevent" ("user_id");
CREATE INDEX IF NOT EXISTS "easyaudit_requestevent_datetime_8ce2b5a3" ON "easyaudit_requestevent" ("datetime");
CREATE TABLE IF NOT EXISTS "auth_user" ("id" integer NOT NULL PRIMARY KEY AUTOINCREMENT, "password" varchar(128) NOT NULL, "last_login" datetime NULL, "is_superuser" bool NOT NULL, "username" varchar(150) NOT NULL UNIQUE, "last_name" varchar(150) NOT NULL, "email" varchar(254) NOT NULL, "is_staff" bool NOT NULL, "is_active" bool NOT NULL, "date_joined" datetime NOT NULL, "first_name" varchar(150) NOT NULL);
INSERT INTO "auth_user" VALUES(1,'pbkdf2_sha256$600000$KMbmhNdlLHXHbZ3YK8djhv$NwltP9tOGiy1XRZ7g9w+So4rjoh+78CUVxCELAkQ0Mk=','2024-07-07 12:15:54.258440',1,'admin','Account','admin@mictseta.com',1,1,'2024-06-22 13:32:24.193180','Admin');
INSERT INTO "auth_user" VALUES(2,'pbkdf2_sha256$600000$tLiUl0tuaAVMA9cL4R6t8r$niqoLmY9aeP0KMFDejF6CYEgxjV6Z48A7hgPBdd/NOA=','2024-07-04 15:25:10.429207',1,'manager','Mitnich','manager@mictseta.com',1,1,'2024-06-22 15:09:26.070491','Kevin');
INSERT INTO "auth_user" VALUES(3,'pbkdf2_sha256$600000$8ecmeiS1XwRI3No3c4kdEE$Itac30sgkvjH5hPqLhrXogBWR1r2UHbeMmllvq28bH0=','2024-06-25 16:57:28.627464',0,'Semenya','','salomehamese17@gmail.com',0,1,'2024-06-25 16:56:17.146209','');
INSERT INTO "auth_user" VALUES(4,'pbkdf2_sha256$600000$8rOgHb43Dz1ORazd9FHnTq$SBPybngxdkMAic8YtdNB1cVh7v/S+q4RHQTWHScuyvc=','2024-06-26 13:17:18.457375',0,'Hamese','','joelhamese@gmail.com',0,1,'2024-06-25 18:56:03.420367','');
INSERT INTO "auth_user" VALUES(5,'pbkdf2_sha256$600000$WbJRSurfXbUUaDGHqktvJD$GlEd+nIp5dob8JzqxeBgBFQ3jEVg15p9NVfYgxFuv4o=','2024-07-04 17:11:50.306210',0,'mike','Tyson','mike@mictseta.com',1,1,'2024-06-29 22:03:46.568078','mike');
INSERT INTO "auth_user" VALUES(6,'pbkdf2_sha256$600000$9QVFgIE0xcclMm9pIqhTce$H6VZLr3cTd34FeuHyL9dPwREjxOVjkRPtMcaRHxsMGs=',NULL,0,'sandra','bullock','Sandra@mictseta.com',1,1,'2024-07-04 15:44:24.505077','Sandra');
INSERT INTO "auth_user" VALUES(7,'pbkdf2_sha256$600000$y7JIhqpAwhjnvw1CkwRRPL$rVVMiNEJphb+HidQdA1s7E4AODXTUINxMwZHleSuINc=','2024-07-07 12:11:24.876764',0,'chan','Chan','jackie@mictseta.com',1,1,'2024-07-04 15:53:06.499654','Jackie');
CREATE UNIQUE INDEX "auth_group_permissions_group_id_permission_id_0cd325b0_uniq" ON "auth_group_permissions" ("group_id", "permission_id");
CREATE INDEX IF NOT EXISTS "auth_group_permissions_group_id_b120cbf9" ON "auth_group_permissions" ("group_id");
CREATE INDEX IF NOT EXISTS "auth_group_permissions_permission_id_84c5c92e" ON "auth_group_permissions" ("permission_id");
CREATE UNIQUE INDEX "auth_permission_content_type_id_codename_01ab375a_uniq" ON "auth_permission" ("content_type_id", "codename");
CREATE INDEX IF NOT EXISTS "auth_permission_content_type_id_2f476e4b" ON "auth_permission" ("content_type_id");
CREATE UNIQUE INDEX "auth_user_groups_user_id_group_id_94350c0c_uniq" ON "auth_user_groups" ("user_id", "group_id");
CREATE INDEX IF NOT EXISTS "auth_user_groups_user_id_6a12ed8b" ON "auth_user_groups" ("user_id");
CREATE INDEX IF NOT EXISTS "auth_user_groups_group_id_97559544" ON "auth_user_groups" ("group_id");
CREATE UNIQUE INDEX "auth_user_user_permissions_user_id_permission_id_14a6b632_uniq" ON "auth_user_user_permissions" ("user_id", "permission_id");
CREATE INDEX IF NOT EXISTS "auth_user_user_permissions_user_id_a95ead1b" ON "auth_user_user_permissions" ("user_id");
CREATE INDEX IF NOT EXISTS "auth_user_user_permissions_permission_id_1fbb5f2c" ON "auth_user_user_permissions" ("permission_id");
CREATE INDEX IF NOT EXISTS "django_admin_log_content_type_id_c4bce8eb" ON "django_admin_log" ("content_type_id");
CREATE INDEX IF NOT EXISTS "django_admin_log_user_id_c564eba6" ON "django_admin_log" ("user_id");
CREATE UNIQUE INDEX "django_content_type_app_label_model_76bd3d3b_uniq" ON "django_content_type" ("app_label", "model");
CREATE INDEX IF NOT EXISTS "django_session_expire_date_a5c62663" ON "django_session" ("expire_date");
CREATE INDEX IF NOT EXISTS "jobs_education_job_post_id_0f165219" ON "jobs_academic" ("job_post_id");
CREATE INDEX IF NOT EXISTS "jobs_experience_job_post_id_5cd08f71" ON "jobs_experience" ("job_post_id");
CREATE INDEX IF NOT EXISTS "jobs_notification_user_id_bd18f659" ON "jobs_notification" ("user_id");
CREATE INDEX IF NOT EXISTS "jobs_requirement_job_post_id_fca1d1ec" ON "jobs_requirement" ("job_post_id");
CREATE INDEX IF NOT EXISTS "jobs_skill_job_post_id_c7b60021" ON "jobs_skill" ("job_post_id");
CREATE INDEX IF NOT EXISTS "profiles_attendance_employee_id_2ea8bce1" ON "profiles_attendance" ("employee_id");
CREATE INDEX IF NOT EXISTS "profiles_attendance_shift_id_a1aeffbb" ON "profiles_attendance" ("shift_id");
CREATE INDEX IF NOT EXISTS "profiles_leave_employee_id_add94add" ON "profiles_leave" ("employee_id");
CREATE INDEX IF NOT EXISTS "profiles_raise_employee_id_7a5668e3" ON "profiles_raise" ("employee_id");
CREATE INDEX IF NOT EXISTS "dashboard_backup_user_id_621d4066" ON "dashboard_backup" ("user_id");
CREATE INDEX IF NOT EXISTS "task_manager_category_user_id_3bc802b2" ON "task_manager_category" ("user_id");
CREATE INDEX IF NOT EXISTS "task_manager_task_assigned_to_id_aaf7f5f9" ON "task_manager_task" ("assigned_to_id");
CREATE INDEX IF NOT EXISTS "task_manager_task_category_id_5f4a1aed" ON "task_manager_task" ("category_id");
CREATE INDEX IF NOT EXISTS "jobs_jobpost_user_id_5b3a30c5" ON "jobs_jobpost" ("user_id");
CREATE INDEX IF NOT EXISTS "jobs_jobpost_assigned_to_id_af70298e" ON "jobs_jobpost" ("assigned_to_id");
CREATE INDEX IF NOT EXISTS "easyaudit_loginevent_remote_ip_52fb5c3c" ON "easyaudit_loginevent" ("remote_ip");
CREATE INDEX IF NOT EXISTS "easyaudit_loginevent_user_id_f47fcbfb" ON "easyaudit_loginevent" ("user_id");
CREATE INDEX IF NOT EXISTS "easyaudit_crudevent_content_type_id_618ed0c6" ON "easyaudit_crudevent" ("content_type_id");
CREATE INDEX IF NOT EXISTS "easyaudit_crudevent_user_id_09177b54" ON "easyaudit_crudevent" ("user_id");
CREATE INDEX IF NOT EXISTS "easyaudit_crudevent_object_id_content_type_id_48e7e97f_idx" ON "easyaudit_crudevent" ("object_id", "content_type_id");
CREATE INDEX IF NOT EXISTS "easyaudit_requestevent_url_37d1b8c4" ON "easyaudit_requestevent" ("url");
CREATE INDEX IF NOT EXISTS "easyaudit_requestevent_method_83a0c884" ON "easyaudit_requestevent" ("method");
CREATE INDEX IF NOT EXISTS "easyaudit_requestevent_remote_ip_d43af9b2" ON "easyaudit_requestevent" ("remote_ip");
CREATE INDEX IF NOT EXISTS "easyaudit_requestevent_user_id_da412f45" ON "easyaudit_requestevent" ("user_id");
CREATE INDEX IF NOT EXISTS "easyaudit_requestevent_datetime_8ce2b5a3" ON "easyaudit_requestevent" ("datetime");
CREATE TABLE IF NOT EXISTS "auth_user_groups" ("id" integer NOT NULL PRIMARY KEY AUTOINCREMENT, "user_id" integer NOT NULL REFERENCES "auth_user" ("id") DEFERRABLE INITIALLY DEFERRED, "group_id" integer NOT NULL REFERENCES "auth_group" ("id") DEFERRABLE INITIALLY DEFERRED);
CREATE UNIQUE INDEX "auth_group_permissions_group_id_permission_id_0cd325b0_uniq" ON "auth_group_permissions" ("group_id", "permission_id");
CREATE INDEX IF NOT EXISTS "auth_group_permissions_group_id_b120cbf9" ON "auth_group_permissions" ("group_id");
CREATE INDEX IF NOT EXISTS "auth_group_permissions_permission_id_84c5c92e" ON "auth_group_permissions" ("permission_id");
CREATE UNIQUE INDEX "auth_permission_content_type_id_codename_01ab375a_uniq" ON "auth_permission" ("content_type_id", "codename");
CREATE INDEX IF NOT EXISTS "auth_permission_content_type_id_2f476e4b" ON "auth_permission" ("content_type_id");
CREATE UNIQUE INDEX "auth_user_groups_user_id_group_id_94350c0c_uniq" ON "auth_user_groups" ("user_id", "group_id");
CREATE INDEX IF NOT EXISTS "auth_user_groups_user_id_6a12ed8b" ON "auth_user_groups" ("user_id");
CREATE INDEX IF NOT EXISTS "auth_user_groups_group_id_97559544" ON "auth_user_groups" ("group_id");
CREATE UNIQUE INDEX "auth_user_user_permissions_user_id_permission_id_14a6b632_uniq" ON "auth_user_user_permissions" ("user_id", "permission_id");
CREATE INDEX IF NOT EXISTS "auth_user_user_permissions_user_id_a95ead1b" ON "auth_user_user_permissions" ("user_id");
CREATE INDEX IF NOT EXISTS "auth_user_user_permissions_permission_id_1fbb5f2c" ON "auth_user_user_permissions" ("permission_id");
CREATE INDEX IF NOT EXISTS "django_admin_log_content_type_id_c4bce8eb" ON "django_admin_log" ("content_type_id");
CREATE INDEX IF NOT EXISTS "django_admin_log_user_id_c564eba6" ON "django_admin_log" ("user_id");
CREATE UNIQUE INDEX "django_content_type_app_label_model_76bd3d3b_uniq" ON "django_content_type" ("app_label", "model");
CREATE INDEX IF NOT EXISTS "django_session_expire_date_a5c62663" ON "django_session" ("expire_date");
CREATE INDEX IF NOT EXISTS "jobs_education_job_post_id_0f165219" ON "jobs_academic" ("job_post_id");
CREATE INDEX IF NOT EXISTS "jobs_experience_job_post_id_5cd08f71" ON "jobs_experience" ("job_post_id");
CREATE INDEX IF NOT EXISTS "jobs_notification_user_id_bd18f659" ON "jobs_notification" ("user_id");
CREATE INDEX IF NOT EXISTS "jobs_requirement_job_post_id_fca1d1ec" ON "jobs_requirement" ("job_post_id");
CREATE INDEX IF NOT EXISTS "jobs_skill_job_post_id_c7b60021" ON "jobs_skill" ("job_post_id");
CREATE INDEX IF NOT EXISTS "profiles_attendance_employee_id_2ea8bce1" ON "profiles_attendance" ("employee_id");
CREATE INDEX IF NOT EXISTS "profiles_attendance_shift_id_a1aeffbb" ON "profiles_attendance" ("shift_id");
CREATE INDEX IF NOT EXISTS "profiles_leave_employee_id_add94add" ON "profiles_leave" ("employee_id");
CREATE INDEX IF NOT EXISTS "profiles_raise_employee_id_7a5668e3" ON "profiles_raise" ("employee_id");
CREATE INDEX IF NOT EXISTS "dashboard_backup_user_id_621d4066" ON "dashboard_backup" ("user_id");
CREATE INDEX IF NOT EXISTS "task_manager_category_user_id_3bc802b2" ON "task_manager_category" ("user_id");
CREATE INDEX IF NOT EXISTS "task_manager_task_assigned_to_id_aaf7f5f9" ON "task_manager_task" ("assigned_to_id");
CREATE INDEX IF NOT EXISTS "task_manager_task_category_id_5f4a1aed" ON "task_manager_task" ("category_id");
CREATE INDEX IF NOT EXISTS "jobs_jobpost_user_id_5b3a30c5" ON "jobs_jobpost" ("user_id");
CREATE INDEX IF NOT EXISTS "jobs_jobpost_assigned_to_id_af70298e" ON "jobs_jobpost" ("assigned_to_id");
CREATE INDEX IF NOT EXISTS "easyaudit_loginevent_remote_ip_52fb5c3c" ON "easyaudit_loginevent" ("remote_ip");
CREATE INDEX IF NOT EXISTS "easyaudit_loginevent_user_id_f47fcbfb" ON "easyaudit_loginevent" ("user_id");
CREATE INDEX IF NOT EXISTS "easyaudit_crudevent_content_type_id_618ed0c6" ON "easyaudit_crudevent" ("content_type_id");
CREATE INDEX IF NOT EXISTS "easyaudit_crudevent_user_id_09177b54" ON "easyaudit_crudevent" ("user_id");
CREATE INDEX IF NOT EXISTS "easyaudit_crudevent_object_id_content_type_id_48e7e97f_idx" ON "easyaudit_crudevent" ("object_id", "content_type_id");
CREATE INDEX IF NOT EXISTS "easyaudit_requestevent_url_37d1b8c4" ON "easyaudit_requestevent" ("url");
CREATE INDEX IF NOT EXISTS "easyaudit_requestevent_method_83a0c884" ON "easyaudit_requestevent" ("method");
CREATE INDEX IF NOT EXISTS "easyaudit_requestevent_remote_ip_d43af9b2" ON "easyaudit_requestevent" ("remote_ip");
CREATE INDEX IF NOT EXISTS "easyaudit_requestevent_user_id_da412f45" ON "easyaudit_requestevent" ("user_id");
CREATE INDEX IF NOT EXISTS "easyaudit_requestevent_datetime_8ce2b5a3" ON "easyaudit_requestevent" ("datetime");
CREATE TABLE IF NOT EXISTS "auth_user_user_permissions" ("id" integer NOT NULL PRIMARY KEY AUTOINCREMENT, "user_id" integer NOT NULL REFERENCES "auth_user" ("id") DEFERRABLE INITIALLY DEFERRED, "permission_id" integer NOT NULL REFERENCES "auth_permission" ("id") DEFERRABLE INITIALLY DEFERRED);
CREATE UNIQUE INDEX "auth_group_permissions_group_id_permission_id_0cd325b0_uniq" ON "auth_group_permissions" ("group_id", "permission_id");
CREATE INDEX IF NOT EXISTS "auth_group_permissions_group_id_b120cbf9" ON "auth_group_permissions" ("group_id");
CREATE INDEX IF NOT EXISTS "auth_group_permissions_permission_id_84c5c92e" ON "auth_group_permissions" ("permission_id");
CREATE UNIQUE INDEX "auth_permission_content_type_id_codename_01ab375a_uniq" ON "auth_permission" ("content_type_id", "codename");
CREATE INDEX IF NOT EXISTS "auth_permission_content_type_id_2f476e4b" ON "auth_permission" ("content_type_id");
CREATE UNIQUE INDEX "auth_user_groups_user_id_group_id_94350c0c_uniq" ON "auth_user_groups" ("user_id", "group_id");
CREATE INDEX IF NOT EXISTS "auth_user_groups_user_id_6a12ed8b" ON "auth_user_groups" ("user_id");
CREATE INDEX IF NOT EXISTS "auth_user_groups_group_id_97559544" ON "auth_user_groups" ("group_id");
CREATE UNIQUE INDEX "auth_user_user_permissions_user_id_permission_id_14a6b632_uniq" ON "auth_user_user_permissions" ("user_id", "permission_id");
CREATE INDEX IF NOT EXISTS "auth_user_user_permissions_user_id_a95ead1b" ON "auth_user_user_permissions" ("user_id");
CREATE INDEX IF NOT EXISTS "auth_user_user_permissions_permission_id_1fbb5f2c" ON "auth_user_user_permissions" ("permission_id");
CREATE INDEX IF NOT EXISTS "django_admin_log_content_type_id_c4bce8eb" ON "django_admin_log" ("content_type_id");
CREATE INDEX IF NOT EXISTS "django_admin_log_user_id_c564eba6" ON "django_admin_log" ("user_id");
CREATE UNIQUE INDEX "django_content_type_app_label_model_76bd3d3b_uniq" ON "django_content_type" ("app_label", "model");
CREATE INDEX IF NOT EXISTS "django_session_expire_date_a5c62663" ON "django_session" ("expire_date");
CREATE INDEX IF NOT EXISTS "jobs_education_job_post_id_0f165219" ON "jobs_academic" ("job_post_id");
CREATE INDEX IF NOT EXISTS "jobs_experience_job_post_id_5cd08f71" ON "jobs_experience" ("job_post_id");
CREATE INDEX IF NOT EXISTS "jobs_notification_user_id_bd18f659" ON "jobs_notification" ("user_id");
CREATE INDEX IF NOT EXISTS "jobs_requirement_job_post_id_fca1d1ec" ON "jobs_requirement" ("job_post_id");
CREATE INDEX IF NOT EXISTS "jobs_skill_job_post_id_c7b60021" ON "jobs_skill" ("job_post_id");
CREATE INDEX IF NOT EXISTS "profiles_attendance_employee_id_2ea8bce1" ON "profiles_attendance" ("employee_id");
CREATE INDEX IF NOT EXISTS "profiles_attendance_shift_id_a1aeffbb" ON "profiles_attendance" ("shift_id");
CREATE INDEX IF NOT EXISTS "profiles_leave_employee_id_add94add" ON "profiles_leave" ("employee_id");
CREATE INDEX IF NOT EXISTS "profiles_raise_employee_id_7a5668e3" ON "profiles_raise" ("employee_id");
CREATE INDEX IF NOT EXISTS "dashboard_backup_user_id_621d4066" ON "dashboard_backup" ("user_id");
CREATE INDEX IF NOT EXISTS "task_manager_category_user_id_3bc802b2" ON "task_manager_category" ("user_id");
CREATE INDEX IF NOT EXISTS "task_manager_task_assigned_to_id_aaf7f5f9" ON "task_manager_task" ("assigned_to_id");
CREATE INDEX IF NOT EXISTS "task_manager_task_category_id_5f4a1aed" ON "task_manager_task" ("category_id");
CREATE INDEX IF NOT EXISTS "jobs_jobpost_user_id_5b3a30c5" ON "jobs_jobpost" ("user_id");
CREATE INDEX IF NOT EXISTS "jobs_jobpost_assigned_to_id_af70298e" ON "jobs_jobpost" ("assigned_to_id");
CREATE INDEX IF NOT EXISTS "easyaudit_loginevent_remote_ip_52fb5c3c" ON "easyaudit_loginevent" ("remote_ip");
CREATE INDEX IF NOT EXISTS "easyaudit_loginevent_user_id_f47fcbfb" ON "easyaudit_loginevent" ("user_id");
CREATE INDEX IF NOT EXISTS "easyaudit_crudevent_content_type_id_618ed0c6" ON "easyaudit_crudevent" ("content_type_id");
CREATE INDEX IF NOT EXISTS "easyaudit_crudevent_user_id_09177b54" ON "easyaudit_crudevent" ("user_id");
CREATE INDEX IF NOT EXISTS "easyaudit_crudevent_object_id_content_type_id_48e7e97f_idx" ON "easyaudit_crudevent" ("object_id", "content_type_id");
CREATE INDEX IF NOT EXISTS "easyaudit_requestevent_url_37d1b8c4" ON "easyaudit_requestevent" ("url");
CREATE INDEX IF NOT EXISTS "easyaudit_requestevent_method_83a0c884" ON "easyaudit_requestevent" ("method");
CREATE INDEX IF NOT EXISTS "easyaudit_requestevent_remote_ip_d43af9b2" ON "easyaudit_requestevent" ("remote_ip");
CREATE INDEX IF NOT EXISTS "easyaudit_requestevent_user_id_da412f45" ON "easyaudit_requestevent" ("user_id");
CREATE INDEX IF NOT EXISTS "easyaudit_requestevent_datetime_8ce2b5a3" ON "easyaudit_requestevent" ("datetime");
CREATE TABLE IF NOT EXISTS "dashboard_backup" ("id" integer NOT NULL PRIMARY KEY AUTOINCREMENT, "filename" varchar(13) NOT NULL UNIQUE, "date" date NULL, "user_id" integer NOT NULL REFERENCES "auth_user" ("id") DEFERRABLE INITIALLY DEFERRED, "time" varchar(60) NOT NULL UNIQUE);
INSERT INTO "dashboard_backup" VALUES(26,'Backup-12_09_37-07_07_2024.backup','2024-07-07',1,'12:09:37');
INSERT INTO "dashboard_backup" VALUES(27,'Backup-14_25_04-09_07_2024.backup','2024-07-09',1,'14:25:04');
CREATE UNIQUE INDEX "auth_group_permissions_group_id_permission_id_0cd325b0_uniq" ON "auth_group_permissions" ("group_id", "permission_id");
CREATE INDEX IF NOT EXISTS "auth_group_permissions_group_id_b120cbf9" ON "auth_group_permissions" ("group_id");
CREATE INDEX IF NOT EXISTS "auth_group_permissions_permission_id_84c5c92e" ON "auth_group_permissions" ("permission_id");
CREATE UNIQUE INDEX "auth_permission_content_type_id_codename_01ab375a_uniq" ON "auth_permission" ("content_type_id", "codename");
CREATE INDEX IF NOT EXISTS "auth_permission_content_type_id_2f476e4b" ON "auth_permission" ("content_type_id");
CREATE UNIQUE INDEX "auth_user_groups_user_id_group_id_94350c0c_uniq" ON "auth_user_groups" ("user_id", "group_id");
CREATE INDEX IF NOT EXISTS "auth_user_groups_user_id_6a12ed8b" ON "auth_user_groups" ("user_id");
CREATE INDEX IF NOT EXISTS "auth_user_groups_group_id_97559544" ON "auth_user_groups" ("group_id");
CREATE UNIQUE INDEX "auth_user_user_permissions_user_id_permission_id_14a6b632_uniq" ON "auth_user_user_permissions" ("user_id", "permission_id");
CREATE INDEX IF NOT EXISTS "auth_user_user_permissions_user_id_a95ead1b" ON "auth_user_user_permissions" ("user_id");
CREATE INDEX IF NOT EXISTS "auth_user_user_permissions_permission_id_1fbb5f2c" ON "auth_user_user_permissions" ("permission_id");
CREATE INDEX IF NOT EXISTS "django_admin_log_content_type_id_c4bce8eb" ON "django_admin_log" ("content_type_id");
CREATE INDEX IF NOT EXISTS "django_admin_log_user_id_c564eba6" ON "django_admin_log" ("user_id");
CREATE UNIQUE INDEX "django_content_type_app_label_model_76bd3d3b_uniq" ON "django_content_type" ("app_label", "model");
CREATE INDEX IF NOT EXISTS "django_session_expire_date_a5c62663" ON "django_session" ("expire_date");
CREATE INDEX IF NOT EXISTS "jobs_education_job_post_id_0f165219" ON "jobs_academic" ("job_post_id");
CREATE INDEX IF NOT EXISTS "jobs_experience_job_post_id_5cd08f71" ON "jobs_experience" ("job_post_id");
CREATE INDEX IF NOT EXISTS "jobs_notification_user_id_bd18f659" ON "jobs_notification" ("user_id");
CREATE INDEX IF NOT EXISTS "jobs_requirement_job_post_id_fca1d1ec" ON "jobs_requirement" ("job_post_id");
CREATE INDEX IF NOT EXISTS "jobs_skill_job_post_id_c7b60021" ON "jobs_skill" ("job_post_id");
CREATE INDEX IF NOT EXISTS "profiles_attendance_employee_id_2ea8bce1" ON "profiles_attendance" ("employee_id");
CREATE INDEX IF NOT EXISTS "profiles_attendance_shift_id_a1aeffbb" ON "profiles_attendance" ("shift_id");
CREATE INDEX IF NOT EXISTS "profiles_leave_employee_id_add94add" ON "profiles_leave" ("employee_id");
CREATE INDEX IF NOT EXISTS "profiles_raise_employee_id_7a5668e3" ON "profiles_raise" ("employee_id");
CREATE INDEX IF NOT EXISTS "dashboard_backup_user_id_621d4066" ON "dashboard_backup" ("user_id");
CREATE INDEX IF NOT EXISTS "task_manager_category_user_id_3bc802b2" ON "task_manager_category" ("user_id");
CREATE INDEX IF NOT EXISTS "task_manager_task_assigned_to_id_aaf7f5f9" ON "task_manager_task" ("assigned_to_id");
CREATE INDEX IF NOT EXISTS "task_manager_task_category_id_5f4a1aed" ON "task_manager_task" ("category_id");
CREATE INDEX IF NOT EXISTS "jobs_jobpost_user_id_5b3a30c5" ON "jobs_jobpost" ("user_id");
CREATE INDEX IF NOT EXISTS "jobs_jobpost_assigned_to_id_af70298e" ON "jobs_jobpost" ("assigned_to_id");
CREATE INDEX IF NOT EXISTS "easyaudit_loginevent_remote_ip_52fb5c3c" ON "easyaudit_loginevent" ("remote_ip");
CREATE INDEX IF NOT EXISTS "easyaudit_loginevent_user_id_f47fcbfb" ON "easyaudit_loginevent" ("user_id");
CREATE INDEX IF NOT EXISTS "easyaudit_crudevent_content_type_id_618ed0c6" ON "easyaudit_crudevent" ("content_type_id");
CREATE INDEX IF NOT EXISTS "easyaudit_crudevent_user_id_09177b54" ON "easyaudit_crudevent" ("user_id");
CREATE INDEX IF NOT EXISTS "easyaudit_crudevent_object_id_content_type_id_48e7e97f_idx" ON "easyaudit_crudevent" ("object_id", "content_type_id");
CREATE INDEX IF NOT EXISTS "easyaudit_requestevent_url_37d1b8c4" ON "easyaudit_requestevent" ("url");
CREATE INDEX IF NOT EXISTS "easyaudit_requestevent_method_83a0c884" ON "easyaudit_requestevent" ("method");
CREATE INDEX IF NOT EXISTS "easyaudit_requestevent_remote_ip_d43af9b2" ON "easyaudit_requestevent" ("remote_ip");
CREATE INDEX IF NOT EXISTS "easyaudit_requestevent_user_id_da412f45" ON "easyaudit_requestevent" ("user_id");
CREATE INDEX IF NOT EXISTS "easyaudit_requestevent_datetime_8ce2b5a3" ON "easyaudit_requestevent" ("datetime");
CREATE TABLE IF NOT EXISTS "django_admin_log" ("id" integer NOT NULL PRIMARY KEY AUTOINCREMENT, "object_id" text NULL, "object_repr" varchar(200) NOT NULL, "action_flag" smallint unsigned NOT NULL CHECK ("action_flag" >= 0), "change_message" text NOT NULL, "content_type_id" integer NULL REFERENCES "django_content_type" ("id") DEFERRABLE INITIALLY DEFERRED, "user_id" integer NOT NULL REFERENCES "auth_user" ("id") DEFERRABLE INITIALLY DEFERRED, "action_time" datetime NOT NULL);
CREATE UNIQUE INDEX "auth_group_permissions_group_id_permission_id_0cd325b0_uniq" ON "auth_group_permissions" ("group_id", "permission_id");
CREATE INDEX IF NOT EXISTS "auth_group_permissions_group_id_b120cbf9" ON "auth_group_permissions" ("group_id");
CREATE INDEX IF NOT EXISTS "auth_group_permissions_permission_id_84c5c92e" ON "auth_group_permissions" ("permission_id");
CREATE UNIQUE INDEX "auth_permission_content_type_id_codename_01ab375a_uniq" ON "auth_permission" ("content_type_id", "codename");
CREATE INDEX IF NOT EXISTS "auth_permission_content_type_id_2f476e4b" ON "auth_permission" ("content_type_id");
CREATE UNIQUE INDEX "auth_user_groups_user_id_group_id_94350c0c_uniq" ON "auth_user_groups" ("user_id", "group_id");
CREATE INDEX IF NOT EXISTS "auth_user_groups_user_id_6a12ed8b" ON "auth_user_groups" ("user_id");
CREATE INDEX IF NOT EXISTS "auth_user_groups_group_id_97559544" ON "auth_user_groups" ("group_id");
CREATE UNIQUE INDEX "auth_user_user_permissions_user_id_permission_id_14a6b632_uniq" ON "auth_user_user_permissions" ("user_id", "permission_id");
CREATE INDEX IF NOT EXISTS "auth_user_user_permissions_user_id_a95ead1b" ON "auth_user_user_permissions" ("user_id");
CREATE INDEX IF NOT EXISTS "auth_user_user_permissions_permission_id_1fbb5f2c" ON "auth_user_user_permissions" ("permission_id");
CREATE INDEX IF NOT EXISTS "django_admin_log_content_type_id_c4bce8eb" ON "django_admin_log" ("content_type_id");
CREATE INDEX IF NOT EXISTS "django_admin_log_user_id_c564eba6" ON "django_admin_log" ("user_id");
CREATE UNIQUE INDEX "django_content_type_app_label_model_76bd3d3b_uniq" ON "django_content_type" ("app_label", "model");
CREATE INDEX IF NOT EXISTS "django_session_expire_date_a5c62663" ON "django_session" ("expire_date");
CREATE INDEX IF NOT EXISTS "jobs_education_job_post_id_0f165219" ON "jobs_academic" ("job_post_id");
CREATE INDEX IF NOT EXISTS "jobs_experience_job_post_id_5cd08f71" ON "jobs_experience" ("job_post_id");
CREATE INDEX IF NOT EXISTS "jobs_notification_user_id_bd18f659" ON "jobs_notification" ("user_id");
CREATE INDEX IF NOT EXISTS "jobs_requirement_job_post_id_fca1d1ec" ON "jobs_requirement" ("job_post_id");
CREATE INDEX IF NOT EXISTS "jobs_skill_job_post_id_c7b60021" ON "jobs_skill" ("job_post_id");
CREATE INDEX IF NOT EXISTS "profiles_attendance_employee_id_2ea8bce1" ON "profiles_attendance" ("employee_id");
CREATE INDEX IF NOT EXISTS "profiles_attendance_shift_id_a1aeffbb" ON "profiles_attendance" ("shift_id");
CREATE INDEX IF NOT EXISTS "profiles_leave_employee_id_add94add" ON "profiles_leave" ("employee_id");
CREATE INDEX IF NOT EXISTS "profiles_raise_employee_id_7a5668e3" ON "profiles_raise" ("employee_id");
CREATE INDEX IF NOT EXISTS "dashboard_backup_user_id_621d4066" ON "dashboard_backup" ("user_id");
CREATE INDEX IF NOT EXISTS "task_manager_category_user_id_3bc802b2" ON "task_manager_category" ("user_id");
CREATE INDEX IF NOT EXISTS "task_manager_task_assigned_to_id_aaf7f5f9" ON "task_manager_task" ("assigned_to_id");
CREATE INDEX IF NOT EXISTS "task_manager_task_category_id_5f4a1aed" ON "task_manager_task" ("category_id");
CREATE INDEX IF NOT EXISTS "jobs_jobpost_user_id_5b3a30c5" ON "jobs_jobpost" ("user_id");
CREATE INDEX IF NOT EXISTS "jobs_jobpost_assigned_to_id_af70298e" ON "jobs_jobpost" ("assigned_to_id");
CREATE INDEX IF NOT EXISTS "easyaudit_loginevent_remote_ip_52fb5c3c" ON "easyaudit_loginevent" ("remote_ip");
CREATE INDEX IF NOT EXISTS "easyaudit_loginevent_user_id_f47fcbfb" ON "easyaudit_loginevent" ("user_id");
CREATE INDEX IF NOT EXISTS "easyaudit_crudevent_content_type_id_618ed0c6" ON "easyaudit_crudevent" ("content_type_id");
CREATE INDEX IF NOT EXISTS "easyaudit_crudevent_user_id_09177b54" ON "easyaudit_crudevent" ("user_id");
CREATE INDEX IF NOT EXISTS "easyaudit_crudevent_object_id_content_type_id_48e7e97f_idx" ON "easyaudit_crudevent" ("object_id", "content_type_id");
CREATE INDEX IF NOT EXISTS "easyaudit_requestevent_url_37d1b8c4" ON "easyaudit_requestevent" ("url");
CREATE INDEX IF NOT EXISTS "easyaudit_requestevent_method_83a0c884" ON "easyaudit_requestevent" ("method");
CREATE INDEX IF NOT EXISTS "easyaudit_requestevent_remote_ip_d43af9b2" ON "easyaudit_requestevent" ("remote_ip");
CREATE INDEX IF NOT EXISTS "easyaudit_requestevent_user_id_da412f45" ON "easyaudit_requestevent" ("user_id");
CREATE INDEX IF NOT EXISTS "easyaudit_requestevent_datetime_8ce2b5a3" ON "easyaudit_requestevent" ("datetime");
CREATE TABLE IF NOT EXISTS "django_content_type" ("id" integer NOT NULL PRIMARY KEY AUTOINCREMENT, "app_label" varchar(100) NOT NULL, "model" varchar(100) NOT NULL);
INSERT INTO "django_content_type" VALUES(1,'admin','logentry');
INSERT INTO "django_content_type" VALUES(2,'auth','permission');
INSERT INTO "django_content_type" VALUES(3,'auth','group');
INSERT INTO "django_content_type" VALUES(4,'auth','user');
INSERT INTO "django_content_type" VALUES(5,'contenttypes','contenttype');
INSERT INTO "django_content_type" VALUES(6,'sessions','session');
INSERT INTO "django_content_type" VALUES(7,'profiles','profile');
INSERT INTO "django_content_type" VALUES(8,'profiles','personalinformation');
INSERT INTO "django_content_type" VALUES(9,'profiles','addressinformation');
INSERT INTO "django_content_type" VALUES(10,'profiles','profileimage');
INSERT INTO "django_content_type" VALUES(11,'profiles','staffprofile');
INSERT INTO "django_content_type" VALUES(12,'profiles','shift');
INSERT INTO "django_content_type" VALUES(13,'profiles','raise');
INSERT INTO "django_content_type" VALUES(14,'profiles','leave');
INSERT INTO "django_content_type" VALUES(15,'profiles','attendance');
INSERT INTO "django_content_type" VALUES(16,'jobs','jobpost');
INSERT INTO "django_content_type" VALUES(17,'jobs','skill');
INSERT INTO "django_content_type" VALUES(18,'jobs','requirement');
INSERT INTO "django_content_type" VALUES(19,'jobs','experience');
INSERT INTO "django_content_type" VALUES(20,'jobs','academic');
INSERT INTO "django_content_type" VALUES(21,'jobs','notification');
INSERT INTO "django_content_type" VALUES(22,'sites','site');
INSERT INTO "django_content_type" VALUES(23,'dashboard','backup');
INSERT INTO "django_content_type" VALUES(24,'task_manager','task');
INSERT INTO "django_content_type" VALUES(25,'task_manager','category');
INSERT INTO "django_content_type" VALUES(26,'easyaudit','crudevent');
INSERT INTO "django_content_type" VALUES(27,'easyaudit','loginevent');
INSERT INTO "django_content_type" VALUES(28,'easyaudit','requestevent');
CREATE UNIQUE INDEX "auth_group_permissions_group_id_permission_id_0cd325b0_uniq" ON "auth_group_permissions" ("group_id", "permission_id");
CREATE INDEX IF NOT EXISTS "auth_group_permissions_group_id_b120cbf9" ON "auth_group_permissions" ("group_id");
CREATE INDEX IF NOT EXISTS "auth_group_permissions_permission_id_84c5c92e" ON "auth_group_permissions" ("permission_id");
CREATE UNIQUE INDEX "auth_permission_content_type_id_codename_01ab375a_uniq" ON "auth_permission" ("content_type_id", "codename");
CREATE INDEX IF NOT EXISTS "auth_permission_content_type_id_2f476e4b" ON "auth_permission" ("content_type_id");
CREATE UNIQUE INDEX "auth_user_groups_user_id_group_id_94350c0c_uniq" ON "auth_user_groups" ("user_id", "group_id");
CREATE INDEX IF NOT EXISTS "auth_user_groups_user_id_6a12ed8b" ON "auth_user_groups" ("user_id");
CREATE INDEX IF NOT EXISTS "auth_user_groups_group_id_97559544" ON "auth_user_groups" ("group_id");
CREATE UNIQUE INDEX "auth_user_user_permissions_user_id_permission_id_14a6b632_uniq" ON "auth_user_user_permissions" ("user_id", "permission_id");
CREATE INDEX IF NOT EXISTS "auth_user_user_permissions_user_id_a95ead1b" ON "auth_user_user_permissions" ("user_id");
CREATE INDEX IF NOT EXISTS "auth_user_user_permissions_permission_id_1fbb5f2c" ON "auth_user_user_permissions" ("permission_id");
CREATE INDEX IF NOT EXISTS "django_admin_log_content_type_id_c4bce8eb" ON "django_admin_log" ("content_type_id");
CREATE INDEX IF NOT EXISTS "django_admin_log_user_id_c564eba6" ON "django_admin_log" ("user_id");
CREATE UNIQUE INDEX "django_content_type_app_label_model_76bd3d3b_uniq" ON "django_content_type" ("app_label", "model");
CREATE INDEX IF NOT EXISTS "django_session_expire_date_a5c62663" ON "django_session" ("expire_date");
CREATE INDEX IF NOT EXISTS "jobs_education_job_post_id_0f165219" ON "jobs_academic" ("job_post_id");
CREATE INDEX IF NOT EXISTS "jobs_experience_job_post_id_5cd08f71" ON "jobs_experience" ("job_post_id");
CREATE INDEX IF NOT EXISTS "jobs_notification_user_id_bd18f659" ON "jobs_notification" ("user_id");
CREATE INDEX IF NOT EXISTS "jobs_requirement_job_post_id_fca1d1ec" ON "jobs_requirement" ("job_post_id");
CREATE INDEX IF NOT EXISTS "jobs_skill_job_post_id_c7b60021" ON "jobs_skill" ("job_post_id");
CREATE INDEX IF NOT EXISTS "profiles_attendance_employee_id_2ea8bce1" ON "profiles_attendance" ("employee_id");
CREATE INDEX IF NOT EXISTS "profiles_attendance_shift_id_a1aeffbb" ON "profiles_attendance" ("shift_id");
CREATE INDEX IF NOT EXISTS "profiles_leave_employee_id_add94add" ON "profiles_leave" ("employee_id");
CREATE INDEX IF NOT EXISTS "profiles_raise_employee_id_7a5668e3" ON "profiles_raise" ("employee_id");
CREATE INDEX IF NOT EXISTS "dashboard_backup_user_id_621d4066" ON "dashboard_backup" ("user_id");
CREATE INDEX IF NOT EXISTS "task_manager_category_user_id_3bc802b2" ON "task_manager_category" ("user_id");
CREATE INDEX IF NOT EXISTS "task_manager_task_assigned_to_id_aaf7f5f9" ON "task_manager_task" ("assigned_to_id");
CREATE INDEX IF NOT EXISTS "task_manager_task_category_id_5f4a1aed" ON "task_manager_task" ("category_id");
CREATE INDEX IF NOT EXISTS "jobs_jobpost_user_id_5b3a30c5" ON "jobs_jobpost" ("user_id");
CREATE INDEX IF NOT EXISTS "jobs_jobpost_assigned_to_id_af70298e" ON "jobs_jobpost" ("assigned_to_id");
CREATE INDEX IF NOT EXISTS "easyaudit_loginevent_remote_ip_52fb5c3c" ON "easyaudit_loginevent" ("remote_ip");
CREATE INDEX IF NOT EXISTS "easyaudit_loginevent_user_id_f47fcbfb" ON "easyaudit_loginevent" ("user_id");
CREATE INDEX IF NOT EXISTS "easyaudit_crudevent_content_type_id_618ed0c6" ON "easyaudit_crudevent" ("content_type_id");
CREATE INDEX IF NOT EXISTS "easyaudit_crudevent_user_id_09177b54" ON "easyaudit_crudevent" ("user_id");
CREATE INDEX IF NOT EXISTS "easyaudit_crudevent_object_id_content_type_id_48e7e97f_idx" ON "easyaudit_crudevent" ("object_id", "content_type_id");
CREATE INDEX IF NOT EXISTS "easyaudit_requestevent_url_37d1b8c4" ON "easyaudit_requestevent" ("url");
CREATE INDEX IF NOT EXISTS "easyaudit_requestevent_method_83a0c884" ON "easyaudit_requestevent" ("method");
CREATE INDEX IF NOT EXISTS "easyaudit_requestevent_remote_ip_d43af9b2" ON "easyaudit_requestevent" ("remote_ip");
CREATE INDEX IF NOT EXISTS "easyaudit_requestevent_user_id_da412f45" ON "easyaudit_requestevent" ("user_id");
CREATE INDEX IF NOT EXISTS "easyaudit_requestevent_datetime_8ce2b5a3" ON "easyaudit_requestevent" ("datetime");
CREATE TABLE IF NOT EXISTS "django_migrations" ("id" integer NOT NULL PRIMARY KEY AUTOINCREMENT, "app" varchar(255) NOT NULL, "name" varchar(255) NOT NULL, "applied" datetime NOT NULL);
INSERT INTO "django_migrations" VALUES(1,'contenttypes','0001_initial','2024-06-22 13:31:20.756534');
INSERT INTO "django_migrations" VALUES(2,'auth','0001_initial','2024-06-22 13:31:20.868285');
INSERT INTO "django_migrations" VALUES(3,'admin','0001_initial','2024-06-22 13:31:20.933426');
INSERT INTO "django_migrations" VALUES(4,'admin','0002_logentry_remove_auto_add','2024-06-22 13:31:20.999085');
INSERT INTO "django_migrations" VALUES(5,'admin','0003_logentry_add_action_flag_choices','2024-06-22 13:31:21.051589');
INSERT INTO "django_migrations" VALUES(6,'contenttypes','0002_remove_content_type_name','2024-06-22 13:31:21.135212');
INSERT INTO "django_migrations" VALUES(7,'auth','0002_alter_permission_name_max_length','2024-06-22 13:31:21.198554');
INSERT INTO "django_migrations" VALUES(8,'auth','0003_alter_user_email_max_length','2024-06-22 13:31:21.261921');
INSERT INTO "django_migrations" VALUES(9,'auth','0004_alter_user_username_opts','2024-06-22 13:31:21.315013');
INSERT INTO "django_migrations" VALUES(10,'auth','0005_alter_user_last_login_null','2024-06-22 13:31:21.371533');
INSERT INTO "django_migrations" VALUES(11,'auth','0006_require_contenttypes_0002','2024-06-22 13:31:21.388355');
INSERT INTO "django_migrations" VALUES(12,'auth','0007_alter_validators_add_error_messages','2024-06-22 13:31:21.436255');
INSERT INTO "django_migrations" VALUES(13,'auth','0008_alter_user_username_max_length','2024-06-22 13:31:21.499643');
INSERT INTO "django_migrations" VALUES(14,'auth','0009_alter_user_last_name_max_length','2024-06-22 13:31:21.559727');
INSERT INTO "django_migrations" VALUES(15,'auth','0010_alter_group_name_max_length','2024-06-22 13:31:21.617516');
INSERT INTO "django_migrations" VALUES(16,'auth','0011_update_proxy_permissions','2024-06-22 13:31:21.668091');
INSERT INTO "django_migrations" VALUES(17,'auth','0012_alter_user_first_name_max_length','2024-06-22 13:31:21.733937');
INSERT INTO "django_migrations" VALUES(18,'authenticate','0001_initial','2024-06-22 13:31:21.762435');
INSERT INTO "django_migrations" VALUES(19,'authenticate','0002_userprofile_delete_userprfoile','2024-06-22 13:31:21.798247');
INSERT INTO "django_migrations" VALUES(20,'authenticate','0003_user_delete_userprofile','2024-06-22 13:31:21.899761');
INSERT INTO "django_migrations" VALUES(21,'authenticate','0004_rename_user_users','2024-06-22 13:31:22.010947');
INSERT INTO "django_migrations" VALUES(22,'authenticate','0005_profile_delete_users','2024-06-22 13:31:22.072214');
INSERT INTO "django_migrations" VALUES(23,'authenticate','0006_profile_age_profile_gender','2024-06-22 13:31:22.152374');
INSERT INTO "django_migrations" VALUES(24,'authenticate','0007_profile_is_verified_personalinformation_and_more','2024-06-22 13:31:22.270276');
INSERT INTO "django_migrations" VALUES(25,'authenticate','0008_addressinformation_street_address_line1_and_more','2024-06-22 13:31:22.368289');
INSERT INTO "django_migrations" VALUES(26,'authenticate','0009_remove_personalinformation_user_remove_profile_user_and_more','2024-06-22 13:31:22.468071');
INSERT INTO "django_migrations" VALUES(27,'jobs','0001_initial','2024-06-22 13:31:22.667550');
INSERT INTO "django_migrations" VALUES(28,'jobs','0002_rename_education_academic_and_more','2024-06-22 13:31:22.924389');
INSERT INTO "django_migrations" VALUES(29,'jobs','0003_alter_jobpost_user','2024-06-22 13:31:22.995487');
INSERT INTO "django_migrations" VALUES(30,'jobs','0004_jobpost_status','2024-06-22 13:31:23.072464');
INSERT INTO "django_migrations" VALUES(31,'jobs','0005_jobpost_is_complete','2024-06-22 13:31:23.165011');
INSERT INTO "django_migrations" VALUES(32,'jobs','0006_alter_academic_job_post_alter_experience_job_post_and_more','2024-06-22 13:31:23.317942');
INSERT INTO "django_migrations" VALUES(33,'jobs','0007_alter_experience_duration_and_more','2024-06-22 13:31:23.407971');
INSERT INTO "django_migrations" VALUES(34,'jobs','0008_jobpost_is_approved_alter_jobpost_status','2024-06-22 13:31:23.522663');
INSERT INTO "django_migrations" VALUES(35,'jobs','0009_alter_jobpost_status_notification','2024-06-22 13:31:23.646626');
INSERT INTO "django_migrations" VALUES(36,'jobs','0010_alter_jobpost_user','2024-06-22 13:31:23.737615');
INSERT INTO "django_migrations" VALUES(37,'profiles','0001_initial','2024-06-22 13:31:23.946981');
INSERT INTO "django_migrations" VALUES(38,'profiles','0002_alter_addressinformation_city_and_more','2024-06-22 13:31:24.311000');
INSERT INTO "django_migrations" VALUES(39,'profiles','0003_profile_uuid','2024-06-22 13:31:24.393584');
INSERT INTO "django_migrations" VALUES(40,'profiles','0004_profileimage','2024-06-22 13:31:24.493905');
INSERT INTO "django_migrations" VALUES(41,'profiles','0005_staffprofile','2024-06-22 13:31:24.621053');
INSERT INTO "django_migrations" VALUES(42,'profiles','0006_shift_raise_leave_attendance','2024-06-22 13:31:25.035288');
INSERT INTO "django_migrations" VALUES(43,'profiles','0007_alter_shift_end_time_alter_shift_start_time','2024-06-22 13:31:25.178116');
INSERT INTO "django_migrations" VALUES(44,'sessions','0001_initial','2024-06-22 13:31:25.225816');
INSERT INTO "django_migrations" VALUES(45,'profiles','0008_shift_working_hours','2024-06-22 16:12:13.908424');
INSERT INTO "django_migrations" VALUES(46,'profiles','0009_leave_seen','2024-06-23 00:37:41.724825');
INSERT INTO "django_migrations" VALUES(47,'profiles','0010_rename_late_attendance_minutes_attendance_is_late_and_more','2024-06-23 16:55:16.786976');
INSERT INTO "django_migrations" VALUES(48,'profiles','0011_remove_shift_status_attendance_active','2024-06-23 16:55:16.921106');
INSERT INTO "django_migrations" VALUES(49,'profiles','0012_alter_attendance_date','2024-06-24 14:35:56.181872');
INSERT INTO "django_migrations" VALUES(50,'sites','0001_initial','2024-06-24 14:35:56.190185');
INSERT INTO "django_migrations" VALUES(51,'sites','0002_alter_domain_unique','2024-06-24 14:35:56.205602');
INSERT INTO "django_migrations" VALUES(52,'profiles','0013_addressinformation_town','2024-06-28 10:45:10.087110');
INSERT INTO "django_migrations" VALUES(53,'profiles','0014_remove_addressinformation_town','2024-06-28 10:45:10.198276');
INSERT INTO "django_migrations" VALUES(54,'profiles','0015_profile_disability_profile_dob_and_more','2024-06-28 11:22:37.332330');
INSERT INTO "django_migrations" VALUES(55,'dashboard','0001_initial','2024-06-28 16:51:34.789854');
INSERT INTO "django_migrations" VALUES(56,'dashboard','0002_alter_backup_user','2024-06-28 16:58:35.529905');
INSERT INTO "django_migrations" VALUES(57,'dashboard','0003_alter_backup_time','2024-06-28 17:01:54.676658');
INSERT INTO "django_migrations" VALUES(58,'task_manager','0001_initial','2024-07-01 20:58:34.193965');
INSERT INTO "django_migrations" VALUES(59,'task_manager','0002_task_is_complete','2024-07-02 14:04:51.202592');
INSERT INTO "django_migrations" VALUES(60,'jobs','0011_jobpost_assigned_to','2024-07-03 15:57:51.670615');
INSERT INTO "django_migrations" VALUES(61,'jobs','0012_alter_jobpost_assigned_to','2024-07-03 15:57:51.808647');
INSERT INTO "django_migrations" VALUES(62,'easyaudit','0001_initial','2024-07-05 17:49:28.831076');
INSERT INTO "django_migrations" VALUES(63,'easyaudit','0002_auto_20170125_0759','2024-07-05 17:49:29.028244');
INSERT INTO "django_migrations" VALUES(64,'easyaudit','0003_auto_20170228_1505','2024-07-05 17:49:29.207612');
INSERT INTO "django_migrations" VALUES(65,'easyaudit','0004_auto_20170620_1354','2024-07-05 17:49:29.314574');
INSERT INTO "django_migrations" VALUES(66,'easyaudit','0005_auto_20170713_1155','2024-07-05 17:49:29.423149');
INSERT INTO "django_migrations" VALUES(67,'easyaudit','0006_auto_20171018_1242','2024-07-05 17:49:29.642304');
INSERT INTO "django_migrations" VALUES(68,'easyaudit','0007_auto_20180105_0838','2024-07-05 17:49:29.923201');
INSERT INTO "django_migrations" VALUES(69,'easyaudit','0008_auto_20180220_1908','2024-07-05 17:49:30.141040');
INSERT INTO "django_migrations" VALUES(70,'easyaudit','0009_auto_20180314_2225','2024-07-05 17:49:30.356227');
INSERT INTO "django_migrations" VALUES(71,'easyaudit','0010_repr_text','2024-07-05 17:49:30.505766');
INSERT INTO "django_migrations" VALUES(72,'easyaudit','0011_auto_20181101_1339','2024-07-05 17:49:30.638934');
INSERT INTO "django_migrations" VALUES(73,'easyaudit','0012_auto_20181018_0012','2024-07-05 17:49:31.039252');
INSERT INTO "django_migrations" VALUES(74,'easyaudit','0013_auto_20190723_0126','2024-07-05 17:49:31.290126');
INSERT INTO "django_migrations" VALUES(75,'easyaudit','0014_auto_20200513_0008','2024-07-05 17:49:31.618527');
INSERT INTO "django_migrations" VALUES(76,'easyaudit','0015_auto_20201019_1217','2024-07-05 17:49:32.951428');
INSERT INTO "django_migrations" VALUES(77,'easyaudit','0016_alter_crudevent_event_type','2024-07-05 17:49:33.045227');
INSERT INTO "django_migrations" VALUES(78,'easyaudit','0017_alter_requestevent_datetime','2024-07-05 17:49:33.160674');
CREATE UNIQUE INDEX "auth_group_permissions_group_id_permission_id_0cd325b0_uniq" ON "auth_group_permissions" ("group_id", "permission_id");
CREATE INDEX IF NOT EXISTS "auth_group_permissions_group_id_b120cbf9" ON "auth_group_permissions" ("group_id");
CREATE INDEX IF NOT EXISTS "auth_group_permissions_permission_id_84c5c92e" ON "auth_group_permissions" ("permission_id");
CREATE UNIQUE INDEX "auth_permission_content_type_id_codename_01ab375a_uniq" ON "auth_permission" ("content_type_id", "codename");
CREATE INDEX IF NOT EXISTS "auth_permission_content_type_id_2f476e4b" ON "auth_permission" ("content_type_id");
CREATE UNIQUE INDEX "auth_user_groups_user_id_group_id_94350c0c_uniq" ON "auth_user_groups" ("user_id", "group_id");
CREATE INDEX IF NOT EXISTS "auth_user_groups_user_id_6a12ed8b" ON "auth_user_groups" ("user_id");
CREATE INDEX IF NOT EXISTS "auth_user_groups_group_id_97559544" ON "auth_user_groups" ("group_id");
CREATE UNIQUE INDEX "auth_user_user_permissions_user_id_permission_id_14a6b632_uniq" ON "auth_user_user_permissions" ("user_id", "permission_id");
CREATE INDEX IF NOT EXISTS "auth_user_user_permissions_user_id_a95ead1b" ON "auth_user_user_permissions" ("user_id");
CREATE INDEX IF NOT EXISTS "auth_user_user_permissions_permission_id_1fbb5f2c" ON "auth_user_user_permissions" ("permission_id");
CREATE INDEX IF NOT EXISTS "django_admin_log_content_type_id_c4bce8eb" ON "django_admin_log" ("content_type_id");
CREATE INDEX IF NOT EXISTS "django_admin_log_user_id_c564eba6" ON "django_admin_log" ("user_id");
CREATE UNIQUE INDEX "django_content_type_app_label_model_76bd3d3b_uniq" ON "django_content_type" ("app_label", "model");
CREATE INDEX IF NOT EXISTS "django_session_expire_date_a5c62663" ON "django_session" ("expire_date");
CREATE INDEX IF NOT EXISTS "jobs_education_job_post_id_0f165219" ON "jobs_academic" ("job_post_id");
CREATE INDEX IF NOT EXISTS "jobs_experience_job_post_id_5cd08f71" ON "jobs_experience" ("job_post_id");
CREATE INDEX IF NOT EXISTS "jobs_notification_user_id_bd18f659" ON "jobs_notification" ("user_id");
CREATE INDEX IF NOT EXISTS "jobs_requirement_job_post_id_fca1d1ec" ON "jobs_requirement" ("job_post_id");
CREATE INDEX IF NOT EXISTS "jobs_skill_job_post_id_c7b60021" ON "jobs_skill" ("job_post_id");
CREATE INDEX IF NOT EXISTS "profiles_attendance_employee_id_2ea8bce1" ON "profiles_attendance" ("employee_id");
CREATE INDEX IF NOT EXISTS "profiles_attendance_shift_id_a1aeffbb" ON "profiles_attendance" ("shift_id");
CREATE INDEX IF NOT EXISTS "profiles_leave_employee_id_add94add" ON "profiles_leave" ("employee_id");
CREATE INDEX IF NOT EXISTS "profiles_raise_employee_id_7a5668e3" ON "profiles_raise" ("employee_id");
CREATE INDEX IF NOT EXISTS "dashboard_backup_user_id_621d4066" ON "dashboard_backup" ("user_id");
CREATE INDEX IF NOT EXISTS "task_manager_category_user_id_3bc802b2" ON "task_manager_category" ("user_id");
CREATE INDEX IF NOT EXISTS "task_manager_task_assigned_to_id_aaf7f5f9" ON "task_manager_task" ("assigned_to_id");
CREATE INDEX IF NOT EXISTS "task_manager_task_category_id_5f4a1aed" ON "task_manager_task" ("category_id");
CREATE INDEX IF NOT EXISTS "jobs_jobpost_user_id_5b3a30c5" ON "jobs_jobpost" ("user_id");
CREATE INDEX IF NOT EXISTS "jobs_jobpost_assigned_to_id_af70298e" ON "jobs_jobpost" ("assigned_to_id");
CREATE INDEX IF NOT EXISTS "easyaudit_loginevent_remote_ip_52fb5c3c" ON "easyaudit_loginevent" ("remote_ip");
CREATE INDEX IF NOT EXISTS "easyaudit_loginevent_user_id_f47fcbfb" ON "easyaudit_loginevent" ("user_id");
CREATE INDEX IF NOT EXISTS "easyaudit_crudevent_content_type_id_618ed0c6" ON "easyaudit_crudevent" ("content_type_id");
CREATE INDEX IF NOT EXISTS "easyaudit_crudevent_user_id_09177b54" ON "easyaudit_crudevent" ("user_id");
CREATE INDEX IF NOT EXISTS "easyaudit_crudevent_object_id_content_type_id_48e7e97f_idx" ON "easyaudit_crudevent" ("object_id", "content_type_id");
CREATE INDEX IF NOT EXISTS "easyaudit_requestevent_url_37d1b8c4" ON "easyaudit_requestevent" ("url");
CREATE INDEX IF NOT EXISTS "easyaudit_requestevent_method_83a0c884" ON "easyaudit_requestevent" ("method");
CREATE INDEX IF NOT EXISTS "easyaudit_requestevent_remote_ip_d43af9b2" ON "easyaudit_requestevent" ("remote_ip");
CREATE INDEX IF NOT EXISTS "easyaudit_requestevent_user_id_da412f45" ON "easyaudit_requestevent" ("user_id");
CREATE INDEX IF NOT EXISTS "easyaudit_requestevent_datetime_8ce2b5a3" ON "easyaudit_requestevent" ("datetime");
CREATE TABLE IF NOT EXISTS "django_session" ("session_key" varchar(40) NOT NULL PRIMARY KEY, "session_data" text NOT NULL, "expire_date" datetime NOT NULL);
INSERT INTO "django_session" VALUES('ght26z7u6l1ryw52m8gmygkeub9oc3ww','.eJxVjEEOwiAQRe_C2hAGKgMu3fcMzQCDVA0kpV0Z765NutDtf-_9l5hoW8u0dV6mOYmLAHH63QLFB9cdpDvVW5Ox1XWZg9wVedAux5b4eT3cv4NCvXxrY2xyYCDmwBkNOkbNwXvW5JCy9wNpUGATZYfgNAzKokU6e9RZKyPeH9hrNvY:1sL2us:oH0n6lowu0edxJ7FT9iz60j7qR00U7Le81R4LAIGmgs','2024-07-06 15:44:38.946291');
INSERT INTO "django_session" VALUES('6l5iyhsx6f00l5drm8evzd8qgioe5ilz','.eJxVjEEOwiAQRe_C2hAGKgMu3fcMzQCDVA0kpV0Z765NutDtf-_9l5hoW8u0dV6mOYmLAHH63QLFB9cdpDvVW5Ox1XWZg9wVedAux5b4eT3cv4NCvXxrY2xyYCDmwBkNOkbNwXvW5JCy9wNpUGATZYfgNAzKokU6e9RZKyPeH9hrNvY:1sLBFW:N8330RqhCgsJ3sZP1mrhQrx3mml54jWzmDa91kbzs4g','2024-07-07 00:38:30.390182');
INSERT INTO "django_session" VALUES('g4qy45cjcrq3s2v4syz31nql8bm62dgk','.eJxVjDsOwjAQBe_iGln2Zv2jpOcMlj9rHEC2FCcV4u4QKQW0b2bei_mwrdVvgxY_Z3ZmwE6_WwzpQW0H-R7arfPU27rMke8KP-jg157peTncv4MaRv3WQqIWIKNx6BIISwhIOlqnp6IkmKwJjUCllU1gJ5VIORCxZBVcMTGz9wefnzbE:1sLcyz:z1RUQZV1s5k-94GgkgjgkGBtlblNe656NGdXxnEfYCw','2024-07-08 06:15:17.760645');
INSERT INTO "django_session" VALUES('6bdy811dczl7o7uh3c30ptx9vnzs1leo','.eJxVjDsOwjAQBe_iGln2Zv2jpOcMlj9rHEC2FCcV4u4QKQW0b2bei_mwrdVvgxY_Z3ZmwE6_WwzpQW0H-R7arfPU27rMke8KP-jg157peTncv4MaRv3WQqIWIKNx6BIISwhIOlqnp6IkmKwJjUCllU1gJ5VIORCxZBVcMTGz9wefnzbE:1sLimx:4eUokATS5h9eXlFX2-0F9Fzi3ulsNC-2Gu_DlCq_Gpk','2024-07-08 12:27:15.785065');
INSERT INTO "django_session" VALUES('naqwc7t6x2yruf3ea534cua1cwiehqew','.eJxVjMEOwiAQRP-FsyFAW-h69N5vIAu7SNVAUtqT8d9tkx70OPPezFt43Nbst8aLn0lcRS8uv13A-ORyAHpguVcZa1mXOchDkSdtcqrEr9vp_h1kbHlfx5ECD85FbULALgFYsqSNVYldUsqCNqT2gIzRQdcFGCNrQDOk3hCLzxcAAjiX:1sMSWU:2Lc8JQi-VeHhqnIPik0XHBfjSKlMUlwRgzlZoWbOzhk','2024-07-10 13:17:18.467642');
INSERT INTO "django_session" VALUES('sk5lksih6e9n3zgiac1rm8nwrttub2im','.eJxVjDsOwjAQBe_iGln2Zv2jpOcMlj9rHEC2FCcV4u4QKQW0b2bei_mwrdVvgxY_Z3ZmwE6_WwzpQW0H-R7arfPU27rMke8KP-jg157peTncv4MaRv3WQqIWIKNx6BIISwhIOlqnp6IkmKwJjUCllU1gJ5VIORCxZBVcMTGz9wefnzbE:1sOJra:TA7nztDKbh9NpWVyALffcGTwBwZYiQ80N_V4uFMZZD8','2024-07-15 16:26:46.714244');
INSERT INTO "django_session" VALUES('sq4l9dqa8lcchwpp3k36kaj7ihkqmj88','.eJxVjEEOwiAQRe_C2hAGKgMu3fcMzQCDVA0kpV0Z765NutDtf-_9l5hoW8u0dV6mOYmLAHH63QLFB9cdpDvVW5Ox1XWZg9wVedAux5b4eT3cv4NCvXxrY2xyYCDmwBkNOkbNwXvW5JCy9wNpUGATZYfgNAzKokU6e9RZKyPeH9hrNvY:1sOzrY:GIWDUWc7NHqjuR60sZmXh68paT_W2Srwt1PVs4MPUEg','2024-07-17 13:17:32.875684');
INSERT INTO "django_session" VALUES('47dn2kn403q72lt6v2yqcm8ocyf91oq5','.eJxVjEEOwiAQRe_C2hAGKgMu3fcMzQCDVA0kpV0Z765NutDtf-_9l5hoW8u0dV6mOYmLAHH63QLFB9cdpDvVW5Ox1XWZg9wVedAux5b4eT3cv4NCvXxrY2xyYCDmwBkNOkbNwXvW5JCy9wNpUGATZYfgNAzKokU6e9RZKyPeH9hrNvY:1sPn9N:NJ2dXs83Fpv1S5HUCLiqpijJimpbU0DFOTqLxRY0_0g','2024-07-19 17:55:13.141660');
INSERT INTO "django_session" VALUES('6tj96huy79rnm7s0mhg8xhcmx96ovn9o','.eJxVjEEOwiAQRe_C2hAGKgMu3fcMzQCDVA0kpV0Z765NutDtf-_9l5hoW8u0dV6mOYmLAHH63QLFB9cdpDvVW5Ox1XWZg9wVedAux5b4eT3cv4NCvXxrY2xyYCDmwBkNOkbNwXvW5JCy9wNpUGATZYfgNAzKokU6e9RZKyPeH9hrNvY:1sQQo6:365f-XL07avC75Q6HIHnqPMvp37BDfckbarOrY3KArs','2024-07-21 12:15:54.337776');
CREATE UNIQUE INDEX "auth_group_permissions_group_id_permission_id_0cd325b0_uniq" ON "auth_group_permissions" ("group_id", "permission_id");
CREATE INDEX IF NOT EXISTS "auth_group_permissions_group_id_b120cbf9" ON "auth_group_permissions" ("group_id");
CREATE INDEX IF NOT EXISTS "auth_group_permissions_permission_id_84c5c92e" ON "auth_group_permissions" ("permission_id");
CREATE UNIQUE INDEX "auth_permission_content_type_id_codename_01ab375a_uniq" ON "auth_permission" ("content_type_id", "codename");
CREATE INDEX IF NOT EXISTS "auth_permission_content_type_id_2f476e4b" ON "auth_permission" ("content_type_id");
CREATE UNIQUE INDEX "auth_user_groups_user_id_group_id_94350c0c_uniq" ON "auth_user_groups" ("user_id", "group_id");
CREATE INDEX IF NOT EXISTS "auth_user_groups_user_id_6a12ed8b" ON "auth_user_groups" ("user_id");
CREATE INDEX IF NOT EXISTS "auth_user_groups_group_id_97559544" ON "auth_user_groups" ("group_id");
CREATE UNIQUE INDEX "auth_user_user_permissions_user_id_permission_id_14a6b632_uniq" ON "auth_user_user_permissions" ("user_id", "permission_id");
CREATE INDEX IF NOT EXISTS "auth_user_user_permissions_user_id_a95ead1b" ON "auth_user_user_permissions" ("user_id");
CREATE INDEX IF NOT EXISTS "auth_user_user_permissions_permission_id_1fbb5f2c" ON "auth_user_user_permissions" ("permission_id");
CREATE INDEX IF NOT EXISTS "django_admin_log_content_type_id_c4bce8eb" ON "django_admin_log" ("content_type_id");
CREATE INDEX IF NOT EXISTS "django_admin_log_user_id_c564eba6" ON "django_admin_log" ("user_id");
CREATE UNIQUE INDEX "django_content_type_app_label_model_76bd3d3b_uniq" ON "django_content_type" ("app_label", "model");
CREATE INDEX IF NOT EXISTS "django_session_expire_date_a5c62663" ON "django_session" ("expire_date");
CREATE INDEX IF NOT EXISTS "jobs_education_job_post_id_0f165219" ON "jobs_academic" ("job_post_id");
CREATE INDEX IF NOT EXISTS "jobs_experience_job_post_id_5cd08f71" ON "jobs_experience" ("job_post_id");
CREATE INDEX IF NOT EXISTS "jobs_notification_user_id_bd18f659" ON "jobs_notification" ("user_id");
CREATE INDEX IF NOT EXISTS "jobs_requirement_job_post_id_fca1d1ec" ON "jobs_requirement" ("job_post_id");
CREATE INDEX IF NOT EXISTS "jobs_skill_job_post_id_c7b60021" ON "jobs_skill" ("job_post_id");
CREATE INDEX IF NOT EXISTS "profiles_attendance_employee_id_2ea8bce1" ON "profiles_attendance" ("employee_id");
CREATE INDEX IF NOT EXISTS "profiles_attendance_shift_id_a1aeffbb" ON "profiles_attendance" ("shift_id");
CREATE INDEX IF NOT EXISTS "profiles_leave_employee_id_add94add" ON "profiles_leave" ("employee_id");
CREATE INDEX IF NOT EXISTS "profiles_raise_employee_id_7a5668e3" ON "profiles_raise" ("employee_id");
CREATE INDEX IF NOT EXISTS "dashboard_backup_user_id_621d4066" ON "dashboard_backup" ("user_id");
CREATE INDEX IF NOT EXISTS "task_manager_category_user_id_3bc802b2" ON "task_manager_category" ("user_id");
CREATE INDEX IF NOT EXISTS "task_manager_task_assigned_to_id_aaf7f5f9" ON "task_manager_task" ("assigned_to_id");
CREATE INDEX IF NOT EXISTS "task_manager_task_category_id_5f4a1aed" ON "task_manager_task" ("category_id");
CREATE INDEX IF NOT EXISTS "jobs_jobpost_user_id_5b3a30c5" ON "jobs_jobpost" ("user_id");
CREATE INDEX IF NOT EXISTS "jobs_jobpost_assigned_to_id_af70298e" ON "jobs_jobpost" ("assigned_to_id");
CREATE INDEX IF NOT EXISTS "easyaudit_loginevent_remote_ip_52fb5c3c" ON "easyaudit_loginevent" ("remote_ip");
CREATE INDEX IF NOT EXISTS "easyaudit_loginevent_user_id_f47fcbfb" ON "easyaudit_loginevent" ("user_id");
CREATE INDEX IF NOT EXISTS "easyaudit_crudevent_content_type_id_618ed0c6" ON "easyaudit_crudevent" ("content_type_id");
CREATE INDEX IF NOT EXISTS "easyaudit_crudevent_user_id_09177b54" ON "easyaudit_crudevent" ("user_id");
CREATE INDEX IF NOT EXISTS "easyaudit_crudevent_object_id_content_type_id_48e7e97f_idx" ON "easyaudit_crudevent" ("object_id", "content_type_id");
CREATE INDEX IF NOT EXISTS "easyaudit_requestevent_url_37d1b8c4" ON "easyaudit_requestevent" ("url");
CREATE INDEX IF NOT EXISTS "easyaudit_requestevent_method_83a0c884" ON "easyaudit_requestevent" ("method");
CREATE INDEX IF NOT EXISTS "easyaudit_requestevent_remote_ip_d43af9b2" ON "easyaudit_requestevent" ("remote_ip");
CREATE INDEX IF NOT EXISTS "easyaudit_requestevent_user_id_da412f45" ON "easyaudit_requestevent" ("user_id");
CREATE INDEX IF NOT EXISTS "easyaudit_requestevent_datetime_8ce2b5a3" ON "easyaudit_requestevent" ("datetime");
CREATE TABLE IF NOT EXISTS "django_site" ("id" integer NOT NULL PRIMARY KEY AUTOINCREMENT, "name" varchar(50) NOT NULL, "domain" varchar(100) NOT NULL UNIQUE);
INSERT INTO "django_site" VALUES(1,'example.com','example.com');
CREATE UNIQUE INDEX "auth_group_permissions_group_id_permission_id_0cd325b0_uniq" ON "auth_group_permissions" ("group_id", "permission_id");
CREATE INDEX IF NOT EXISTS "auth_group_permissions_group_id_b120cbf9" ON "auth_group_permissions" ("group_id");
CREATE INDEX IF NOT EXISTS "auth_group_permissions_permission_id_84c5c92e" ON "auth_group_permissions" ("permission_id");
CREATE UNIQUE INDEX "auth_permission_content_type_id_codename_01ab375a_uniq" ON "auth_permission" ("content_type_id", "codename");
CREATE INDEX IF NOT EXISTS "auth_permission_content_type_id_2f476e4b" ON "auth_permission" ("content_type_id");
CREATE UNIQUE INDEX "auth_user_groups_user_id_group_id_94350c0c_uniq" ON "auth_user_groups" ("user_id", "group_id");
CREATE INDEX IF NOT EXISTS "auth_user_groups_user_id_6a12ed8b" ON "auth_user_groups" ("user_id");
CREATE INDEX IF NOT EXISTS "auth_user_groups_group_id_97559544" ON "auth_user_groups" ("group_id");
CREATE UNIQUE INDEX "auth_user_user_permissions_user_id_permission_id_14a6b632_uniq" ON "auth_user_user_permissions" ("user_id", "permission_id");
CREATE INDEX IF NOT EXISTS "auth_user_user_permissions_user_id_a95ead1b" ON "auth_user_user_permissions" ("user_id");
CREATE INDEX IF NOT EXISTS "auth_user_user_permissions_permission_id_1fbb5f2c" ON "auth_user_user_permissions" ("permission_id");
CREATE INDEX IF NOT EXISTS "django_admin_log_content_type_id_c4bce8eb" ON "django_admin_log" ("content_type_id");
CREATE INDEX IF NOT EXISTS "django_admin_log_user_id_c564eba6" ON "django_admin_log" ("user_id");
CREATE UNIQUE INDEX "django_content_type_app_label_model_76bd3d3b_uniq" ON "django_content_type" ("app_label", "model");
CREATE INDEX IF NOT EXISTS "django_session_expire_date_a5c62663" ON "django_session" ("expire_date");
CREATE INDEX IF NOT EXISTS "jobs_education_job_post_id_0f165219" ON "jobs_academic" ("job_post_id");
CREATE INDEX IF NOT EXISTS "jobs_experience_job_post_id_5cd08f71" ON "jobs_experience" ("job_post_id");
CREATE INDEX IF NOT EXISTS "jobs_notification_user_id_bd18f659" ON "jobs_notification" ("user_id");
CREATE INDEX IF NOT EXISTS "jobs_requirement_job_post_id_fca1d1ec" ON "jobs_requirement" ("job_post_id");
CREATE INDEX IF NOT EXISTS "jobs_skill_job_post_id_c7b60021" ON "jobs_skill" ("job_post_id");
CREATE INDEX IF NOT EXISTS "profiles_attendance_employee_id_2ea8bce1" ON "profiles_attendance" ("employee_id");
CREATE INDEX IF NOT EXISTS "profiles_attendance_shift_id_a1aeffbb" ON "profiles_attendance" ("shift_id");
CREATE INDEX IF NOT EXISTS "profiles_leave_employee_id_add94add" ON "profiles_leave" ("employee_id");
CREATE INDEX IF NOT EXISTS "profiles_raise_employee_id_7a5668e3" ON "profiles_raise" ("employee_id");
CREATE INDEX IF NOT EXISTS "dashboard_backup_user_id_621d4066" ON "dashboard_backup" ("user_id");
CREATE INDEX IF NOT EXISTS "task_manager_category_user_id_3bc802b2" ON "task_manager_category" ("user_id");
CREATE INDEX IF NOT EXISTS "task_manager_task_assigned_to_id_aaf7f5f9" ON "task_manager_task" ("assigned_to_id");
CREATE INDEX IF NOT EXISTS "task_manager_task_category_id_5f4a1aed" ON "task_manager_task" ("category_id");
CREATE INDEX IF NOT EXISTS "jobs_jobpost_user_id_5b3a30c5" ON "jobs_jobpost" ("user_id");
CREATE INDEX IF NOT EXISTS "jobs_jobpost_assigned_to_id_af70298e" ON "jobs_jobpost" ("assigned_to_id");
CREATE INDEX IF NOT EXISTS "easyaudit_loginevent_remote_ip_52fb5c3c" ON "easyaudit_loginevent" ("remote_ip");
CREATE INDEX IF NOT EXISTS "easyaudit_loginevent_user_id_f47fcbfb" ON "easyaudit_loginevent" ("user_id");
CREATE INDEX IF NOT EXISTS "easyaudit_crudevent_content_type_id_618ed0c6" ON "easyaudit_crudevent" ("content_type_id");
CREATE INDEX IF NOT EXISTS "easyaudit_crudevent_user_id_09177b54" ON "easyaudit_crudevent" ("user_id");
CREATE INDEX IF NOT EXISTS "easyaudit_crudevent_object_id_content_type_id_48e7e97f_idx" ON "easyaudit_crudevent" ("object_id", "content_type_id");
CREATE INDEX IF NOT EXISTS "easyaudit_requestevent_url_37d1b8c4" ON "easyaudit_requestevent" ("url");
CREATE INDEX IF NOT EXISTS "easyaudit_requestevent_method_83a0c884" ON "easyaudit_requestevent" ("method");
CREATE INDEX IF NOT EXISTS "easyaudit_requestevent_remote_ip_d43af9b2" ON "easyaudit_requestevent" ("remote_ip");
CREATE INDEX IF NOT EXISTS "easyaudit_requestevent_user_id_da412f45" ON "easyaudit_requestevent" ("user_id");
CREATE INDEX IF NOT EXISTS "easyaudit_requestevent_datetime_8ce2b5a3" ON "easyaudit_requestevent" ("datetime");
CREATE TABLE IF NOT EXISTS "easyaudit_crudevent" ("id" integer NOT NULL PRIMARY KEY AUTOINCREMENT, "event_type" smallint NOT NULL, "object_repr" text NULL, "object_json_repr" text NULL, "datetime" datetime NOT NULL, "content_type_id" integer NOT NULL, "user_id" integer NULL, "user_pk_as_string" varchar(255) NULL, "changed_fields" text NULL, "object_id" varchar(255) NOT NULL);
INSERT INTO "easyaudit_crudevent" VALUES(79,2,'Task test task from Category programming','[{"model": "task_manager.task", "pk": 21, "fields": {"name": "test task", "category": 6, "assigned_to": 6, "priority": "high", "description": "nothing here", "date": "2024-07-05T17:51:57.601Z", "is_complete": true}}]','2024-07-07 12:26:15.626988',24,1,'1','{"is_complete": ["False", "True"]}','21');
INSERT INTO "easyaudit_crudevent" VALUES(80,3,'Notification for Data Analyst Job Vacancy','[{"model": "jobs.notification", "pk": 19, "fields": {"user": 2, "action": "Submitted Job for Approval", "job_title": "Data Analyst", "status": "pending", "timestamp": "2024-07-04T15:32:35.109Z", "is_seen": false}}]','2024-07-07 12:29:02.981413',21,1,'1',NULL,'19');
INSERT INTO "easyaudit_crudevent" VALUES(81,3,'Notification for Data Analyst Job Vacancy','[{"model": "jobs.notification", "pk": 20, "fields": {"user": 2, "action": "Job Approval", "job_title": "Data Analyst", "status": "open", "timestamp": "2024-07-04T15:33:38.237Z", "is_seen": false}}]','2024-07-07 12:29:06.807068',21,1,'1',NULL,'20');
INSERT INTO "easyaudit_crudevent" VALUES(82,1,'Category private, Owned by : admin@mictseta.com','[{"model": "task_manager.category", "pk": 8, "fields": {"name": "private", "date": "2024-07-07T12:30:08.834Z", "user": 1}}]','2024-07-07 12:30:08.891695',25,1,'1',NULL,'8');
INSERT INTO "easyaudit_crudevent" VALUES(83,2,'Category private-task, Owned by : admin@mictseta.com','[{"model": "task_manager.category", "pk": 8, "fields": {"name": "private-task", "date": "2024-07-07T12:30:08.834Z", "user": 1}}]','2024-07-07 12:31:08.220312',25,1,'1','{"name": ["private", "private-task"]}','8');
INSERT INTO "easyaudit_crudevent" VALUES(84,2,'Task new vacancy from Category stunt','[{"model": "task_manager.task", "pk": 15, "fields": {"name": "new vacancy", "category": 5, "assigned_to": 5, "priority": "medium", "description": "Add a new Job Vacancy for the position, IT Consultant. ", "date": "2024-07-04T16:05:41.708Z", "is_complete": false}}]','2024-07-07 12:32:31.094726',24,1,'1','{"category": ["Category Jobs, Owned by : admin@mictseta.com", "Category stunt, Owned by : admin@mictseta.com"], "priority": ["high", "medium"]}','15');
INSERT INTO "easyaudit_crudevent" VALUES(85,2,'Task ''Changed assignment'''' from Category ''private-task''','[{"model": "task_manager.task", "pk": 14, "fields": {"name": "Changed assignment", "category": 8, "assigned_to": 6, "priority": "low", "description": "The job -> programming , has been assigned to you, so complete the job details and submit it for approval then wait for further instructions", "date": "2024-07-04T16:03:48.327Z", "is_complete": false}}]','2024-07-07 12:35:41.901808',24,1,'1','{"name": ["New assignment", "Changed assignment"], "category": ["''programming'' category ", "''private-task'' category "], "priority": ["medium", "low"], "description": ["The job -> programming , has been assigned to you, so complete the job details and submit it for approval", "The job -> programming , has been assigned to you, so complete the job details and submit it for approval then wait for further instructions"]}','14');
INSERT INTO "easyaudit_crudevent" VALUES(86,3,'Task <b>''approve job''</b>'' from Category ''Jobs''','[{"model": "task_manager.task", "pk": 10, "fields": {"name": "approve job", "category": 4, "assigned_to": 2, "priority": "high", "description": "approve Mike Tysons vacancy - app developer, but check for typo''s and errors  ", "date": "2024-07-03T13:21:06.810Z", "is_complete": true}}]','2024-07-07 12:37:30.162027',24,1,'1',NULL,'10');
INSERT INTO "easyaudit_crudevent" VALUES(87,2,'Task <b>''edit job vacancy''</b>'' from Category ''programming''','[{"model": "task_manager.task", "pk": 16, "fields": {"name": "edit job vacancy", "category": 6, "assigned_to": 6, "priority": "high", "description": "After adding the new job -> IT consultant, complete the details and submit it for approval", "date": "2024-07-04T16:11:45.865Z", "is_complete": false}}]','2024-07-07 12:38:04.219354',24,1,'1','{"category": ["<b>''Jobs''</b> category ", "<b>''programming''</b> category "], "priority": ["low", "high"], "description": ["After adding the new job -> IT consultant, complete its details and submit it for approval", "After adding the new job -> IT consultant, complete the details and submit it for approval"]}','16');
INSERT INTO "easyaudit_crudevent" VALUES(88,2,'Professional Stunt man  Job Vacancy, owened by : Admin Account','[{"model": "jobs.jobpost", "pk": 8, "fields": {"user": 1, "assigned_to": 7, "title": "Professional Stunt man ", "description": "looking for a  professional stunt man to do our entertaining stunts ", "start_date": "2024-07-04T15:58:28.203Z", "end_date": "2024-07-12T00:00:00Z", "location": "Cape Town", "salary_range": "R50,000 - R60,000", "job_type": "Remote", "industry": "Stunts", "company_name": "MICTSETA", "status": "pending", "is_complete": true, "is_approved": false}}]','2024-07-09 14:21:25.409264',16,1,'1','{"status": ["waiting", "pending"], "is_complete": ["False", "True"]}','8');
INSERT INTO "easyaudit_crudevent" VALUES(89,1,'Notification for Professional Stunt man  Job Vacancy','[{"model": "jobs.notification", "pk": 23, "fields": {"user": 1, "action": "Submitted Job for Approval", "job_title": "Professional Stunt man ", "status": "pending", "timestamp": "2024-07-09T14:21:25.468Z", "is_seen": false}}]','2024-07-09 14:21:25.491908',21,1,'1',NULL,'23');
INSERT INTO "easyaudit_crudevent" VALUES(90,2,'Notification for Professional Stunt man  Job Vacancy','[{"model": "jobs.notification", "pk": 23, "fields": {"user": 1, "action": "Submitted Job for Approval", "job_title": "Professional Stunt man ", "status": "pending", "timestamp": "2024-07-09T14:21:25.468Z", "is_seen": false}}]','2024-07-09 14:21:25.524958',21,1,'1','null','23');
INSERT INTO "easyaudit_crudevent" VALUES(91,2,'Professional Stunt man  Job Vacancy, owened by : Admin Account','[{"model": "jobs.jobpost", "pk": 8, "fields": {"user": 1, "assigned_to": 7, "title": "Professional Stunt man ", "description": "looking for a  professional stunt man to do our entertaining stunts ", "start_date": "2024-07-04T15:58:28.203Z", "end_date": "2024-07-12T00:00:00Z", "location": "Cape Town", "salary_range": "R50,000 - R60,000", "job_type": "Remote", "industry": "Stunts", "company_name": "MICTSETA", "status": "open", "is_complete": true, "is_approved": true}}]','2024-07-09 14:22:08.307385',16,1,'1','{"status": ["pending", "open"], "is_approved": ["False", "True"]}','8');
INSERT INTO "easyaudit_crudevent" VALUES(92,1,'Notification for Professional Stunt man  Job Vacancy','[{"model": "jobs.notification", "pk": 24, "fields": {"user": 1, "action": "Job Approval", "job_title": "Professional Stunt man ", "status": "open", "timestamp": "2024-07-09T14:22:08.379Z", "is_seen": false}}]','2024-07-09 14:22:08.414532',21,1,'1',NULL,'24');
INSERT INTO "easyaudit_crudevent" VALUES(93,2,'Notification for Professional Stunt man  Job Vacancy','[{"model": "jobs.notification", "pk": 24, "fields": {"user": 1, "action": "Job Approval", "job_title": "Professional Stunt man ", "status": "open", "timestamp": "2024-07-09T14:22:08.379Z", "is_seen": false}}]','2024-07-09 14:22:08.450040',21,1,'1','null','24');
INSERT INTO "easyaudit_crudevent" VALUES(94,1,'admin@mictseta.com Backed up Database','[{"model": "dashboard.backup", "pk": 27, "fields": {"user": 1, "filename": "Backup-14_25_04-09_07_2024.backup", "date": "2024-07-09", "time": "14:25:04"}}]','2024-07-09 14:25:04.992684',23,1,'1',NULL,'27');
CREATE UNIQUE INDEX "auth_group_permissions_group_id_permission_id_0cd325b0_uniq" ON "auth_group_permissions" ("group_id", "permission_id");
CREATE INDEX IF NOT EXISTS "auth_group_permissions_group_id_b120cbf9" ON "auth_group_permissions" ("group_id");
CREATE INDEX IF NOT EXISTS "auth_group_permissions_permission_id_84c5c92e" ON "auth_group_permissions" ("permission_id");
CREATE UNIQUE INDEX "auth_permission_content_type_id_codename_01ab375a_uniq" ON "auth_permission" ("content_type_id", "codename");
CREATE INDEX IF NOT EXISTS "auth_permission_content_type_id_2f476e4b" ON "auth_permission" ("content_type_id");
CREATE UNIQUE INDEX "auth_user_groups_user_id_group_id_94350c0c_uniq" ON "auth_user_groups" ("user_id", "group_id");
CREATE INDEX IF NOT EXISTS "auth_user_groups_user_id_6a12ed8b" ON "auth_user_groups" ("user_id");
CREATE INDEX IF NOT EXISTS "auth_user_groups_group_id_97559544" ON "auth_user_groups" ("group_id");
CREATE UNIQUE INDEX "auth_user_user_permissions_user_id_permission_id_14a6b632_uniq" ON "auth_user_user_permissions" ("user_id", "permission_id");
CREATE INDEX IF NOT EXISTS "auth_user_user_permissions_user_id_a95ead1b" ON "auth_user_user_permissions" ("user_id");
CREATE INDEX IF NOT EXISTS "auth_user_user_permissions_permission_id_1fbb5f2c" ON "auth_user_user_permissions" ("permission_id");
CREATE INDEX IF NOT EXISTS "django_admin_log_content_type_id_c4bce8eb" ON "django_admin_log" ("content_type_id");
CREATE INDEX IF NOT EXISTS "django_admin_log_user_id_c564eba6" ON "django_admin_log" ("user_id");
CREATE UNIQUE INDEX "django_content_type_app_label_model_76bd3d3b_uniq" ON "django_content_type" ("app_label", "model");
CREATE INDEX IF NOT EXISTS "django_session_expire_date_a5c62663" ON "django_session" ("expire_date");
CREATE INDEX IF NOT EXISTS "jobs_education_job_post_id_0f165219" ON "jobs_academic" ("job_post_id");
CREATE INDEX IF NOT EXISTS "jobs_experience_job_post_id_5cd08f71" ON "jobs_experience" ("job_post_id");
CREATE INDEX IF NOT EXISTS "jobs_notification_user_id_bd18f659" ON "jobs_notification" ("user_id");
CREATE INDEX IF NOT EXISTS "jobs_requirement_job_post_id_fca1d1ec" ON "jobs_requirement" ("job_post_id");
CREATE INDEX IF NOT EXISTS "jobs_skill_job_post_id_c7b60021" ON "jobs_skill" ("job_post_id");
CREATE INDEX IF NOT EXISTS "profiles_attendance_employee_id_2ea8bce1" ON "profiles_attendance" ("employee_id");
CREATE INDEX IF NOT EXISTS "profiles_attendance_shift_id_a1aeffbb" ON "profiles_attendance" ("shift_id");
CREATE INDEX IF NOT EXISTS "profiles_leave_employee_id_add94add" ON "profiles_leave" ("employee_id");
CREATE INDEX IF NOT EXISTS "profiles_raise_employee_id_7a5668e3" ON "profiles_raise" ("employee_id");
CREATE INDEX IF NOT EXISTS "dashboard_backup_user_id_621d4066" ON "dashboard_backup" ("user_id");
CREATE INDEX IF NOT EXISTS "task_manager_category_user_id_3bc802b2" ON "task_manager_category" ("user_id");
CREATE INDEX IF NOT EXISTS "task_manager_task_assigned_to_id_aaf7f5f9" ON "task_manager_task" ("assigned_to_id");
CREATE INDEX IF NOT EXISTS "task_manager_task_category_id_5f4a1aed" ON "task_manager_task" ("category_id");
CREATE INDEX IF NOT EXISTS "jobs_jobpost_user_id_5b3a30c5" ON "jobs_jobpost" ("user_id");
CREATE INDEX IF NOT EXISTS "jobs_jobpost_assigned_to_id_af70298e" ON "jobs_jobpost" ("assigned_to_id");
CREATE INDEX IF NOT EXISTS "easyaudit_loginevent_remote_ip_52fb5c3c" ON "easyaudit_loginevent" ("remote_ip");
CREATE INDEX IF NOT EXISTS "easyaudit_loginevent_user_id_f47fcbfb" ON "easyaudit_loginevent" ("user_id");
CREATE INDEX IF NOT EXISTS "easyaudit_crudevent_content_type_id_618ed0c6" ON "easyaudit_crudevent" ("content_type_id");
CREATE INDEX IF NOT EXISTS "easyaudit_crudevent_user_id_09177b54" ON "easyaudit_crudevent" ("user_id");
CREATE INDEX IF NOT EXISTS "easyaudit_crudevent_object_id_content_type_id_48e7e97f_idx" ON "easyaudit_crudevent" ("object_id", "content_type_id");
CREATE INDEX IF NOT EXISTS "easyaudit_requestevent_url_37d1b8c4" ON "easyaudit_requestevent" ("url");
CREATE INDEX IF NOT EXISTS "easyaudit_requestevent_method_83a0c884" ON "easyaudit_requestevent" ("method");
CREATE INDEX IF NOT EXISTS "easyaudit_requestevent_remote_ip_d43af9b2" ON "easyaudit_requestevent" ("remote_ip");
CREATE INDEX IF NOT EXISTS "easyaudit_requestevent_user_id_da412f45" ON "easyaudit_requestevent" ("user_id");
CREATE INDEX IF NOT EXISTS "easyaudit_requestevent_datetime_8ce2b5a3" ON "easyaudit_requestevent" ("datetime");
CREATE TABLE IF NOT EXISTS "easyaudit_loginevent" ("id" integer NOT NULL PRIMARY KEY AUTOINCREMENT, "login_type" smallint NOT NULL, "username" varchar(255) NULL, "datetime" datetime NOT NULL, "remote_ip" varchar(50) NULL, "user_id" integer NULL);
INSERT INTO "easyaudit_loginevent" VALUES(1,1,'mike','2024-07-05 17:50:17.871356','127.0.0.1',5);
INSERT INTO "easyaudit_loginevent" VALUES(2,0,'admin','2024-07-05 17:50:24.721097','127.0.0.1',1);
INSERT INTO "easyaudit_loginevent" VALUES(3,1,'admin','2024-07-05 17:54:51.588296','127.0.0.1',1);
INSERT INTO "easyaudit_loginevent" VALUES(4,0,'admin','2024-07-05 17:55:13.124824','127.0.0.1',1);
INSERT INTO "easyaudit_loginevent" VALUES(5,1,'admin','2024-07-07 12:10:48.888873','127.0.0.1',1);
INSERT INTO "easyaudit_loginevent" VALUES(6,0,'chan','2024-07-07 12:11:24.936083','127.0.0.1',7);
INSERT INTO "easyaudit_loginevent" VALUES(7,1,'chan','2024-07-07 12:15:47.391895','127.0.0.1',7);
INSERT INTO "easyaudit_loginevent" VALUES(8,0,'admin','2024-07-07 12:15:54.321320','127.0.0.1',1);
CREATE UNIQUE INDEX "auth_group_permissions_group_id_permission_id_0cd325b0_uniq" ON "auth_group_permissions" ("group_id", "permission_id");
CREATE INDEX IF NOT EXISTS "auth_group_permissions_group_id_b120cbf9" ON "auth_group_permissions" ("group_id");
CREATE INDEX IF NOT EXISTS "auth_group_permissions_permission_id_84c5c92e" ON "auth_group_permissions" ("permission_id");
CREATE UNIQUE INDEX "auth_permission_content_type_id_codename_01ab375a_uniq" ON "auth_permission" ("content_type_id", "codename");
CREATE INDEX IF NOT EXISTS "auth_permission_content_type_id_2f476e4b" ON "auth_permission" ("content_type_id");
CREATE UNIQUE INDEX "auth_user_groups_user_id_group_id_94350c0c_uniq" ON "auth_user_groups" ("user_id", "group_id");
CREATE INDEX IF NOT EXISTS "auth_user_groups_user_id_6a12ed8b" ON "auth_user_groups" ("user_id");
CREATE INDEX IF NOT EXISTS "auth_user_groups_group_id_97559544" ON "auth_user_groups" ("group_id");
CREATE UNIQUE INDEX "auth_user_user_permissions_user_id_permission_id_14a6b632_uniq" ON "auth_user_user_permissions" ("user_id", "permission_id");
CREATE INDEX IF NOT EXISTS "auth_user_user_permissions_user_id_a95ead1b" ON "auth_user_user_permissions" ("user_id");
CREATE INDEX IF NOT EXISTS "auth_user_user_permissions_permission_id_1fbb5f2c" ON "auth_user_user_permissions" ("permission_id");
CREATE INDEX IF NOT EXISTS "django_admin_log_content_type_id_c4bce8eb" ON "django_admin_log" ("content_type_id");
CREATE INDEX IF NOT EXISTS "django_admin_log_user_id_c564eba6" ON "django_admin_log" ("user_id");
CREATE UNIQUE INDEX "django_content_type_app_label_model_76bd3d3b_uniq" ON "django_content_type" ("app_label", "model");
CREATE INDEX IF NOT EXISTS "django_session_expire_date_a5c62663" ON "django_session" ("expire_date");
CREATE INDEX IF NOT EXISTS "jobs_education_job_post_id_0f165219" ON "jobs_academic" ("job_post_id");
CREATE INDEX IF NOT EXISTS "jobs_experience_job_post_id_5cd08f71" ON "jobs_experience" ("job_post_id");
CREATE INDEX IF NOT EXISTS "jobs_notification_user_id_bd18f659" ON "jobs_notification" ("user_id");
CREATE INDEX IF NOT EXISTS "jobs_requirement_job_post_id_fca1d1ec" ON "jobs_requirement" ("job_post_id");
CREATE INDEX IF NOT EXISTS "jobs_skill_job_post_id_c7b60021" ON "jobs_skill" ("job_post_id");
CREATE INDEX IF NOT EXISTS "profiles_attendance_employee_id_2ea8bce1" ON "profiles_attendance" ("employee_id");
CREATE INDEX IF NOT EXISTS "profiles_attendance_shift_id_a1aeffbb" ON "profiles_attendance" ("shift_id");
CREATE INDEX IF NOT EXISTS "profiles_leave_employee_id_add94add" ON "profiles_leave" ("employee_id");
CREATE INDEX IF NOT EXISTS "profiles_raise_employee_id_7a5668e3" ON "profiles_raise" ("employee_id");
CREATE INDEX IF NOT EXISTS "dashboard_backup_user_id_621d4066" ON "dashboard_backup" ("user_id");
CREATE INDEX IF NOT EXISTS "task_manager_category_user_id_3bc802b2" ON "task_manager_category" ("user_id");
CREATE INDEX IF NOT EXISTS "task_manager_task_assigned_to_id_aaf7f5f9" ON "task_manager_task" ("assigned_to_id");
CREATE INDEX IF NOT EXISTS "task_manager_task_category_id_5f4a1aed" ON "task_manager_task" ("category_id");
CREATE INDEX IF NOT EXISTS "jobs_jobpost_user_id_5b3a30c5" ON "jobs_jobpost" ("user_id");
CREATE INDEX IF NOT EXISTS "jobs_jobpost_assigned_to_id_af70298e" ON "jobs_jobpost" ("assigned_to_id");
CREATE INDEX IF NOT EXISTS "easyaudit_loginevent_remote_ip_52fb5c3c" ON "easyaudit_loginevent" ("remote_ip");
CREATE INDEX IF NOT EXISTS "easyaudit_loginevent_user_id_f47fcbfb" ON "easyaudit_loginevent" ("user_id");
CREATE INDEX IF NOT EXISTS "easyaudit_crudevent_content_type_id_618ed0c6" ON "easyaudit_crudevent" ("content_type_id");
CREATE INDEX IF NOT EXISTS "easyaudit_crudevent_user_id_09177b54" ON "easyaudit_crudevent" ("user_id");
CREATE INDEX IF NOT EXISTS "easyaudit_crudevent_object_id_content_type_id_48e7e97f_idx" ON "easyaudit_crudevent" ("object_id", "content_type_id");
CREATE INDEX IF NOT EXISTS "easyaudit_requestevent_url_37d1b8c4" ON "easyaudit_requestevent" ("url");
CREATE INDEX IF NOT EXISTS "easyaudit_requestevent_method_83a0c884" ON "easyaudit_requestevent" ("method");
CREATE INDEX IF NOT EXISTS "easyaudit_requestevent_remote_ip_d43af9b2" ON "easyaudit_requestevent" ("remote_ip");
CREATE INDEX IF NOT EXISTS "easyaudit_requestevent_user_id_da412f45" ON "easyaudit_requestevent" ("user_id");
CREATE INDEX IF NOT EXISTS "easyaudit_requestevent_datetime_8ce2b5a3" ON "easyaudit_requestevent" ("datetime");
CREATE TABLE IF NOT EXISTS "easyaudit_requestevent" ("id" integer NOT NULL PRIMARY KEY AUTOINCREMENT, "url" varchar(254) NOT NULL, "method" varchar(20) NOT NULL, "query_string" text NULL, "remote_ip" varchar(50) NULL, "user_id" integer NULL, "datetime" datetime NOT NULL);
INSERT INTO "easyaudit_requestevent" VALUES(1,'/dashboard/view_jobs/','GET','','127.0.0.1',5,'2024-07-05 17:49:54.400353');
INSERT INTO "easyaudit_requestevent" VALUES(2,'/auth/log_out/','GET','','127.0.0.1',5,'2024-07-05 17:50:17.832636');
INSERT INTO "easyaudit_requestevent" VALUES(3,'/auth/authenticates/','GET','','127.0.0.1',NULL,'2024-07-05 17:50:17.969393');
INSERT INTO "easyaudit_requestevent" VALUES(4,'/auth/sign_in/','POST','','127.0.0.1',NULL,'2024-07-05 17:50:23.277534');
INSERT INTO "easyaudit_requestevent" VALUES(5,'/','GET','','127.0.0.1',1,'2024-07-05 17:50:24.825305');
INSERT INTO "easyaudit_requestevent" VALUES(6,'/dashboard/','GET','','127.0.0.1',1,'2024-07-05 17:50:30.303464');
INSERT INTO "easyaudit_requestevent" VALUES(7,'/dashboard/task_manager','GET','','127.0.0.1',1,'2024-07-05 17:50:39.235232');
INSERT INTO "easyaudit_requestevent" VALUES(8,'/taskmanager/create_task/','POST','','127.0.0.1',1,'2024-07-05 17:51:57.522707');
INSERT INTO "easyaudit_requestevent" VALUES(9,'/dashboard/task_manager','GET','','127.0.0.1',1,'2024-07-05 17:51:57.763538');
INSERT INTO "easyaudit_requestevent" VALUES(10,'/dashboard/admin','GET','','127.0.0.1',1,'2024-07-05 17:52:17.529093');
INSERT INTO "easyaudit_requestevent" VALUES(11,'/dashboard/admin/','GET','','127.0.0.1',1,'2024-07-05 17:52:25.872082');
INSERT INTO "easyaudit_requestevent" VALUES(12,'/','GET','','127.0.0.1',NULL,'2024-07-05 17:55:06.811021');
INSERT INTO "easyaudit_requestevent" VALUES(13,'/auth/authenticates/','GET','','127.0.0.1',NULL,'2024-07-05 17:55:09.343844');
INSERT INTO "easyaudit_requestevent" VALUES(14,'/auth/sign_in/','POST','','127.0.0.1',NULL,'2024-07-05 17:55:11.659936');
INSERT INTO "easyaudit_requestevent" VALUES(15,'/','GET','','127.0.0.1',1,'2024-07-05 17:55:13.223880');
INSERT INTO "easyaudit_requestevent" VALUES(16,'/dashboard/','GET','','127.0.0.1',1,'2024-07-05 17:55:17.442948');
INSERT INTO "easyaudit_requestevent" VALUES(17,'/dashboard/add_job/','GET','','127.0.0.1',1,'2024-07-05 18:09:41.291788');
INSERT INTO "easyaudit_requestevent" VALUES(18,'/dashboard/view_staff/','GET','','127.0.0.1',1,'2024-07-05 18:09:45.160616');
INSERT INTO "easyaudit_requestevent" VALUES(19,'/dashboard/task_manager','GET','','127.0.0.1',1,'2024-07-05 18:09:48.309341');
INSERT INTO "easyaudit_requestevent" VALUES(20,'/taskmanager/update_task/','POST','','127.0.0.1',1,'2024-07-05 18:10:04.554492');
INSERT INTO "easyaudit_requestevent" VALUES(21,'/dashboard/task_manager','GET','','127.0.0.1',1,'2024-07-05 18:10:04.816598');
INSERT INTO "easyaudit_requestevent" VALUES(22,'/','GET','','127.0.0.1',1,'2024-07-06 10:15:13.374112');
INSERT INTO "easyaudit_requestevent" VALUES(23,'/dashboard/','GET','','127.0.0.1',1,'2024-07-06 10:15:20.074184');
INSERT INTO "easyaudit_requestevent" VALUES(24,'/dashboard/crud_events/','GET','','127.0.0.1',1,'2024-07-06 10:15:31.010544');
INSERT INTO "easyaudit_requestevent" VALUES(25,'/dashboard/crud_events/','GET','','127.0.0.1',1,'2024-07-06 10:19:43.438388');
INSERT INTO "easyaudit_requestevent" VALUES(26,'/dashboard/crud_events/','GET','','127.0.0.1',1,'2024-07-06 10:21:12.397481');
INSERT INTO "easyaudit_requestevent" VALUES(27,'/dashboard/crud_events/','GET','','127.0.0.1',1,'2024-07-06 10:21:48.749657');
INSERT INTO "easyaudit_requestevent" VALUES(28,'/dashboard/crud_events/','GET','','127.0.0.1',1,'2024-07-06 10:21:56.207457');
INSERT INTO "easyaudit_requestevent" VALUES(29,'/dashboard/task_manager/','GET','','127.0.0.1',1,'2024-07-06 10:21:58.201163');
INSERT INTO "easyaudit_requestevent" VALUES(30,'/dashboard/login_events/','GET','','127.0.0.1',1,'2024-07-06 10:22:02.364581');
INSERT INTO "easyaudit_requestevent" VALUES(31,'/dashboard/login_events/','GET','','127.0.0.1',1,'2024-07-06 10:24:20.102918');
INSERT INTO "easyaudit_requestevent" VALUES(32,'/','GET','','127.0.0.1',1,'2024-07-06 10:24:32.688583');
INSERT INTO "easyaudit_requestevent" VALUES(33,'/jobseeker/job_seeker_dashboard','GET','','127.0.0.1',1,'2024-07-06 10:24:35.069419');
INSERT INTO "easyaudit_requestevent" VALUES(34,'/jobseeker/job_seeker_dashboard','GET','','127.0.0.1',1,'2024-07-06 10:28:12.724051');
INSERT INTO "easyaudit_requestevent" VALUES(35,'/jobseeker/job_details/','GET','','127.0.0.1',1,'2024-07-06 10:28:15.011638');
INSERT INTO "easyaudit_requestevent" VALUES(36,'/jobseeker/job_seeker_dashboard','GET','','127.0.0.1',1,'2024-07-06 10:28:57.454890');
INSERT INTO "easyaudit_requestevent" VALUES(37,'/jobseeker/job_details/','GET','','127.0.0.1',1,'2024-07-06 10:28:59.576604');
INSERT INTO "easyaudit_requestevent" VALUES(38,'/jobseeker/supporting_documents/','GET','','127.0.0.1',1,'2024-07-06 10:29:02.073060');
INSERT INTO "easyaudit_requestevent" VALUES(39,'/jobseeker/job_details/','GET','','127.0.0.1',1,'2024-07-06 10:29:03.310308');
INSERT INTO "easyaudit_requestevent" VALUES(40,'/jobseeker/job_details/','GET','','127.0.0.1',1,'2024-07-06 10:29:26.102675');
INSERT INTO "easyaudit_requestevent" VALUES(41,'/','GET','','127.0.0.1',1,'2024-07-06 10:30:27.967987');
INSERT INTO "easyaudit_requestevent" VALUES(42,'/','GET','','127.0.0.1',1,'2024-07-06 10:30:30.196522');
INSERT INTO "easyaudit_requestevent" VALUES(43,'/','GET','','127.0.0.1',1,'2024-07-06 10:30:32.307687');
INSERT INTO "easyaudit_requestevent" VALUES(44,'/','GET','','127.0.0.1',1,'2024-07-06 10:30:39.236802');
INSERT INTO "easyaudit_requestevent" VALUES(45,'/','GET','','127.0.0.1',1,'2024-07-06 10:30:40.162711');
INSERT INTO "easyaudit_requestevent" VALUES(46,'/','GET','','127.0.0.1',1,'2024-07-06 10:30:41.116701');
INSERT INTO "easyaudit_requestevent" VALUES(47,'/','GET','','127.0.0.1',1,'2024-07-06 10:32:30.428666');
INSERT INTO "easyaudit_requestevent" VALUES(48,'/','GET','','127.0.0.1',1,'2024-07-06 10:32:31.531315');
INSERT INTO "easyaudit_requestevent" VALUES(49,'/','GET','','127.0.0.1',1,'2024-07-06 10:32:33.233705');
INSERT INTO "easyaudit_requestevent" VALUES(50,'/','GET','','127.0.0.1',1,'2024-07-06 10:32:34.659230');
INSERT INTO "easyaudit_requestevent" VALUES(51,'/','GET','','127.0.0.1',1,'2024-07-06 10:32:35.793529');
INSERT INTO "easyaudit_requestevent" VALUES(52,'/','GET','','127.0.0.1',1,'2024-07-06 10:32:36.832621');
INSERT INTO "easyaudit_requestevent" VALUES(53,'/','GET','','127.0.0.1',1,'2024-07-06 10:32:38.080937');
INSERT INTO "easyaudit_requestevent" VALUES(54,'/','GET','','127.0.0.1',1,'2024-07-06 10:32:39.154275');
INSERT INTO "easyaudit_requestevent" VALUES(55,'/','GET','','127.0.0.1',1,'2024-07-06 10:32:40.994327');
INSERT INTO "easyaudit_requestevent" VALUES(56,'/','GET','','127.0.0.1',1,'2024-07-06 10:32:42.704089');
INSERT INTO "easyaudit_requestevent" VALUES(57,'/','GET','','127.0.0.1',1,'2024-07-06 10:32:44.034375');
INSERT INTO "easyaudit_requestevent" VALUES(58,'/','GET','','127.0.0.1',1,'2024-07-06 10:32:45.316995');
INSERT INTO "easyaudit_requestevent" VALUES(59,'/','GET','','127.0.0.1',1,'2024-07-06 10:32:46.737807');
INSERT INTO "easyaudit_requestevent" VALUES(60,'/','GET','','127.0.0.1',1,'2024-07-06 10:32:48.533090');
INSERT INTO "easyaudit_requestevent" VALUES(61,'/dashboard/crud_events/','GET','','127.0.0.1',1,'2024-07-06 10:32:57.906657');
INSERT INTO "easyaudit_requestevent" VALUES(62,'/dashboard/login_events/','GET','','127.0.0.1',1,'2024-07-06 10:33:02.141566');
INSERT INTO "easyaudit_requestevent" VALUES(63,'/dashboard/task_manager/','GET','','127.0.0.1',1,'2024-07-06 10:33:12.168929');
INSERT INTO "easyaudit_requestevent" VALUES(64,'/dashboard/manage_attendance/','GET','','127.0.0.1',1,'2024-07-06 10:33:13.892616');
INSERT INTO "easyaudit_requestevent" VALUES(65,'/dashboard/manage_attendance/','GET','','127.0.0.1',1,'2024-07-06 10:34:59.591320');
INSERT INTO "easyaudit_requestevent" VALUES(66,'/dashboard/manage_attendance/','GET','','127.0.0.1',1,'2024-07-06 10:36:47.551814');
INSERT INTO "easyaudit_requestevent" VALUES(67,'/dashboard/manage_attendance/','GET','','127.0.0.1',1,'2024-07-06 10:37:43.435635');
INSERT INTO "easyaudit_requestevent" VALUES(68,'/dashboard/manage_attendance/','GET','','127.0.0.1',1,'2024-07-06 10:37:58.375363');
INSERT INTO "easyaudit_requestevent" VALUES(69,'/dashboard/crud_events/','GET','','127.0.0.1',1,'2024-07-06 10:38:09.543191');
INSERT INTO "easyaudit_requestevent" VALUES(70,'/dashboard/task_manager/','GET','','127.0.0.1',1,'2024-07-06 10:38:11.790451');
INSERT INTO "easyaudit_requestevent" VALUES(71,'/dashboard/task_manager/','GET','','127.0.0.1',1,'2024-07-06 10:38:13.116920');
INSERT INTO "easyaudit_requestevent" VALUES(72,'/dashboard/login_events/','GET','','127.0.0.1',1,'2024-07-06 10:38:17.786865');
INSERT INTO "easyaudit_requestevent" VALUES(73,'/dashboard/login_events/','GET','','127.0.0.1',1,'2024-07-06 10:46:39.074909');
INSERT INTO "easyaudit_requestevent" VALUES(74,'/dashboard/login_events/','GET','','127.0.0.1',1,'2024-07-06 10:48:38.215698');
INSERT INTO "easyaudit_requestevent" VALUES(75,'/dashboard/login_events/','GET','','127.0.0.1',1,'2024-07-06 10:50:01.610863');
INSERT INTO "easyaudit_requestevent" VALUES(76,'/dashboard/login_events/','GET','','127.0.0.1',1,'2024-07-06 10:51:15.975055');
INSERT INTO "easyaudit_requestevent" VALUES(77,'/dashboard/login_events/','GET','','127.0.0.1',1,'2024-07-06 10:51:33.803028');
INSERT INTO "easyaudit_requestevent" VALUES(78,'/dashboard/login_events/','GET','','127.0.0.1',1,'2024-07-06 11:10:34.005301');
INSERT INTO "easyaudit_requestevent" VALUES(79,'/dashboard/login_events/','GET','','127.0.0.1',1,'2024-07-06 11:11:04.017919');
INSERT INTO "easyaudit_requestevent" VALUES(80,'/dashboard/login_events/','GET','','127.0.0.1',1,'2024-07-06 11:11:36.928458');
INSERT INTO "easyaudit_requestevent" VALUES(81,'/dashboard/login_events/','GET','','127.0.0.1',1,'2024-07-06 11:12:13.163442');
INSERT INTO "easyaudit_requestevent" VALUES(82,'/dashboard/login_events/','GET','','127.0.0.1',1,'2024-07-06 11:19:20.790869');
INSERT INTO "easyaudit_requestevent" VALUES(83,'/dashboard/login_events/','GET','','127.0.0.1',1,'2024-07-06 11:21:58.101056');
INSERT INTO "easyaudit_requestevent" VALUES(84,'/dashboard/login_events/','GET','','127.0.0.1',1,'2024-07-06 11:23:08.726309');
INSERT INTO "easyaudit_requestevent" VALUES(85,'/dashboard/login_events/','GET','','127.0.0.1',1,'2024-07-06 11:28:03.237934');
INSERT INTO "easyaudit_requestevent" VALUES(86,'/dashboard/login_events/','GET','','127.0.0.1',1,'2024-07-06 11:28:49.723309');
INSERT INTO "easyaudit_requestevent" VALUES(87,'/dashboard/login_events/','GET','','127.0.0.1',1,'2024-07-06 11:31:25.373512');
INSERT INTO "easyaudit_requestevent" VALUES(88,'/dashboard/login_events/','GET','','127.0.0.1',1,'2024-07-06 11:31:43.889693');
INSERT INTO "easyaudit_requestevent" VALUES(89,'/dashboard/login_events/','GET','','127.0.0.1',1,'2024-07-06 11:40:24.358557');
INSERT INTO "easyaudit_requestevent" VALUES(90,'/dashboard/add_staff_page/','GET','','127.0.0.1',1,'2024-07-06 11:40:27.437575');
INSERT INTO "easyaudit_requestevent" VALUES(91,'/dashboard/login_events/','GET','','127.0.0.1',1,'2024-07-06 11:40:45.804234');
INSERT INTO "easyaudit_requestevent" VALUES(92,'/dashboard/login_events/report/pdf/','GET','','127.0.0.1',1,'2024-07-06 11:40:48.283343');
INSERT INTO "easyaudit_requestevent" VALUES(93,'/dashboard/login_events/','GET','','127.0.0.1',1,'2024-07-06 11:42:28.230906');
INSERT INTO "easyaudit_requestevent" VALUES(94,'/dashboard/login_events/report/pdf/','GET','','127.0.0.1',1,'2024-07-06 11:42:31.724785');
INSERT INTO "easyaudit_requestevent" VALUES(95,'/dashboard/login_events/','GET','','127.0.0.1',1,'2024-07-06 11:45:26.064261');
INSERT INTO "easyaudit_requestevent" VALUES(96,'/dashboard/login_events/report/pdf/','GET','','127.0.0.1',1,'2024-07-06 11:45:28.709242');
INSERT INTO "easyaudit_requestevent" VALUES(97,'/dashboard/login_events/','GET','','127.0.0.1',1,'2024-07-06 11:49:15.685648');
INSERT INTO "easyaudit_requestevent" VALUES(98,'/dashboard/login_events/report/pdf/','GET','','127.0.0.1',1,'2024-07-06 11:49:18.694710');
INSERT INTO "easyaudit_requestevent" VALUES(99,'/dashboard/login_events/report/pdf/','GET','','127.0.0.1',1,'2024-07-06 11:51:07.597645');
INSERT INTO "easyaudit_requestevent" VALUES(100,'/dashboard/login_events/report/pdf/','GET','','127.0.0.1',1,'2024-07-06 11:53:09.468242');
INSERT INTO "easyaudit_requestevent" VALUES(101,'/dashboard/login_events/report/pdf/','GET','','127.0.0.1',1,'2024-07-06 11:55:52.168649');
INSERT INTO "easyaudit_requestevent" VALUES(102,'/dashboard/login_events/report/pdf/','GET','','127.0.0.1',1,'2024-07-06 11:56:12.575865');
INSERT INTO "easyaudit_requestevent" VALUES(103,'/dashboard/login_events/report/pdf/','GET','','127.0.0.1',1,'2024-07-06 11:56:25.409897');
INSERT INTO "easyaudit_requestevent" VALUES(104,'/dashboard/login_events/report/pdf/','GET','','127.0.0.1',1,'2024-07-06 11:56:41.482253');
INSERT INTO "easyaudit_requestevent" VALUES(105,'/dashboard/login_events/report/pdf/','GET','','127.0.0.1',1,'2024-07-06 11:57:09.550906');
INSERT INTO "easyaudit_requestevent" VALUES(106,'/dashboard/login_events/','GET','','127.0.0.1',1,'2024-07-06 14:04:34.372757');
INSERT INTO "easyaudit_requestevent" VALUES(107,'/dashboard/crud_events/','GET','','127.0.0.1',1,'2024-07-06 14:04:40.653365');
INSERT INTO "easyaudit_requestevent" VALUES(108,'/dashboard/crud_events/','GET','','127.0.0.1',1,'2024-07-06 14:48:08.419973');
INSERT INTO "easyaudit_requestevent" VALUES(109,'/dashboard/crud_events/','GET','','127.0.0.1',1,'2024-07-06 14:48:25.837773');
INSERT INTO "easyaudit_requestevent" VALUES(110,'/dashboard/crud_events/','GET','','127.0.0.1',1,'2024-07-06 14:50:05.051460');
INSERT INTO "easyaudit_requestevent" VALUES(111,'/dashboard/crud_events/','GET','','127.0.0.1',1,'2024-07-06 14:51:30.606140');
INSERT INTO "easyaudit_requestevent" VALUES(112,'/dashboard/crud_events/','GET','','127.0.0.1',1,'2024-07-06 14:51:55.768206');
INSERT INTO "easyaudit_requestevent" VALUES(113,'/dashboard/crud_events/','GET','','127.0.0.1',1,'2024-07-06 14:53:51.893321');
INSERT INTO "easyaudit_requestevent" VALUES(114,'/dashboard/crud_events/','GET','','127.0.0.1',1,'2024-07-06 14:56:32.271730');
INSERT INTO "easyaudit_requestevent" VALUES(115,'/dashboard/crud_events/','GET','','127.0.0.1',1,'2024-07-06 15:34:30.999053');
INSERT INTO "easyaudit_requestevent" VALUES(116,'/dashboard/crud_events/','GET','','127.0.0.1',1,'2024-07-06 15:35:02.938940');
INSERT INTO "easyaudit_requestevent" VALUES(117,'/dashboard/crud_events/','GET','','127.0.0.1',1,'2024-07-06 15:35:09.072063');
INSERT INTO "easyaudit_requestevent" VALUES(118,'/dashboard/crud_events/report/pdf/','GET','','127.0.0.1',1,'2024-07-06 15:35:14.092825');
INSERT INTO "easyaudit_requestevent" VALUES(119,'/dashboard/crud_events/report/pdf/','GET','','127.0.0.1',1,'2024-07-06 15:38:39.028853');
INSERT INTO "easyaudit_requestevent" VALUES(120,'/dashboard/crud_events/report/pdf/','GET','','127.0.0.1',1,'2024-07-06 15:39:28.384778');
INSERT INTO "easyaudit_requestevent" VALUES(121,'/dashboard/crud_events/report/pdf/','GET','','127.0.0.1',1,'2024-07-06 15:39:33.176119');
INSERT INTO "easyaudit_requestevent" VALUES(122,'/dashboard/crud_events/report/pdf/','GET','','127.0.0.1',1,'2024-07-06 15:40:25.317863');
INSERT INTO "easyaudit_requestevent" VALUES(123,'/dashboard/crud_events/report/pdf/','GET','','127.0.0.1',1,'2024-07-06 15:40:59.498978');
INSERT INTO "easyaudit_requestevent" VALUES(124,'/dashboard/crud_events/','GET','','127.0.0.1',1,'2024-07-06 15:42:17.024887');
INSERT INTO "easyaudit_requestevent" VALUES(125,'/dashboard/crud_events/report/pdf/','GET','','127.0.0.1',1,'2024-07-06 15:42:19.860044');
INSERT INTO "easyaudit_requestevent" VALUES(126,'/dashboard/crud_events/','GET','','127.0.0.1',1,'2024-07-06 15:43:14.265013');
INSERT INTO "easyaudit_requestevent" VALUES(127,'/dashboard/crud_events/report/pdf/','GET','','127.0.0.1',1,'2024-07-06 15:43:16.401840');
INSERT INTO "easyaudit_requestevent" VALUES(128,'/dashboard/crud_events/report/pdf/','GET','','127.0.0.1',1,'2024-07-06 15:44:32.496707');
INSERT INTO "easyaudit_requestevent" VALUES(129,'/dashboard/crud_events/report/pdf/','GET','','127.0.0.1',1,'2024-07-06 15:46:25.704303');
INSERT INTO "easyaudit_requestevent" VALUES(130,'/dashboard/crud_events/report/pdf/','GET','','127.0.0.1',1,'2024-07-06 15:47:06.672417');
INSERT INTO "easyaudit_requestevent" VALUES(131,'/dashboard/crud_events/report/pdf/','GET','','127.0.0.1',1,'2024-07-06 15:48:17.044755');
INSERT INTO "easyaudit_requestevent" VALUES(132,'/dashboard/crud_events/report/pdf/','GET','','127.0.0.1',1,'2024-07-06 15:48:57.812565');
INSERT INTO "easyaudit_requestevent" VALUES(133,'/dashboard/crud_events/report/pdf/','GET','','127.0.0.1',1,'2024-07-06 15:49:26.373427');
INSERT INTO "easyaudit_requestevent" VALUES(134,'/dashboard/crud_events/report/pdf/','GET','','127.0.0.1',1,'2024-07-06 15:50:05.152974');
INSERT INTO "easyaudit_requestevent" VALUES(135,'/dashboard/crud_events/report/pdf/','GET','','127.0.0.1',1,'2024-07-06 15:50:21.045016');
INSERT INTO "easyaudit_requestevent" VALUES(136,'/dashboard/crud_events/report/pdf/','GET','','127.0.0.1',1,'2024-07-06 15:57:09.571989');
INSERT INTO "easyaudit_requestevent" VALUES(137,'/dashboard/crud_events/report/pdf/','GET','','127.0.0.1',1,'2024-07-06 15:57:51.580202');
INSERT INTO "easyaudit_requestevent" VALUES(138,'/dashboard/crud_events/report/pdf/','GET','','127.0.0.1',1,'2024-07-06 15:59:21.283354');
INSERT INTO "easyaudit_requestevent" VALUES(139,'/dashboard/crud_events/report/pdf/','GET','','127.0.0.1',1,'2024-07-06 15:59:58.467902');
INSERT INTO "easyaudit_requestevent" VALUES(140,'/dashboard/crud_events/report/pdf/','GET','','127.0.0.1',1,'2024-07-06 16:00:56.651151');
INSERT INTO "easyaudit_requestevent" VALUES(141,'/dashboard/crud_events/report/pdf/','GET','','127.0.0.1',1,'2024-07-06 16:01:20.147041');
INSERT INTO "easyaudit_requestevent" VALUES(142,'/dashboard/crud_events/report/pdf/','GET','','127.0.0.1',1,'2024-07-06 16:02:05.080862');
INSERT INTO "easyaudit_requestevent" VALUES(143,'/dashboard/crud_events/report/pdf/','GET','','127.0.0.1',1,'2024-07-06 16:02:50.016033');
INSERT INTO "easyaudit_requestevent" VALUES(144,'/dashboard/crud_events/report/pdf/','GET','','127.0.0.1',1,'2024-07-06 16:05:28.791554');
INSERT INTO "easyaudit_requestevent" VALUES(145,'/dashboard/crud_events/report/pdf/','GET','','127.0.0.1',1,'2024-07-06 16:07:36.513478');
INSERT INTO "easyaudit_requestevent" VALUES(146,'/dashboard/crud_events/report/pdf/','GET','','127.0.0.1',1,'2024-07-06 16:08:24.259441');
INSERT INTO "easyaudit_requestevent" VALUES(147,'/dashboard/crud_events/report/pdf/','GET','','127.0.0.1',1,'2024-07-06 16:08:41.658176');
INSERT INTO "easyaudit_requestevent" VALUES(148,'/dashboard/crud_events/report/pdf/','GET','','127.0.0.1',1,'2024-07-06 16:09:09.469392');
INSERT INTO "easyaudit_requestevent" VALUES(149,'/dashboard/crud_events/report/pdf/','GET','','127.0.0.1',1,'2024-07-06 16:09:36.817776');
INSERT INTO "easyaudit_requestevent" VALUES(150,'/dashboard/crud_events/report/pdf/','GET','','127.0.0.1',1,'2024-07-06 16:13:14.750652');
INSERT INTO "easyaudit_requestevent" VALUES(151,'/dashboard/crud_events/report/pdf/','GET','','127.0.0.1',1,'2024-07-06 16:13:48.626450');
INSERT INTO "easyaudit_requestevent" VALUES(152,'/dashboard/crud_events/report/pdf/','GET','','127.0.0.1',1,'2024-07-06 16:14:55.588371');
INSERT INTO "easyaudit_requestevent" VALUES(153,'/dashboard/crud_events/report/pdf/','GET','','127.0.0.1',1,'2024-07-06 16:16:16.324692');
INSERT INTO "easyaudit_requestevent" VALUES(154,'/dashboard/crud_events/report/pdf/','GET','','127.0.0.1',1,'2024-07-06 16:16:35.806470');
INSERT INTO "easyaudit_requestevent" VALUES(155,'/dashboard/crud_events/report/pdf/','GET','','127.0.0.1',1,'2024-07-06 16:17:50.784945');
INSERT INTO "easyaudit_requestevent" VALUES(156,'/dashboard/crud_events/report/pdf/','GET','','127.0.0.1',1,'2024-07-06 16:19:48.523448');
INSERT INTO "easyaudit_requestevent" VALUES(157,'/dashboard/crud_events/report/pdf/','GET','','127.0.0.1',1,'2024-07-06 16:22:20.866133');
INSERT INTO "easyaudit_requestevent" VALUES(158,'/dashboard/crud_events/report/pdf/','GET','','127.0.0.1',1,'2024-07-06 16:22:57.049892');
INSERT INTO "easyaudit_requestevent" VALUES(159,'/dashboard/crud_events/report/pdf/','GET','','127.0.0.1',1,'2024-07-06 16:25:48.101065');
INSERT INTO "easyaudit_requestevent" VALUES(160,'/dashboard/manage_attendance/','GET','','127.0.0.1',1,'2024-07-06 16:54:41.920560');
INSERT INTO "easyaudit_requestevent" VALUES(161,'/dashboard/crud_events/','GET','','127.0.0.1',1,'2024-07-06 16:54:47.246278');
INSERT INTO "easyaudit_requestevent" VALUES(162,'/dashboard/crud_events/','GET','','127.0.0.1',1,'2024-07-06 16:55:57.168759');
INSERT INTO "easyaudit_requestevent" VALUES(163,'/dashboard/crud_events/','GET','','127.0.0.1',1,'2024-07-06 16:57:08.055495');
INSERT INTO "easyaudit_requestevent" VALUES(164,'/dashboard/crud_events/','GET','','127.0.0.1',1,'2024-07-06 16:57:38.724236');
INSERT INTO "easyaudit_requestevent" VALUES(165,'/dashboard/crud_events/','GET','','127.0.0.1',1,'2024-07-06 16:58:17.432569');
INSERT INTO "easyaudit_requestevent" VALUES(166,'/dashboard/crud_events/','GET','','127.0.0.1',1,'2024-07-06 16:59:45.744187');
INSERT INTO "easyaudit_requestevent" VALUES(167,'/dashboard/crud_events/','GET','','127.0.0.1',1,'2024-07-06 17:00:16.114605');
INSERT INTO "easyaudit_requestevent" VALUES(168,'/dashboard/crud_events/','GET','','127.0.0.1',1,'2024-07-06 17:02:06.374512');
INSERT INTO "easyaudit_requestevent" VALUES(169,'/dashboard/crud_events/','GET','','127.0.0.1',1,'2024-07-06 17:02:57.584458');
INSERT INTO "easyaudit_requestevent" VALUES(170,'/dashboard/crud_events/','GET','','127.0.0.1',1,'2024-07-06 17:03:25.914898');
INSERT INTO "easyaudit_requestevent" VALUES(171,'/dashboard/crud_events/','GET','','127.0.0.1',1,'2024-07-06 17:04:36.442064');
INSERT INTO "easyaudit_requestevent" VALUES(172,'/dashboard/crud_events/','GET','','127.0.0.1',1,'2024-07-06 17:05:04.296045');
INSERT INTO "easyaudit_requestevent" VALUES(173,'/dashboard/crud_events/','GET','','127.0.0.1',1,'2024-07-06 17:08:19.355035');
INSERT INTO "easyaudit_requestevent" VALUES(174,'/dashboard/crud_events/','GET','','127.0.0.1',1,'2024-07-06 17:11:36.816553');
INSERT INTO "easyaudit_requestevent" VALUES(175,'/dashboard/crud_events/','GET','','127.0.0.1',1,'2024-07-06 17:13:20.068985');
INSERT INTO "easyaudit_requestevent" VALUES(176,'/dashboard/crud_events/','GET','','127.0.0.1',1,'2024-07-06 17:14:21.247028');
INSERT INTO "easyaudit_requestevent" VALUES(177,'/dashboard/crud_events/','GET','','127.0.0.1',1,'2024-07-06 17:14:50.071125');
INSERT INTO "easyaudit_requestevent" VALUES(178,'/dashboard/crud_events/','GET','','127.0.0.1',1,'2024-07-06 17:15:54.800100');
INSERT INTO "easyaudit_requestevent" VALUES(179,'/dashboard/crud_events/','GET','','127.0.0.1',1,'2024-07-06 17:16:24.531000');
INSERT INTO "easyaudit_requestevent" VALUES(180,'/dashboard/crud_events/','GET','','127.0.0.1',1,'2024-07-06 17:17:31.810545');
INSERT INTO "easyaudit_requestevent" VALUES(181,'/dashboard/crud_events/','GET','','127.0.0.1',1,'2024-07-06 17:18:21.508008');
INSERT INTO "easyaudit_requestevent" VALUES(182,'/dashboard/crud_events/','GET','','127.0.0.1',1,'2024-07-06 17:19:33.851587');
INSERT INTO "easyaudit_requestevent" VALUES(183,'/dashboard/crud_events/','GET','','127.0.0.1',1,'2024-07-06 17:28:12.892401');
INSERT INTO "easyaudit_requestevent" VALUES(184,'/dashboard/crud_events/','GET','','127.0.0.1',1,'2024-07-06 17:28:41.219299');
INSERT INTO "easyaudit_requestevent" VALUES(185,'/dashboard/crud_events/','GET','','127.0.0.1',1,'2024-07-06 17:29:46.444582');
INSERT INTO "easyaudit_requestevent" VALUES(186,'/dashboard/crud_events/','GET','','127.0.0.1',1,'2024-07-06 17:30:06.705492');
INSERT INTO "easyaudit_requestevent" VALUES(187,'/dashboard/crud_events/','GET','','127.0.0.1',1,'2024-07-06 17:30:34.162400');
INSERT INTO "easyaudit_requestevent" VALUES(188,'/dashboard/crud_events/','GET','','127.0.0.1',1,'2024-07-06 17:32:21.823248');
INSERT INTO "easyaudit_requestevent" VALUES(189,'/dashboard/crud_events/','GET','','127.0.0.1',1,'2024-07-06 17:32:49.927263');
INSERT INTO "easyaudit_requestevent" VALUES(190,'/dashboard/crud_events/','GET','','127.0.0.1',1,'2024-07-06 17:33:05.341219');
INSERT INTO "easyaudit_requestevent" VALUES(191,'/dashboard/crud_events/','GET','','127.0.0.1',1,'2024-07-06 17:33:32.651014');
INSERT INTO "easyaudit_requestevent" VALUES(192,'/dashboard/crud_events/','GET','','127.0.0.1',1,'2024-07-06 17:35:16.165939');
INSERT INTO "easyaudit_requestevent" VALUES(193,'/dashboard/crud_events/','GET','','127.0.0.1',1,'2024-07-06 17:36:02.734370');
INSERT INTO "easyaudit_requestevent" VALUES(194,'/dashboard/crud_events/','GET','','127.0.0.1',1,'2024-07-06 17:36:30.711735');
INSERT INTO "easyaudit_requestevent" VALUES(195,'/dashboard/crud_events/','GET','','127.0.0.1',1,'2024-07-06 17:37:20.253145');
INSERT INTO "easyaudit_requestevent" VALUES(196,'/dashboard/crud_events/','GET','','127.0.0.1',1,'2024-07-06 17:37:31.897057');
INSERT INTO "easyaudit_requestevent" VALUES(197,'/dashboard/crud_events/','GET','','127.0.0.1',1,'2024-07-06 17:37:46.057829');
INSERT INTO "easyaudit_requestevent" VALUES(198,'/dashboard/crud_events/','GET','','127.0.0.1',1,'2024-07-06 17:37:58.892853');
INSERT INTO "easyaudit_requestevent" VALUES(199,'/dashboard/crud_events/','GET','','127.0.0.1',1,'2024-07-06 17:39:13.016752');
INSERT INTO "easyaudit_requestevent" VALUES(200,'/dashboard/crud_events/','GET','','127.0.0.1',1,'2024-07-06 17:39:46.811787');
INSERT INTO "easyaudit_requestevent" VALUES(201,'/dashboard/crud_events/','GET','','127.0.0.1',1,'2024-07-06 17:39:55.523547');
INSERT INTO "easyaudit_requestevent" VALUES(202,'/dashboard/crud_events/','GET','','127.0.0.1',1,'2024-07-06 17:40:14.836911');
INSERT INTO "easyaudit_requestevent" VALUES(203,'/dashboard/crud_events/','GET','','127.0.0.1',1,'2024-07-06 17:41:57.519981');
INSERT INTO "easyaudit_requestevent" VALUES(204,'/dashboard/crud_events/','GET','','127.0.0.1',1,'2024-07-06 17:44:24.012858');
INSERT INTO "easyaudit_requestevent" VALUES(205,'/dashboard/crud_events/','GET','','127.0.0.1',1,'2024-07-06 17:44:52.132790');
INSERT INTO "easyaudit_requestevent" VALUES(206,'/dashboard/crud_events/','GET','','127.0.0.1',1,'2024-07-06 17:45:50.724093');
INSERT INTO "easyaudit_requestevent" VALUES(207,'/dashboard/crud_events/','GET','','127.0.0.1',1,'2024-07-06 17:49:34.270437');
INSERT INTO "easyaudit_requestevent" VALUES(208,'/dashboard/crud_events/','GET','','127.0.0.1',1,'2024-07-06 17:50:29.740878');
INSERT INTO "easyaudit_requestevent" VALUES(209,'/dashboard/crud_events/','GET','','127.0.0.1',1,'2024-07-06 17:52:37.725594');
INSERT INTO "easyaudit_requestevent" VALUES(210,'/dashboard/crud_events/','GET','','127.0.0.1',1,'2024-07-06 18:12:42.530427');
INSERT INTO "easyaudit_requestevent" VALUES(211,'/dashboard/crud_events/','GET','','127.0.0.1',1,'2024-07-06 18:14:11.813699');
INSERT INTO "easyaudit_requestevent" VALUES(212,'/dashboard/crud_events/','GET','','127.0.0.1',1,'2024-07-06 18:14:58.366173');
INSERT INTO "easyaudit_requestevent" VALUES(213,'/dashboard/crud_events/','GET','','127.0.0.1',1,'2024-07-06 18:15:39.138647');
INSERT INTO "easyaudit_requestevent" VALUES(214,'/dashboard/crud_events/','GET','','127.0.0.1',1,'2024-07-06 18:20:21.125676');
INSERT INTO "easyaudit_requestevent" VALUES(215,'/dashboard/task_manager/','GET','','127.0.0.1',1,'2024-07-06 18:21:36.731113');
INSERT INTO "easyaudit_requestevent" VALUES(216,'/dashboard/crud_events/','GET','','127.0.0.1',1,'2024-07-06 18:21:41.843743');
INSERT INTO "easyaudit_requestevent" VALUES(217,'/dashboard/login_events/','GET','','127.0.0.1',1,'2024-07-06 18:21:45.236892');
INSERT INTO "easyaudit_requestevent" VALUES(218,'/dashboard/crud_events/','GET','','127.0.0.1',1,'2024-07-06 18:22:55.699582');
INSERT INTO "easyaudit_requestevent" VALUES(219,'/dashboard/crud_events/report/pdf/','GET','','127.0.0.1',1,'2024-07-06 18:23:00.752015');
INSERT INTO "easyaudit_requestevent" VALUES(220,'/dashboard/crud_events/report/pdf/','GET','','127.0.0.1',1,'2024-07-06 18:24:57.967729');
INSERT INTO "easyaudit_requestevent" VALUES(221,'/dashboard/crud_events/report/pdf/','GET','','127.0.0.1',1,'2024-07-06 18:28:39.164130');
INSERT INTO "easyaudit_requestevent" VALUES(222,'/dashboard/crud_events/report/pdf/','GET','','127.0.0.1',1,'2024-07-06 18:29:41.135813');
INSERT INTO "easyaudit_requestevent" VALUES(223,'/dashboard/crud_events/report/pdf/','GET','','127.0.0.1',1,'2024-07-06 18:31:52.114594');
INSERT INTO "easyaudit_requestevent" VALUES(224,'/dashboard/view_jobs/','GET','','127.0.0.1',1,'2024-07-06 18:35:25.926742');
INSERT INTO "easyaudit_requestevent" VALUES(225,'/job/update_job/','POST','','127.0.0.1',1,'2024-07-06 18:36:02.437685');
INSERT INTO "easyaudit_requestevent" VALUES(226,'/dashboard/view_jobs/','GET','','127.0.0.1',1,'2024-07-06 18:36:09.273806');
INSERT INTO "easyaudit_requestevent" VALUES(227,'/dashboard/crud_events/','GET','','127.0.0.1',1,'2024-07-06 18:36:17.415521');
INSERT INTO "easyaudit_requestevent" VALUES(228,'/dashboard/crud_events/','GET','','127.0.0.1',1,'2024-07-06 18:37:09.599283');
INSERT INTO "easyaudit_requestevent" VALUES(229,'/dashboard/view_staff/','GET','','127.0.0.1',1,'2024-07-06 18:37:57.639725');
INSERT INTO "easyaudit_requestevent" VALUES(230,'/dashboard/add_job/','GET','','127.0.0.1',1,'2024-07-06 18:38:31.497369');
INSERT INTO "easyaudit_requestevent" VALUES(231,'/dashboard/view_staff/','GET','','127.0.0.1',1,'2024-07-06 18:38:34.984097');
INSERT INTO "easyaudit_requestevent" VALUES(232,'/dashboard/crud_events/','GET','','127.0.0.1',1,'2024-07-06 18:38:39.585846');
INSERT INTO "easyaudit_requestevent" VALUES(233,'/dashboard/view_jobs/','GET','','127.0.0.1',1,'2024-07-06 18:38:43.962232');
INSERT INTO "easyaudit_requestevent" VALUES(234,'/job/update_job/','POST','','127.0.0.1',1,'2024-07-06 18:39:13.025728');
INSERT INTO "easyaudit_requestevent" VALUES(235,'/job/update_job/','POST','','127.0.0.1',1,'2024-07-06 18:39:15.049989');
INSERT INTO "easyaudit_requestevent" VALUES(236,'/job/add_job_skill/','POST','','127.0.0.1',1,'2024-07-06 18:39:32.903963');
INSERT INTO "easyaudit_requestevent" VALUES(237,'/dashboard/view_jobs/','GET','','127.0.0.1',1,'2024-07-06 18:39:41.963993');
INSERT INTO "easyaudit_requestevent" VALUES(238,'/dashboard/crud_events/','GET','','127.0.0.1',1,'2024-07-06 18:39:46.563998');
INSERT INTO "easyaudit_requestevent" VALUES(239,'/dashboard/crud_events/','GET','','127.0.0.1',1,'2024-07-06 18:46:55.687211');
INSERT INTO "easyaudit_requestevent" VALUES(240,'/dashboard/crud_events/','GET','','127.0.0.1',1,'2024-07-06 18:56:16.172635');
INSERT INTO "easyaudit_requestevent" VALUES(241,'/dashboard/crud_events/','GET','','127.0.0.1',1,'2024-07-06 18:58:35.180457');
INSERT INTO "easyaudit_requestevent" VALUES(242,'/dashboard/crud_events/','GET','','127.0.0.1',1,'2024-07-06 19:13:23.531097');
INSERT INTO "easyaudit_requestevent" VALUES(243,'/dashboard/crud_events/','GET','','127.0.0.1',1,'2024-07-06 19:14:10.967286');
INSERT INTO "easyaudit_requestevent" VALUES(244,'/dashboard/crud_events/','GET','','127.0.0.1',1,'2024-07-06 19:17:28.339615');
INSERT INTO "easyaudit_requestevent" VALUES(245,'/dashboard/crud_events/','GET','','127.0.0.1',1,'2024-07-06 19:19:25.327708');
INSERT INTO "easyaudit_requestevent" VALUES(246,'/dashboard/task_manager/','GET','','127.0.0.1',1,'2024-07-06 19:25:04.725957');
INSERT INTO "easyaudit_requestevent" VALUES(247,'/taskmanager/update_category/','POST','','127.0.0.1',1,'2024-07-06 19:25:14.963733');
INSERT INTO "easyaudit_requestevent" VALUES(248,'/dashboard/task_manager/','GET','','127.0.0.1',1,'2024-07-06 19:25:15.293894');
INSERT INTO "easyaudit_requestevent" VALUES(249,'/dashboard/crud_events/','GET','','127.0.0.1',1,'2024-07-06 19:25:20.806771');
INSERT INTO "easyaudit_requestevent" VALUES(250,'/dashboard/crud_events/','GET','','127.0.0.1',1,'2024-07-06 19:26:58.545630');
INSERT INTO "easyaudit_requestevent" VALUES(251,'/dashboard/crud_events/','GET','','127.0.0.1',1,'2024-07-06 19:27:15.901686');
INSERT INTO "easyaudit_requestevent" VALUES(252,'/dashboard/crud_events/','GET','','127.0.0.1',1,'2024-07-06 19:27:36.003810');
INSERT INTO "easyaudit_requestevent" VALUES(253,'/dashboard/crud_events/','GET','','127.0.0.1',1,'2024-07-06 19:29:22.304984');
INSERT INTO "easyaudit_requestevent" VALUES(254,'/dashboard/crud_events/','GET','','127.0.0.1',1,'2024-07-06 19:35:39.353581');
INSERT INTO "easyaudit_requestevent" VALUES(255,'/dashboard/crud_events/','GET','','127.0.0.1',1,'2024-07-06 19:37:08.334434');
INSERT INTO "easyaudit_requestevent" VALUES(256,'/dashboard/crud_events/','GET','','127.0.0.1',1,'2024-07-06 19:37:55.419820');
INSERT INTO "easyaudit_requestevent" VALUES(257,'/dashboard/crud_events/','GET','','127.0.0.1',1,'2024-07-06 19:39:17.238522');
INSERT INTO "easyaudit_requestevent" VALUES(258,'/dashboard/crud_events/','GET','','127.0.0.1',1,'2024-07-06 19:40:11.896268');
INSERT INTO "easyaudit_requestevent" VALUES(259,'/','GET','','127.0.0.1',1,'2024-07-07 12:07:23.005353');
INSERT INTO "easyaudit_requestevent" VALUES(260,'/dashboard/','GET','','127.0.0.1',1,'2024-07-07 12:07:28.474825');
INSERT INTO "easyaudit_requestevent" VALUES(261,'/dashboard/crud_events/','GET','','127.0.0.1',1,'2024-07-07 12:07:36.551348');
INSERT INTO "easyaudit_requestevent" VALUES(262,'/dashboard/login_events/','GET','','127.0.0.1',1,'2024-07-07 12:09:13.419824');
INSERT INTO "easyaudit_requestevent" VALUES(263,'/dashboard/backup_database/','GET','','127.0.0.1',1,'2024-07-07 12:09:32.656572');
INSERT INTO "easyaudit_requestevent" VALUES(264,'/dashboard/backup_db/','GET','','127.0.0.1',1,'2024-07-07 12:09:37.707674');
INSERT INTO "easyaudit_requestevent" VALUES(265,'/dashboard/backup_database/','GET','','127.0.0.1',1,'2024-07-07 12:09:38.086964');
INSERT INTO "easyaudit_requestevent" VALUES(266,'/dashboard/delete_db/23/','GET','','127.0.0.1',1,'2024-07-07 12:09:48.977564');
INSERT INTO "easyaudit_requestevent" VALUES(267,'/dashboard/backup_database/','GET','','127.0.0.1',1,'2024-07-07 12:09:49.192612');
INSERT INTO "easyaudit_requestevent" VALUES(268,'/dashboard/backup_database/','GET','','127.0.0.1',1,'2024-07-07 12:09:53.157384');
INSERT INTO "easyaudit_requestevent" VALUES(269,'/dashboard/delete_db/24/','GET','','127.0.0.1',1,'2024-07-07 12:09:58.223817');
INSERT INTO "easyaudit_requestevent" VALUES(270,'/dashboard/backup_database/','GET','','127.0.0.1',1,'2024-07-07 12:09:58.464177');
INSERT INTO "easyaudit_requestevent" VALUES(271,'/dashboard/delete_db/25/','GET','','127.0.0.1',1,'2024-07-07 12:10:00.942924');
INSERT INTO "easyaudit_requestevent" VALUES(272,'/dashboard/backup_database/','GET','','127.0.0.1',1,'2024-07-07 12:10:01.297565');
INSERT INTO "easyaudit_requestevent" VALUES(273,'/dashboard/task_manager/','GET','','127.0.0.1',1,'2024-07-07 12:10:07.548451');
INSERT INTO "easyaudit_requestevent" VALUES(274,'/auth/log_out/','GET','','127.0.0.1',1,'2024-07-07 12:10:48.832481');
INSERT INTO "easyaudit_requestevent" VALUES(275,'/auth/authenticates/','GET','','127.0.0.1',NULL,'2024-07-07 12:10:49.084343');
INSERT INTO "easyaudit_requestevent" VALUES(276,'/auth/sign_in/','POST','','127.0.0.1',NULL,'2024-07-07 12:11:18.422807');
INSERT INTO "easyaudit_requestevent" VALUES(277,'/auth/sign_in/','POST','','127.0.0.1',NULL,'2024-07-07 12:11:23.350063');
INSERT INTO "easyaudit_requestevent" VALUES(278,'/','GET','','127.0.0.1',7,'2024-07-07 12:11:25.309047');
INSERT INTO "easyaudit_requestevent" VALUES(279,'/profile/','GET','','127.0.0.1',7,'2024-07-07 12:11:30.239297');
INSERT INTO "easyaudit_requestevent" VALUES(280,'/dashboard/emp_panel/','GET','','127.0.0.1',7,'2024-07-07 12:11:35.657307');
INSERT INTO "easyaudit_requestevent" VALUES(281,'/dashboard/task_manager/','GET','','127.0.0.1',7,'2024-07-07 12:11:58.450241');
INSERT INTO "easyaudit_requestevent" VALUES(282,'/dashboard/view_jobs/','GET','','127.0.0.1',7,'2024-07-07 12:12:17.248827');
INSERT INTO "easyaudit_requestevent" VALUES(283,'/dashboard/add_job/','GET','','127.0.0.1',7,'2024-07-07 12:12:22.034647');
INSERT INTO "easyaudit_requestevent" VALUES(284,'/job/add_job/','POST','','127.0.0.1',7,'2024-07-07 12:13:09.893225');
INSERT INTO "easyaudit_requestevent" VALUES(285,'/dashboard/task_manager/','GET','','127.0.0.1',7,'2024-07-07 12:13:19.965682');
INSERT INTO "easyaudit_requestevent" VALUES(286,'/taskmanager/check_task/','POST','','127.0.0.1',7,'2024-07-07 12:13:24.144376');
INSERT INTO "easyaudit_requestevent" VALUES(287,'/dashboard/task_manager/','GET','','127.0.0.1',7,'2024-07-07 12:13:24.344450');
INSERT INTO "easyaudit_requestevent" VALUES(288,'/dashboard/get_notifications/','GET','','127.0.0.1',7,'2024-07-07 12:13:33.696765');
INSERT INTO "easyaudit_requestevent" VALUES(289,'/dashboard/task_manager/','GET','','127.0.0.1',7,'2024-07-07 12:13:38.277581');
INSERT INTO "easyaudit_requestevent" VALUES(290,'/dashboard/crud_events/','GET','','127.0.0.1',7,'2024-07-07 12:14:18.714737');
INSERT INTO "easyaudit_requestevent" VALUES(291,'/dashboard/login_events/','GET','','127.0.0.1',7,'2024-07-07 12:14:23.742096');
INSERT INTO "easyaudit_requestevent" VALUES(292,'/dashboard/emp_panel/','GET','','127.0.0.1',7,'2024-07-07 12:14:43.196465');
INSERT INTO "easyaudit_requestevent" VALUES(293,'/profile/add/mark_attendence/7/','GET','','127.0.0.1',7,'2024-07-07 12:14:48.262782');
INSERT INTO "easyaudit_requestevent" VALUES(294,'/dashboard/emp_panel/','GET','','127.0.0.1',7,'2024-07-07 12:14:48.567561');
INSERT INTO "easyaudit_requestevent" VALUES(295,'/dashboard/view_jobs/','GET','','127.0.0.1',7,'2024-07-07 12:14:56.701705');
INSERT INTO "easyaudit_requestevent" VALUES(296,'/dashboard/manage_attendance/','GET','','127.0.0.1',7,'2024-07-07 12:14:59.976340');
INSERT INTO "easyaudit_requestevent" VALUES(297,'/dashboard/get_notifications/','GET','','127.0.0.1',7,'2024-07-07 12:15:35.681153');
INSERT INTO "easyaudit_requestevent" VALUES(298,'/dashboard/delete_notifications/22/','GET','','127.0.0.1',7,'2024-07-07 12:15:40.497133');
INSERT INTO "easyaudit_requestevent" VALUES(299,'/auth/log_out/','GET','','127.0.0.1',7,'2024-07-07 12:15:47.339339');
INSERT INTO "easyaudit_requestevent" VALUES(300,'/auth/authenticates/','GET','','127.0.0.1',NULL,'2024-07-07 12:15:47.546178');
INSERT INTO "easyaudit_requestevent" VALUES(301,'/auth/sign_in/','POST','','127.0.0.1',NULL,'2024-07-07 12:15:52.676019');
INSERT INTO "easyaudit_requestevent" VALUES(302,'/','GET','','127.0.0.1',1,'2024-07-07 12:15:54.575127');
INSERT INTO "easyaudit_requestevent" VALUES(303,'/dashboard/','GET','','127.0.0.1',1,'2024-07-07 12:15:57.861743');
INSERT INTO "easyaudit_requestevent" VALUES(304,'/dashboard/task_manager/','GET','','127.0.0.1',1,'2024-07-07 12:16:12.531340');
INSERT INTO "easyaudit_requestevent" VALUES(305,'/dashboard/login_events/','GET','','127.0.0.1',1,'2024-07-07 12:16:38.396958');
INSERT INTO "easyaudit_requestevent" VALUES(306,'/dashboard/crud_events/','GET','','127.0.0.1',1,'2024-07-07 12:17:56.472730');
INSERT INTO "easyaudit_requestevent" VALUES(307,'/dashboard/crud_events/','GET','','127.0.0.1',1,'2024-07-07 12:24:51.363731');
INSERT INTO "easyaudit_requestevent" VALUES(308,'/dashboard/adm','GET','','127.0.0.1',1,'2024-07-07 12:25:04.537350');
INSERT INTO "easyaudit_requestevent" VALUES(309,'/dashboard/crud_events/','GET','','127.0.0.1',1,'2024-07-07 12:25:49.596002');
INSERT INTO "easyaudit_requestevent" VALUES(310,'/dashboard/task_manager/','GET','','127.0.0.1',1,'2024-07-07 12:25:58.868717');
INSERT INTO "easyaudit_requestevent" VALUES(311,'/taskmanager/check_task/','POST','','127.0.0.1',1,'2024-07-07 12:26:15.499045');
INSERT INTO "easyaudit_requestevent" VALUES(312,'/dashboard/task_manager/','GET','','127.0.0.1',1,'2024-07-07 12:26:15.796475');
INSERT INTO "easyaudit_requestevent" VALUES(313,'/dashboard/crud_events/','GET','','127.0.0.1',1,'2024-07-07 12:26:22.637397');
INSERT INTO "easyaudit_requestevent" VALUES(314,'/dashboard/get_notifications/','GET','','127.0.0.1',1,'2024-07-07 12:28:50.618989');
INSERT INTO "easyaudit_requestevent" VALUES(315,'/dashboard/delete_notifications/19/','GET','','127.0.0.1',1,'2024-07-07 12:29:02.897136');
INSERT INTO "easyaudit_requestevent" VALUES(316,'/dashboard/delete_notifications/20/','GET','','127.0.0.1',1,'2024-07-07 12:29:06.731115');
INSERT INTO "easyaudit_requestevent" VALUES(317,'/dashboard/crud_events/','GET','','127.0.0.1',1,'2024-07-07 12:29:13.048718');
INSERT INTO "easyaudit_requestevent" VALUES(318,'/dashboard/task_manager/','GET','','127.0.0.1',1,'2024-07-07 12:29:54.114003');
INSERT INTO "easyaudit_requestevent" VALUES(319,'/taskmanager/create_category/','POST','','127.0.0.1',1,'2024-07-07 12:30:08.748760');
INSERT INTO "easyaudit_requestevent" VALUES(320,'/dashboard/task_manager/','GET','','127.0.0.1',1,'2024-07-07 12:30:09.177241');
INSERT INTO "easyaudit_requestevent" VALUES(321,'/dashboard/crud_events/','GET','','127.0.0.1',1,'2024-07-07 12:30:16.938352');
INSERT INTO "easyaudit_requestevent" VALUES(322,'/dashboard/task_manager/','GET','','127.0.0.1',1,'2024-07-07 12:30:49.910261');
INSERT INTO "easyaudit_requestevent" VALUES(323,'/taskmanager/update_category/','POST','','127.0.0.1',1,'2024-07-07 12:31:00.107570');
INSERT INTO "easyaudit_requestevent" VALUES(324,'/taskmanager/update_category/','POST','','127.0.0.1',1,'2024-07-07 12:31:08.098489');
INSERT INTO "easyaudit_requestevent" VALUES(325,'/dashboard/task_manager/','GET','','127.0.0.1',1,'2024-07-07 12:31:08.471827');
INSERT INTO "easyaudit_requestevent" VALUES(326,'/dashboard/crud_events/','GET','','127.0.0.1',1,'2024-07-07 12:31:13.656631');
INSERT INTO "easyaudit_requestevent" VALUES(327,'/dashboard/view_jobs/','GET','','127.0.0.1',1,'2024-07-07 12:31:57.032179');
INSERT INTO "easyaudit_requestevent" VALUES(328,'/dashboard/task_manager/','GET','','127.0.0.1',1,'2024-07-07 12:32:01.408861');
INSERT INTO "easyaudit_requestevent" VALUES(329,'/taskmanager/update_task/','POST','','127.0.0.1',1,'2024-07-07 12:32:30.949119');
INSERT INTO "easyaudit_requestevent" VALUES(330,'/dashboard/task_manager/','GET','','127.0.0.1',1,'2024-07-07 12:32:31.285327');
INSERT INTO "easyaudit_requestevent" VALUES(331,'/dashboard/crud_events/','GET','','127.0.0.1',1,'2024-07-07 12:32:37.388196');
INSERT INTO "easyaudit_requestevent" VALUES(332,'/dashboard/task_manager/','GET','','127.0.0.1',1,'2024-07-07 12:34:37.740392');
INSERT INTO "easyaudit_requestevent" VALUES(333,'/taskmanager/update_task/','POST','','127.0.0.1',1,'2024-07-07 12:35:41.690823');
INSERT INTO "easyaudit_requestevent" VALUES(334,'/dashboard/task_manager/','GET','','127.0.0.1',1,'2024-07-07 12:35:42.081062');
INSERT INTO "easyaudit_requestevent" VALUES(335,'/dashboard/task_manager/','GET','','127.0.0.1',1,'2024-07-07 12:35:48.050750');
INSERT INTO "easyaudit_requestevent" VALUES(336,'/dashboard/crud_events/','GET','','127.0.0.1',1,'2024-07-07 12:35:53.028603');
INSERT INTO "easyaudit_requestevent" VALUES(337,'/dashboard/crud_events/','GET','','127.0.0.1',1,'2024-07-07 12:37:11.360097');
INSERT INTO "easyaudit_requestevent" VALUES(338,'/dashboard/task_manager/','GET','','127.0.0.1',1,'2024-07-07 12:37:16.793116');
INSERT INTO "easyaudit_requestevent" VALUES(339,'/taskmanager/delete_task/','POST','','127.0.0.1',1,'2024-07-07 12:37:30.004620');
INSERT INTO "easyaudit_requestevent" VALUES(340,'/dashboard/task_manager/','GET','','127.0.0.1',1,'2024-07-07 12:37:30.358466');
INSERT INTO "easyaudit_requestevent" VALUES(341,'/taskmanager/update_task/','POST','','127.0.0.1',1,'2024-07-07 12:38:04.045699');
INSERT INTO "easyaudit_requestevent" VALUES(342,'/dashboard/task_manager/','GET','','127.0.0.1',1,'2024-07-07 12:38:04.392561');
INSERT INTO "easyaudit_requestevent" VALUES(343,'/dashboard/manage_attendance/','GET','','127.0.0.1',1,'2024-07-07 12:38:07.870257');
INSERT INTO "easyaudit_requestevent" VALUES(344,'/dashboard/crud_events/','GET','','127.0.0.1',1,'2024-07-07 12:38:14.403214');
INSERT INTO "easyaudit_requestevent" VALUES(345,'/dashboard/crud_events/','GET','','127.0.0.1',1,'2024-07-07 12:39:10.113010');
INSERT INTO "easyaudit_requestevent" VALUES(346,'/','GET','','127.0.0.1',1,'2024-07-09 14:06:01.168246');
INSERT INTO "easyaudit_requestevent" VALUES(347,'/dashboard/','GET','','127.0.0.1',1,'2024-07-09 14:07:16.899078');
INSERT INTO "easyaudit_requestevent" VALUES(348,'/dashboard/view_staff/','GET','','127.0.0.1',1,'2024-07-09 14:08:08.119687');
INSERT INTO "easyaudit_requestevent" VALUES(349,'/dashboard/employee_details/1/','GET','','127.0.0.1',1,'2024-07-09 14:08:29.386541');
INSERT INTO "easyaudit_requestevent" VALUES(350,'/dashboard/update_staff/2/','GET','','127.0.0.1',1,'2024-07-09 14:08:39.127542');
INSERT INTO "easyaudit_requestevent" VALUES(351,'/dashboard/view_staff/','GET','','127.0.0.1',1,'2024-07-09 14:11:26.795776');
INSERT INTO "easyaudit_requestevent" VALUES(352,'/dashboard/employee_details/2/','GET','','127.0.0.1',1,'2024-07-09 14:12:10.980340');
INSERT INTO "easyaudit_requestevent" VALUES(353,'/dashboard/employee_details/5/','GET','','127.0.0.1',1,'2024-07-09 14:13:29.588144');
INSERT INTO "easyaudit_requestevent" VALUES(354,'/dashboard/view_staff/','GET','','127.0.0.1',1,'2024-07-09 14:15:03.314460');
INSERT INTO "easyaudit_requestevent" VALUES(355,'/dashboard/view_jobs/','GET','','127.0.0.1',1,'2024-07-09 14:15:32.705162');
INSERT INTO "easyaudit_requestevent" VALUES(356,'/dashboard/add_job/','GET','','127.0.0.1',1,'2024-07-09 14:16:06.286645');
INSERT INTO "easyaudit_requestevent" VALUES(357,'/dashboard/view_jobs/','GET','','127.0.0.1',1,'2024-07-09 14:18:49.079784');
INSERT INTO "easyaudit_requestevent" VALUES(358,'/dashboard/job_details/1/','GET','','127.0.0.1',1,'2024-07-09 14:18:58.959933');
INSERT INTO "easyaudit_requestevent" VALUES(359,'/job/update_job/','POST','','127.0.0.1',1,'2024-07-09 14:21:13.121723');
INSERT INTO "easyaudit_requestevent" VALUES(360,'/job/complete_job/','POST','','127.0.0.1',1,'2024-07-09 14:21:25.293975');
INSERT INTO "easyaudit_requestevent" VALUES(361,'/dashboard/view_jobs/','GET','','127.0.0.1',1,'2024-07-09 14:21:33.519706');
INSERT INTO "easyaudit_requestevent" VALUES(362,'/','GET','','127.0.0.1',1,'2024-07-09 14:21:54.537211');
INSERT INTO "easyaudit_requestevent" VALUES(363,'/job/approve_job/','POST','','127.0.0.1',1,'2024-07-09 14:22:08.176753');
INSERT INTO "easyaudit_requestevent" VALUES(364,'/dashboard/view_jobs/','GET','','127.0.0.1',1,'2024-07-09 14:22:08.700524');
INSERT INTO "easyaudit_requestevent" VALUES(365,'/','GET','','127.0.0.1',1,'2024-07-09 14:22:19.863306');
INSERT INTO "easyaudit_requestevent" VALUES(366,'/dashboard/','GET','','127.0.0.1',1,'2024-07-09 14:22:35.691409');
INSERT INTO "easyaudit_requestevent" VALUES(367,'/dashboard/view_jobs/','GET','','127.0.0.1',1,'2024-07-09 14:22:40.681753');
INSERT INTO "easyaudit_requestevent" VALUES(368,'/dashboard/get_notifications/','GET','','127.0.0.1',1,'2024-07-09 14:23:07.441256');
INSERT INTO "easyaudit_requestevent" VALUES(369,'/dashboard/view_jobs/','GET','','127.0.0.1',1,'2024-07-09 14:23:24.627628');
INSERT INTO "easyaudit_requestevent" VALUES(370,'/dashboard/backup_database/','GET','','127.0.0.1',1,'2024-07-09 14:24:19.290359');
INSERT INTO "easyaudit_requestevent" VALUES(371,'/dashboard/backup_db/','GET','','127.0.0.1',1,'2024-07-09 14:25:04.892982');
CREATE UNIQUE INDEX "auth_group_permissions_group_id_permission_id_0cd325b0_uniq" ON "auth_group_permissions" ("group_id", "permission_id");
CREATE INDEX IF NOT EXISTS "auth_group_permissions_group_id_b120cbf9" ON "auth_group_permissions" ("group_id");
CREATE INDEX IF NOT EXISTS "auth_group_permissions_permission_id_84c5c92e" ON "auth_group_permissions" ("permission_id");
CREATE UNIQUE INDEX "auth_permission_content_type_id_codename_01ab375a_uniq" ON "auth_permission" ("content_type_id", "codename");
CREATE INDEX IF NOT EXISTS "auth_permission_content_type_id_2f476e4b" ON "auth_permission" ("content_type_id");
CREATE UNIQUE INDEX "auth_user_groups_user_id_group_id_94350c0c_uniq" ON "auth_user_groups" ("user_id", "group_id");
CREATE INDEX IF NOT EXISTS "auth_user_groups_user_id_6a12ed8b" ON "auth_user_groups" ("user_id");
CREATE INDEX IF NOT EXISTS "auth_user_groups_group_id_97559544" ON "auth_user_groups" ("group_id");
CREATE UNIQUE INDEX "auth_user_user_permissions_user_id_permission_id_14a6b632_uniq" ON "auth_user_user_permissions" ("user_id", "permission_id");
CREATE INDEX IF NOT EXISTS "auth_user_user_permissions_user_id_a95ead1b" ON "auth_user_user_permissions" ("user_id");
CREATE INDEX IF NOT EXISTS "auth_user_user_permissions_permission_id_1fbb5f2c" ON "auth_user_user_permissions" ("permission_id");
CREATE INDEX IF NOT EXISTS "django_admin_log_content_type_id_c4bce8eb" ON "django_admin_log" ("content_type_id");
CREATE INDEX IF NOT EXISTS "django_admin_log_user_id_c564eba6" ON "django_admin_log" ("user_id");
CREATE UNIQUE INDEX "django_content_type_app_label_model_76bd3d3b_uniq" ON "django_content_type" ("app_label", "model");
CREATE INDEX IF NOT EXISTS "django_session_expire_date_a5c62663" ON "django_session" ("expire_date");
CREATE INDEX IF NOT EXISTS "jobs_education_job_post_id_0f165219" ON "jobs_academic" ("job_post_id");
CREATE INDEX IF NOT EXISTS "jobs_experience_job_post_id_5cd08f71" ON "jobs_experience" ("job_post_id");
CREATE INDEX IF NOT EXISTS "jobs_notification_user_id_bd18f659" ON "jobs_notification" ("user_id");
CREATE INDEX IF NOT EXISTS "jobs_requirement_job_post_id_fca1d1ec" ON "jobs_requirement" ("job_post_id");
CREATE INDEX IF NOT EXISTS "jobs_skill_job_post_id_c7b60021" ON "jobs_skill" ("job_post_id");
CREATE INDEX IF NOT EXISTS "profiles_attendance_employee_id_2ea8bce1" ON "profiles_attendance" ("employee_id");
CREATE INDEX IF NOT EXISTS "profiles_attendance_shift_id_a1aeffbb" ON "profiles_attendance" ("shift_id");
CREATE INDEX IF NOT EXISTS "profiles_leave_employee_id_add94add" ON "profiles_leave" ("employee_id");
CREATE INDEX IF NOT EXISTS "profiles_raise_employee_id_7a5668e3" ON "profiles_raise" ("employee_id");
CREATE INDEX IF NOT EXISTS "dashboard_backup_user_id_621d4066" ON "dashboard_backup" ("user_id");
CREATE INDEX IF NOT EXISTS "task_manager_category_user_id_3bc802b2" ON "task_manager_category" ("user_id");
CREATE INDEX IF NOT EXISTS "task_manager_task_assigned_to_id_aaf7f5f9" ON "task_manager_task" ("assigned_to_id");
CREATE INDEX IF NOT EXISTS "task_manager_task_category_id_5f4a1aed" ON "task_manager_task" ("category_id");
CREATE INDEX IF NOT EXISTS "jobs_jobpost_user_id_5b3a30c5" ON "jobs_jobpost" ("user_id");
CREATE INDEX IF NOT EXISTS "jobs_jobpost_assigned_to_id_af70298e" ON "jobs_jobpost" ("assigned_to_id");
CREATE INDEX IF NOT EXISTS "easyaudit_loginevent_remote_ip_52fb5c3c" ON "easyaudit_loginevent" ("remote_ip");
CREATE INDEX IF NOT EXISTS "easyaudit_loginevent_user_id_f47fcbfb" ON "easyaudit_loginevent" ("user_id");
CREATE INDEX IF NOT EXISTS "easyaudit_crudevent_content_type_id_618ed0c6" ON "easyaudit_crudevent" ("content_type_id");
CREATE INDEX IF NOT EXISTS "easyaudit_crudevent_user_id_09177b54" ON "easyaudit_crudevent" ("user_id");
CREATE INDEX IF NOT EXISTS "easyaudit_crudevent_object_id_content_type_id_48e7e97f_idx" ON "easyaudit_crudevent" ("object_id", "content_type_id");
CREATE INDEX IF NOT EXISTS "easyaudit_requestevent_url_37d1b8c4" ON "easyaudit_requestevent" ("url");
CREATE INDEX IF NOT EXISTS "easyaudit_requestevent_method_83a0c884" ON "easyaudit_requestevent" ("method");
CREATE INDEX IF NOT EXISTS "easyaudit_requestevent_remote_ip_d43af9b2" ON "easyaudit_requestevent" ("remote_ip");
CREATE INDEX IF NOT EXISTS "easyaudit_requestevent_user_id_da412f45" ON "easyaudit_requestevent" ("user_id");
CREATE INDEX IF NOT EXISTS "easyaudit_requestevent_datetime_8ce2b5a3" ON "easyaudit_requestevent" ("datetime");
CREATE TABLE IF NOT EXISTS "jobs_academic" ("id" integer NOT NULL PRIMARY KEY AUTOINCREMENT, "level" varchar(225) NOT NULL, "qualification" varchar(225) NOT NULL, "job_post_id" bigint NOT NULL REFERENCES "jobs_jobpost" ("id") DEFERRABLE INITIALLY DEFERRED);
INSERT INTO "jobs_academic" VALUES(1,'grade 12','Matric',3);
INSERT INTO "jobs_academic" VALUES(2,'Information Systems','Dilpoma',3);
INSERT INTO "jobs_academic" VALUES(3,'Information Technology','Masters',3);
INSERT INTO "jobs_academic" VALUES(4,'grade 12','Matric',7);
INSERT INTO "jobs_academic" VALUES(5,'grade 12','Matric',4);
INSERT INTO "jobs_academic" VALUES(6,'Advanced Python programming ','Any relevant certificate ',4);
INSERT INTO "jobs_academic" VALUES(7,'Computer science','Degree .Bsc',4);
CREATE UNIQUE INDEX "auth_group_permissions_group_id_permission_id_0cd325b0_uniq" ON "auth_group_permissions" ("group_id", "permission_id");
CREATE INDEX IF NOT EXISTS "auth_group_permissions_group_id_b120cbf9" ON "auth_group_permissions" ("group_id");
CREATE INDEX IF NOT EXISTS "auth_group_permissions_permission_id_84c5c92e" ON "auth_group_permissions" ("permission_id");
CREATE UNIQUE INDEX "auth_permission_content_type_id_codename_01ab375a_uniq" ON "auth_permission" ("content_type_id", "codename");
CREATE INDEX IF NOT EXISTS "auth_permission_content_type_id_2f476e4b" ON "auth_permission" ("content_type_id");
CREATE UNIQUE INDEX "auth_user_groups_user_id_group_id_94350c0c_uniq" ON "auth_user_groups" ("user_id", "group_id");
CREATE INDEX IF NOT EXISTS "auth_user_groups_user_id_6a12ed8b" ON "auth_user_groups" ("user_id");
CREATE INDEX IF NOT EXISTS "auth_user_groups_group_id_97559544" ON "auth_user_groups" ("group_id");
CREATE UNIQUE INDEX "auth_user_user_permissions_user_id_permission_id_14a6b632_uniq" ON "auth_user_user_permissions" ("user_id", "permission_id");
CREATE INDEX IF NOT EXISTS "auth_user_user_permissions_user_id_a95ead1b" ON "auth_user_user_permissions" ("user_id");
CREATE INDEX IF NOT EXISTS "auth_user_user_permissions_permission_id_1fbb5f2c" ON "auth_user_user_permissions" ("permission_id");
CREATE INDEX IF NOT EXISTS "django_admin_log_content_type_id_c4bce8eb" ON "django_admin_log" ("content_type_id");
CREATE INDEX IF NOT EXISTS "django_admin_log_user_id_c564eba6" ON "django_admin_log" ("user_id");
CREATE UNIQUE INDEX "django_content_type_app_label_model_76bd3d3b_uniq" ON "django_content_type" ("app_label", "model");
CREATE INDEX IF NOT EXISTS "django_session_expire_date_a5c62663" ON "django_session" ("expire_date");
CREATE INDEX IF NOT EXISTS "jobs_education_job_post_id_0f165219" ON "jobs_academic" ("job_post_id");
CREATE INDEX IF NOT EXISTS "jobs_experience_job_post_id_5cd08f71" ON "jobs_experience" ("job_post_id");
CREATE INDEX IF NOT EXISTS "jobs_notification_user_id_bd18f659" ON "jobs_notification" ("user_id");
CREATE INDEX IF NOT EXISTS "jobs_requirement_job_post_id_fca1d1ec" ON "jobs_requirement" ("job_post_id");
CREATE INDEX IF NOT EXISTS "jobs_skill_job_post_id_c7b60021" ON "jobs_skill" ("job_post_id");
CREATE INDEX IF NOT EXISTS "profiles_attendance_employee_id_2ea8bce1" ON "profiles_attendance" ("employee_id");
CREATE INDEX IF NOT EXISTS "profiles_attendance_shift_id_a1aeffbb" ON "profiles_attendance" ("shift_id");
CREATE INDEX IF NOT EXISTS "profiles_leave_employee_id_add94add" ON "profiles_leave" ("employee_id");
CREATE INDEX IF NOT EXISTS "profiles_raise_employee_id_7a5668e3" ON "profiles_raise" ("employee_id");
CREATE INDEX IF NOT EXISTS "dashboard_backup_user_id_621d4066" ON "dashboard_backup" ("user_id");
CREATE INDEX IF NOT EXISTS "task_manager_category_user_id_3bc802b2" ON "task_manager_category" ("user_id");
CREATE INDEX IF NOT EXISTS "task_manager_task_assigned_to_id_aaf7f5f9" ON "task_manager_task" ("assigned_to_id");
CREATE INDEX IF NOT EXISTS "task_manager_task_category_id_5f4a1aed" ON "task_manager_task" ("category_id");
CREATE INDEX IF NOT EXISTS "jobs_jobpost_user_id_5b3a30c5" ON "jobs_jobpost" ("user_id");
CREATE INDEX IF NOT EXISTS "jobs_jobpost_assigned_to_id_af70298e" ON "jobs_jobpost" ("assigned_to_id");
CREATE INDEX IF NOT EXISTS "easyaudit_loginevent_remote_ip_52fb5c3c" ON "easyaudit_loginevent" ("remote_ip");
CREATE INDEX IF NOT EXISTS "easyaudit_loginevent_user_id_f47fcbfb" ON "easyaudit_loginevent" ("user_id");
CREATE INDEX IF NOT EXISTS "easyaudit_crudevent_content_type_id_618ed0c6" ON "easyaudit_crudevent" ("content_type_id");
CREATE INDEX IF NOT EXISTS "easyaudit_crudevent_user_id_09177b54" ON "easyaudit_crudevent" ("user_id");
CREATE INDEX IF NOT EXISTS "easyaudit_crudevent_object_id_content_type_id_48e7e97f_idx" ON "easyaudit_crudevent" ("object_id", "content_type_id");
CREATE INDEX IF NOT EXISTS "easyaudit_requestevent_url_37d1b8c4" ON "easyaudit_requestevent" ("url");
CREATE INDEX IF NOT EXISTS "easyaudit_requestevent_method_83a0c884" ON "easyaudit_requestevent" ("method");
CREATE INDEX IF NOT EXISTS "easyaudit_requestevent_remote_ip_d43af9b2" ON "easyaudit_requestevent" ("remote_ip");
CREATE INDEX IF NOT EXISTS "easyaudit_requestevent_user_id_da412f45" ON "easyaudit_requestevent" ("user_id");
CREATE INDEX IF NOT EXISTS "easyaudit_requestevent_datetime_8ce2b5a3" ON "easyaudit_requestevent" ("datetime");
CREATE TABLE IF NOT EXISTS "jobs_experience" ("id" integer NOT NULL PRIMARY KEY AUTOINCREMENT, "name" varchar(225) NOT NULL, "job_post_id" bigint NOT NULL REFERENCES "jobs_jobpost" ("id") DEFERRABLE INITIALLY DEFERRED, "duration" varchar(40) NOT NULL);
INSERT INTO "jobs_experience" VALUES(1,'Frontend Development',3,'2 years');
INSERT INTO "jobs_experience" VALUES(2,'Web Templates Design',3,'6 months');
INSERT INTO "jobs_experience" VALUES(3,'project management',7,'4 years');
INSERT INTO "jobs_experience" VALUES(4,'senior project manager',7,'2 years');
INSERT INTO "jobs_experience" VALUES(5,'Software Development',4,'6 years');
INSERT INTO "jobs_experience" VALUES(6,'python programming',4,'2 years');
CREATE UNIQUE INDEX "auth_group_permissions_group_id_permission_id_0cd325b0_uniq" ON "auth_group_permissions" ("group_id", "permission_id");
CREATE INDEX IF NOT EXISTS "auth_group_permissions_group_id_b120cbf9" ON "auth_group_permissions" ("group_id");
CREATE INDEX IF NOT EXISTS "auth_group_permissions_permission_id_84c5c92e" ON "auth_group_permissions" ("permission_id");
CREATE UNIQUE INDEX "auth_permission_content_type_id_codename_01ab375a_uniq" ON "auth_permission" ("content_type_id", "codename");
CREATE INDEX IF NOT EXISTS "auth_permission_content_type_id_2f476e4b" ON "auth_permission" ("content_type_id");
CREATE UNIQUE INDEX "auth_user_groups_user_id_group_id_94350c0c_uniq" ON "auth_user_groups" ("user_id", "group_id");
CREATE INDEX IF NOT EXISTS "auth_user_groups_user_id_6a12ed8b" ON "auth_user_groups" ("user_id");
CREATE INDEX IF NOT EXISTS "auth_user_groups_group_id_97559544" ON "auth_user_groups" ("group_id");
CREATE UNIQUE INDEX "auth_user_user_permissions_user_id_permission_id_14a6b632_uniq" ON "auth_user_user_permissions" ("user_id", "permission_id");
CREATE INDEX IF NOT EXISTS "auth_user_user_permissions_user_id_a95ead1b" ON "auth_user_user_permissions" ("user_id");
CREATE INDEX IF NOT EXISTS "auth_user_user_permissions_permission_id_1fbb5f2c" ON "auth_user_user_permissions" ("permission_id");
CREATE INDEX IF NOT EXISTS "django_admin_log_content_type_id_c4bce8eb" ON "django_admin_log" ("content_type_id");
CREATE INDEX IF NOT EXISTS "django_admin_log_user_id_c564eba6" ON "django_admin_log" ("user_id");
CREATE UNIQUE INDEX "django_content_type_app_label_model_76bd3d3b_uniq" ON "django_content_type" ("app_label", "model");
CREATE INDEX IF NOT EXISTS "django_session_expire_date_a5c62663" ON "django_session" ("expire_date");
CREATE INDEX IF NOT EXISTS "jobs_education_job_post_id_0f165219" ON "jobs_academic" ("job_post_id");
CREATE INDEX IF NOT EXISTS "jobs_experience_job_post_id_5cd08f71" ON "jobs_experience" ("job_post_id");
CREATE INDEX IF NOT EXISTS "jobs_notification_user_id_bd18f659" ON "jobs_notification" ("user_id");
CREATE INDEX IF NOT EXISTS "jobs_requirement_job_post_id_fca1d1ec" ON "jobs_requirement" ("job_post_id");
CREATE INDEX IF NOT EXISTS "jobs_skill_job_post_id_c7b60021" ON "jobs_skill" ("job_post_id");
CREATE INDEX IF NOT EXISTS "profiles_attendance_employee_id_2ea8bce1" ON "profiles_attendance" ("employee_id");
CREATE INDEX IF NOT EXISTS "profiles_attendance_shift_id_a1aeffbb" ON "profiles_attendance" ("shift_id");
CREATE INDEX IF NOT EXISTS "profiles_leave_employee_id_add94add" ON "profiles_leave" ("employee_id");
CREATE INDEX IF NOT EXISTS "profiles_raise_employee_id_7a5668e3" ON "profiles_raise" ("employee_id");
CREATE INDEX IF NOT EXISTS "dashboard_backup_user_id_621d4066" ON "dashboard_backup" ("user_id");
CREATE INDEX IF NOT EXISTS "task_manager_category_user_id_3bc802b2" ON "task_manager_category" ("user_id");
CREATE INDEX IF NOT EXISTS "task_manager_task_assigned_to_id_aaf7f5f9" ON "task_manager_task" ("assigned_to_id");
CREATE INDEX IF NOT EXISTS "task_manager_task_category_id_5f4a1aed" ON "task_manager_task" ("category_id");
CREATE INDEX IF NOT EXISTS "jobs_jobpost_user_id_5b3a30c5" ON "jobs_jobpost" ("user_id");
CREATE INDEX IF NOT EXISTS "jobs_jobpost_assigned_to_id_af70298e" ON "jobs_jobpost" ("assigned_to_id");
CREATE INDEX IF NOT EXISTS "easyaudit_loginevent_remote_ip_52fb5c3c" ON "easyaudit_loginevent" ("remote_ip");
CREATE INDEX IF NOT EXISTS "easyaudit_loginevent_user_id_f47fcbfb" ON "easyaudit_loginevent" ("user_id");
CREATE INDEX IF NOT EXISTS "easyaudit_crudevent_content_type_id_618ed0c6" ON "easyaudit_crudevent" ("content_type_id");
CREATE INDEX IF NOT EXISTS "easyaudit_crudevent_user_id_09177b54" ON "easyaudit_crudevent" ("user_id");
CREATE INDEX IF NOT EXISTS "easyaudit_crudevent_object_id_content_type_id_48e7e97f_idx" ON "easyaudit_crudevent" ("object_id", "content_type_id");
CREATE INDEX IF NOT EXISTS "easyaudit_requestevent_url_37d1b8c4" ON "easyaudit_requestevent" ("url");
CREATE INDEX IF NOT EXISTS "easyaudit_requestevent_method_83a0c884" ON "easyaudit_requestevent" ("method");
CREATE INDEX IF NOT EXISTS "easyaudit_requestevent_remote_ip_d43af9b2" ON "easyaudit_requestevent" ("remote_ip");
CREATE INDEX IF NOT EXISTS "easyaudit_requestevent_user_id_da412f45" ON "easyaudit_requestevent" ("user_id");
CREATE INDEX IF NOT EXISTS "easyaudit_requestevent_datetime_8ce2b5a3" ON "easyaudit_requestevent" ("datetime");
CREATE TABLE IF NOT EXISTS "jobs_jobpost" ("id" integer NOT NULL PRIMARY KEY AUTOINCREMENT, "title" varchar(225) NOT NULL, "description" text NOT NULL, "start_date" datetime NOT NULL, "end_date" datetime NOT NULL, "location" varchar(225) NOT NULL, "salary_range" varchar(100) NULL, "job_type" varchar(50) NOT NULL, "industry" varchar(100) NULL, "company_name" varchar(225) NULL, "user_id" integer NOT NULL REFERENCES "auth_user" ("id") DEFERRABLE INITIALLY DEFERRED, "status" varchar(20) NOT NULL, "is_complete" bool NOT NULL, "is_approved" bool NOT NULL, "assigned_to_id" integer NOT NULL REFERENCES "auth_user" ("id") DEFERRABLE INITIALLY DEFERRED);
INSERT INTO "jobs_jobpost" VALUES(1,'houser cleaner','cleaning rooms and flats','2024-06-22 14:49:23.991809','2024-06-28 00:00:00','Cape Town','R10,000 - R20,000','Contract','cleaning','SixSkies',1,'closed',1,1,1);
INSERT INTO "jobs_jobpost" VALUES(3,'programming','coding javascript','2024-06-25 19:01:00.981774','2024-07-06 00:00:00','Cape Town','R60,000+','Permanent','Information Technology','MICT SETA',1,'closed',0,0,6);
INSERT INTO "jobs_jobpost" VALUES(4,'Data Analyst','Analyze data and give use full information','2024-06-30 19:28:58.963030','2024-07-06 00:00:00','Durban','R10,000 - R20,000','Permanent','Information Technology','Mictseta',1,'closed',1,1,1);
INSERT INTO "jobs_jobpost" VALUES(5,'Boxing','fighting for money and fame','2024-06-30 20:15:41.309212','2024-07-05 00:00:00','Johannesburg','R40,000 - R50,000','Temporary','Boxing','Mictseta',5,'closed',0,0,5);
INSERT INTO "jobs_jobpost" VALUES(6,'app developer','develop mobile applications ','2024-07-03 13:02:35.810038','2024-07-17 00:00:00','Cape Town','R20,000 - R30,000','Contract','Information Technology','Mictseta',5,'open',1,1,5);
INSERT INTO "jobs_jobpost" VALUES(7,'Project manager','manage all  IT projects of the company, and make sure each  project is carried out successfully','2024-07-03 16:10:52.827612','2024-07-11 00:00:00','Johannesburg','R10,000 - R20,000','Remote','Information Technology','MICTSETA',2,'open',1,1,5);
INSERT INTO "jobs_jobpost" VALUES(8,'Professional Stunt man ','looking for a  professional stunt man to do our entertaining stunts ','2024-07-04 15:58:28.203073','2024-07-12 00:00:00','Cape Town','R50,000 - R60,000','Remote','Stunts','MICTSETA',1,'open',1,1,7);
INSERT INTO "jobs_jobpost" VALUES(9,'Data science','looking for a data scientist ','2024-07-07 12:13:10.029715','2024-07-13 00:00:00','Cape Town','R10,000 - R20,000','Permanent','Data science','MICTSETA',7,'waiting',0,0,7);
CREATE UNIQUE INDEX "auth_group_permissions_group_id_permission_id_0cd325b0_uniq" ON "auth_group_permissions" ("group_id", "permission_id");
CREATE INDEX IF NOT EXISTS "auth_group_permissions_group_id_b120cbf9" ON "auth_group_permissions" ("group_id");
CREATE INDEX IF NOT EXISTS "auth_group_permissions_permission_id_84c5c92e" ON "auth_group_permissions" ("permission_id");
CREATE UNIQUE INDEX "auth_permission_content_type_id_codename_01ab375a_uniq" ON "auth_permission" ("content_type_id", "codename");
CREATE INDEX IF NOT EXISTS "auth_permission_content_type_id_2f476e4b" ON "auth_permission" ("content_type_id");
CREATE UNIQUE INDEX "auth_user_groups_user_id_group_id_94350c0c_uniq" ON "auth_user_groups" ("user_id", "group_id");
CREATE INDEX IF NOT EXISTS "auth_user_groups_user_id_6a12ed8b" ON "auth_user_groups" ("user_id");
CREATE INDEX IF NOT EXISTS "auth_user_groups_group_id_97559544" ON "auth_user_groups" ("group_id");
CREATE UNIQUE INDEX "auth_user_user_permissions_user_id_permission_id_14a6b632_uniq" ON "auth_user_user_permissions" ("user_id", "permission_id");
CREATE INDEX IF NOT EXISTS "auth_user_user_permissions_user_id_a95ead1b" ON "auth_user_user_permissions" ("user_id");
CREATE INDEX IF NOT EXISTS "auth_user_user_permissions_permission_id_1fbb5f2c" ON "auth_user_user_permissions" ("permission_id");
CREATE INDEX IF NOT EXISTS "django_admin_log_content_type_id_c4bce8eb" ON "django_admin_log" ("content_type_id");
CREATE INDEX IF NOT EXISTS "django_admin_log_user_id_c564eba6" ON "django_admin_log" ("user_id");
CREATE UNIQUE INDEX "django_content_type_app_label_model_76bd3d3b_uniq" ON "django_content_type" ("app_label", "model");
CREATE INDEX IF NOT EXISTS "django_session_expire_date_a5c62663" ON "django_session" ("expire_date");
CREATE INDEX IF NOT EXISTS "jobs_education_job_post_id_0f165219" ON "jobs_academic" ("job_post_id");
CREATE INDEX IF NOT EXISTS "jobs_experience_job_post_id_5cd08f71" ON "jobs_experience" ("job_post_id");
CREATE INDEX IF NOT EXISTS "jobs_notification_user_id_bd18f659" ON "jobs_notification" ("user_id");
CREATE INDEX IF NOT EXISTS "jobs_requirement_job_post_id_fca1d1ec" ON "jobs_requirement" ("job_post_id");
CREATE INDEX IF NOT EXISTS "jobs_skill_job_post_id_c7b60021" ON "jobs_skill" ("job_post_id");
CREATE INDEX IF NOT EXISTS "profiles_attendance_employee_id_2ea8bce1" ON "profiles_attendance" ("employee_id");
CREATE INDEX IF NOT EXISTS "profiles_attendance_shift_id_a1aeffbb" ON "profiles_attendance" ("shift_id");
CREATE INDEX IF NOT EXISTS "profiles_leave_employee_id_add94add" ON "profiles_leave" ("employee_id");
CREATE INDEX IF NOT EXISTS "profiles_raise_employee_id_7a5668e3" ON "profiles_raise" ("employee_id");
CREATE INDEX IF NOT EXISTS "dashboard_backup_user_id_621d4066" ON "dashboard_backup" ("user_id");
CREATE INDEX IF NOT EXISTS "task_manager_category_user_id_3bc802b2" ON "task_manager_category" ("user_id");
CREATE INDEX IF NOT EXISTS "task_manager_task_assigned_to_id_aaf7f5f9" ON "task_manager_task" ("assigned_to_id");
CREATE INDEX IF NOT EXISTS "task_manager_task_category_id_5f4a1aed" ON "task_manager_task" ("category_id");
CREATE INDEX IF NOT EXISTS "jobs_jobpost_user_id_5b3a30c5" ON "jobs_jobpost" ("user_id");
CREATE INDEX IF NOT EXISTS "jobs_jobpost_assigned_to_id_af70298e" ON "jobs_jobpost" ("assigned_to_id");
CREATE INDEX IF NOT EXISTS "easyaudit_loginevent_remote_ip_52fb5c3c" ON "easyaudit_loginevent" ("remote_ip");
CREATE INDEX IF NOT EXISTS "easyaudit_loginevent_user_id_f47fcbfb" ON "easyaudit_loginevent" ("user_id");
CREATE INDEX IF NOT EXISTS "easyaudit_crudevent_content_type_id_618ed0c6" ON "easyaudit_crudevent" ("content_type_id");
CREATE INDEX IF NOT EXISTS "easyaudit_crudevent_user_id_09177b54" ON "easyaudit_crudevent" ("user_id");
CREATE INDEX IF NOT EXISTS "easyaudit_crudevent_object_id_content_type_id_48e7e97f_idx" ON "easyaudit_crudevent" ("object_id", "content_type_id");
CREATE INDEX IF NOT EXISTS "easyaudit_requestevent_url_37d1b8c4" ON "easyaudit_requestevent" ("url");
CREATE INDEX IF NOT EXISTS "easyaudit_requestevent_method_83a0c884" ON "easyaudit_requestevent" ("method");
CREATE INDEX IF NOT EXISTS "easyaudit_requestevent_remote_ip_d43af9b2" ON "easyaudit_requestevent" ("remote_ip");
CREATE INDEX IF NOT EXISTS "easyaudit_requestevent_user_id_da412f45" ON "easyaudit_requestevent" ("user_id");
CREATE INDEX IF NOT EXISTS "easyaudit_requestevent_datetime_8ce2b5a3" ON "easyaudit_requestevent" ("datetime");
CREATE TABLE IF NOT EXISTS "jobs_notification" ("id" integer NOT NULL PRIMARY KEY AUTOINCREMENT, "action" varchar(225) NOT NULL, "job_title" varchar(225) NOT NULL, "status" varchar(225) NOT NULL, "timestamp" datetime NOT NULL, "is_seen" bool NOT NULL, "user_id" integer NOT NULL REFERENCES "auth_user" ("id") DEFERRABLE INITIALLY DEFERRED);
INSERT INTO "jobs_notification" VALUES(21,'Created New Job ad','Stunt man','waiting','2024-07-04 15:58:28.241175',0,1);
INSERT INTO "jobs_notification" VALUES(23,'Submitted Job for Approval','Professional Stunt man ','pending','2024-07-09 14:21:25.468618',0,1);
INSERT INTO "jobs_notification" VALUES(24,'Job Approval','Professional Stunt man ','open','2024-07-09 14:22:08.379243',0,1);
CREATE UNIQUE INDEX "auth_group_permissions_group_id_permission_id_0cd325b0_uniq" ON "auth_group_permissions" ("group_id", "permission_id");
CREATE INDEX IF NOT EXISTS "auth_group_permissions_group_id_b120cbf9" ON "auth_group_permissions" ("group_id");
CREATE INDEX IF NOT EXISTS "auth_group_permissions_permission_id_84c5c92e" ON "auth_group_permissions" ("permission_id");
CREATE UNIQUE INDEX "auth_permission_content_type_id_codename_01ab375a_uniq" ON "auth_permission" ("content_type_id", "codename");
CREATE INDEX IF NOT EXISTS "auth_permission_content_type_id_2f476e4b" ON "auth_permission" ("content_type_id");
CREATE UNIQUE INDEX "auth_user_groups_user_id_group_id_94350c0c_uniq" ON "auth_user_groups" ("user_id", "group_id");
CREATE INDEX IF NOT EXISTS "auth_user_groups_user_id_6a12ed8b" ON "auth_user_groups" ("user_id");
CREATE INDEX IF NOT EXISTS "auth_user_groups_group_id_97559544" ON "auth_user_groups" ("group_id");
CREATE UNIQUE INDEX "auth_user_user_permissions_user_id_permission_id_14a6b632_uniq" ON "auth_user_user_permissions" ("user_id", "permission_id");
CREATE INDEX IF NOT EXISTS "auth_user_user_permissions_user_id_a95ead1b" ON "auth_user_user_permissions" ("user_id");
CREATE INDEX IF NOT EXISTS "auth_user_user_permissions_permission_id_1fbb5f2c" ON "auth_user_user_permissions" ("permission_id");
CREATE INDEX IF NOT EXISTS "django_admin_log_content_type_id_c4bce8eb" ON "django_admin_log" ("content_type_id");
CREATE INDEX IF NOT EXISTS "django_admin_log_user_id_c564eba6" ON "django_admin_log" ("user_id");
CREATE UNIQUE INDEX "django_content_type_app_label_model_76bd3d3b_uniq" ON "django_content_type" ("app_label", "model");
CREATE INDEX IF NOT EXISTS "django_session_expire_date_a5c62663" ON "django_session" ("expire_date");
CREATE INDEX IF NOT EXISTS "jobs_education_job_post_id_0f165219" ON "jobs_academic" ("job_post_id");
CREATE INDEX IF NOT EXISTS "jobs_experience_job_post_id_5cd08f71" ON "jobs_experience" ("job_post_id");
CREATE INDEX IF NOT EXISTS "jobs_notification_user_id_bd18f659" ON "jobs_notification" ("user_id");
CREATE INDEX IF NOT EXISTS "jobs_requirement_job_post_id_fca1d1ec" ON "jobs_requirement" ("job_post_id");
CREATE INDEX IF NOT EXISTS "jobs_skill_job_post_id_c7b60021" ON "jobs_skill" ("job_post_id");
CREATE INDEX IF NOT EXISTS "profiles_attendance_employee_id_2ea8bce1" ON "profiles_attendance" ("employee_id");
CREATE INDEX IF NOT EXISTS "profiles_attendance_shift_id_a1aeffbb" ON "profiles_attendance" ("shift_id");
CREATE INDEX IF NOT EXISTS "profiles_leave_employee_id_add94add" ON "profiles_leave" ("employee_id");
CREATE INDEX IF NOT EXISTS "profiles_raise_employee_id_7a5668e3" ON "profiles_raise" ("employee_id");
CREATE INDEX IF NOT EXISTS "dashboard_backup_user_id_621d4066" ON "dashboard_backup" ("user_id");
CREATE INDEX IF NOT EXISTS "task_manager_category_user_id_3bc802b2" ON "task_manager_category" ("user_id");
CREATE INDEX IF NOT EXISTS "task_manager_task_assigned_to_id_aaf7f5f9" ON "task_manager_task" ("assigned_to_id");
CREATE INDEX IF NOT EXISTS "task_manager_task_category_id_5f4a1aed" ON "task_manager_task" ("category_id");
CREATE INDEX IF NOT EXISTS "jobs_jobpost_user_id_5b3a30c5" ON "jobs_jobpost" ("user_id");
CREATE INDEX IF NOT EXISTS "jobs_jobpost_assigned_to_id_af70298e" ON "jobs_jobpost" ("assigned_to_id");
CREATE INDEX IF NOT EXISTS "easyaudit_loginevent_remote_ip_52fb5c3c" ON "easyaudit_loginevent" ("remote_ip");
CREATE INDEX IF NOT EXISTS "easyaudit_loginevent_user_id_f47fcbfb" ON "easyaudit_loginevent" ("user_id");
CREATE INDEX IF NOT EXISTS "easyaudit_crudevent_content_type_id_618ed0c6" ON "easyaudit_crudevent" ("content_type_id");
CREATE INDEX IF NOT EXISTS "easyaudit_crudevent_user_id_09177b54" ON "easyaudit_crudevent" ("user_id");
CREATE INDEX IF NOT EXISTS "easyaudit_crudevent_object_id_content_type_id_48e7e97f_idx" ON "easyaudit_crudevent" ("object_id", "content_type_id");
CREATE INDEX IF NOT EXISTS "easyaudit_requestevent_url_37d1b8c4" ON "easyaudit_requestevent" ("url");
CREATE INDEX IF NOT EXISTS "easyaudit_requestevent_method_83a0c884" ON "easyaudit_requestevent" ("method");
CREATE INDEX IF NOT EXISTS "easyaudit_requestevent_remote_ip_d43af9b2" ON "easyaudit_requestevent" ("remote_ip");
CREATE INDEX IF NOT EXISTS "easyaudit_requestevent_user_id_da412f45" ON "easyaudit_requestevent" ("user_id");
CREATE INDEX IF NOT EXISTS "easyaudit_requestevent_datetime_8ce2b5a3" ON "easyaudit_requestevent" ("datetime");
CREATE TABLE IF NOT EXISTS "jobs_requirement" ("id" integer NOT NULL PRIMARY KEY AUTOINCREMENT, "job_post_id" bigint NOT NULL REFERENCES "jobs_jobpost" ("id") DEFERRABLE INITIALLY DEFERRED, "description" varchar(225) NOT NULL);
INSERT INTO "jobs_requirement" VALUES(1,1,'you will be working as full time cleaner');
INSERT INTO "jobs_requirement" VALUES(3,6,'you will have to develop, and maintain all mobile application, from development to production');
INSERT INTO "jobs_requirement" VALUES(4,7,'you will manage all projects and meet all deadlines');
INSERT INTO "jobs_requirement" VALUES(5,7,'you lead a team of developers');
INSERT INTO "jobs_requirement" VALUES(6,7,'you will be responsible for our teams performance and competence');
INSERT INTO "jobs_requirement" VALUES(7,4,'any task assigned to or any project we have in the department you will be responsible for it.');
CREATE UNIQUE INDEX "auth_group_permissions_group_id_permission_id_0cd325b0_uniq" ON "auth_group_permissions" ("group_id", "permission_id");
CREATE INDEX IF NOT EXISTS "auth_group_permissions_group_id_b120cbf9" ON "auth_group_permissions" ("group_id");
CREATE INDEX IF NOT EXISTS "auth_group_permissions_permission_id_84c5c92e" ON "auth_group_permissions" ("permission_id");
CREATE UNIQUE INDEX "auth_permission_content_type_id_codename_01ab375a_uniq" ON "auth_permission" ("content_type_id", "codename");
CREATE INDEX IF NOT EXISTS "auth_permission_content_type_id_2f476e4b" ON "auth_permission" ("content_type_id");
CREATE UNIQUE INDEX "auth_user_groups_user_id_group_id_94350c0c_uniq" ON "auth_user_groups" ("user_id", "group_id");
CREATE INDEX IF NOT EXISTS "auth_user_groups_user_id_6a12ed8b" ON "auth_user_groups" ("user_id");
CREATE INDEX IF NOT EXISTS "auth_user_groups_group_id_97559544" ON "auth_user_groups" ("group_id");
CREATE UNIQUE INDEX "auth_user_user_permissions_user_id_permission_id_14a6b632_uniq" ON "auth_user_user_permissions" ("user_id", "permission_id");
CREATE INDEX IF NOT EXISTS "auth_user_user_permissions_user_id_a95ead1b" ON "auth_user_user_permissions" ("user_id");
CREATE INDEX IF NOT EXISTS "auth_user_user_permissions_permission_id_1fbb5f2c" ON "auth_user_user_permissions" ("permission_id");
CREATE INDEX IF NOT EXISTS "django_admin_log_content_type_id_c4bce8eb" ON "django_admin_log" ("content_type_id");
CREATE INDEX IF NOT EXISTS "django_admin_log_user_id_c564eba6" ON "django_admin_log" ("user_id");
CREATE UNIQUE INDEX "django_content_type_app_label_model_76bd3d3b_uniq" ON "django_content_type" ("app_label", "model");
CREATE INDEX IF NOT EXISTS "django_session_expire_date_a5c62663" ON "django_session" ("expire_date");
CREATE INDEX IF NOT EXISTS "jobs_education_job_post_id_0f165219" ON "jobs_academic" ("job_post_id");
CREATE INDEX IF NOT EXISTS "jobs_experience_job_post_id_5cd08f71" ON "jobs_experience" ("job_post_id");
CREATE INDEX IF NOT EXISTS "jobs_notification_user_id_bd18f659" ON "jobs_notification" ("user_id");
CREATE INDEX IF NOT EXISTS "jobs_requirement_job_post_id_fca1d1ec" ON "jobs_requirement" ("job_post_id");
CREATE INDEX IF NOT EXISTS "jobs_skill_job_post_id_c7b60021" ON "jobs_skill" ("job_post_id");
CREATE INDEX IF NOT EXISTS "profiles_attendance_employee_id_2ea8bce1" ON "profiles_attendance" ("employee_id");
CREATE INDEX IF NOT EXISTS "profiles_attendance_shift_id_a1aeffbb" ON "profiles_attendance" ("shift_id");
CREATE INDEX IF NOT EXISTS "profiles_leave_employee_id_add94add" ON "profiles_leave" ("employee_id");
CREATE INDEX IF NOT EXISTS "profiles_raise_employee_id_7a5668e3" ON "profiles_raise" ("employee_id");
CREATE INDEX IF NOT EXISTS "dashboard_backup_user_id_621d4066" ON "dashboard_backup" ("user_id");
CREATE INDEX IF NOT EXISTS "task_manager_category_user_id_3bc802b2" ON "task_manager_category" ("user_id");
CREATE INDEX IF NOT EXISTS "task_manager_task_assigned_to_id_aaf7f5f9" ON "task_manager_task" ("assigned_to_id");
CREATE INDEX IF NOT EXISTS "task_manager_task_category_id_5f4a1aed" ON "task_manager_task" ("category_id");
CREATE INDEX IF NOT EXISTS "jobs_jobpost_user_id_5b3a30c5" ON "jobs_jobpost" ("user_id");
CREATE INDEX IF NOT EXISTS "jobs_jobpost_assigned_to_id_af70298e" ON "jobs_jobpost" ("assigned_to_id");
CREATE INDEX IF NOT EXISTS "easyaudit_loginevent_remote_ip_52fb5c3c" ON "easyaudit_loginevent" ("remote_ip");
CREATE INDEX IF NOT EXISTS "easyaudit_loginevent_user_id_f47fcbfb" ON "easyaudit_loginevent" ("user_id");
CREATE INDEX IF NOT EXISTS "easyaudit_crudevent_content_type_id_618ed0c6" ON "easyaudit_crudevent" ("content_type_id");
CREATE INDEX IF NOT EXISTS "easyaudit_crudevent_user_id_09177b54" ON "easyaudit_crudevent" ("user_id");
CREATE INDEX IF NOT EXISTS "easyaudit_crudevent_object_id_content_type_id_48e7e97f_idx" ON "easyaudit_crudevent" ("object_id", "content_type_id");
CREATE INDEX IF NOT EXISTS "easyaudit_requestevent_url_37d1b8c4" ON "easyaudit_requestevent" ("url");
CREATE INDEX IF NOT EXISTS "easyaudit_requestevent_method_83a0c884" ON "easyaudit_requestevent" ("method");
CREATE INDEX IF NOT EXISTS "easyaudit_requestevent_remote_ip_d43af9b2" ON "easyaudit_requestevent" ("remote_ip");
CREATE INDEX IF NOT EXISTS "easyaudit_requestevent_user_id_da412f45" ON "easyaudit_requestevent" ("user_id");
CREATE INDEX IF NOT EXISTS "easyaudit_requestevent_datetime_8ce2b5a3" ON "easyaudit_requestevent" ("datetime");
CREATE TABLE IF NOT EXISTS "jobs_skill" ("id" integer NOT NULL PRIMARY KEY AUTOINCREMENT, "name" varchar(225) NOT NULL, "level" varchar(50) NOT NULL, "job_post_id" bigint NOT NULL REFERENCES "jobs_jobpost" ("id") DEFERRABLE INITIALLY DEFERRED);
INSERT INTO "jobs_skill" VALUES(1,'spotless cleaning','Beginner',1);
INSERT INTO "jobs_skill" VALUES(3,'programming','Beginner',3);
INSERT INTO "jobs_skill" VALUES(4,'Python - Flask, Django','Intermediate',3);
INSERT INTO "jobs_skill" VALUES(5,'computer skilss','Advanced',3);
INSERT INTO "jobs_skill" VALUES(6,'problem solving skilss','Advanced',3);
INSERT INTO "jobs_skill" VALUES(7,'Html 5','Advanced',3);
INSERT INTO "jobs_skill" VALUES(8,'CSS 3','Advanced',3);
INSERT INTO "jobs_skill" VALUES(9,'Javascript','Intermediate',3);
INSERT INTO "jobs_skill" VALUES(10,'C ++','Beginner',6);
INSERT INTO "jobs_skill" VALUES(11,'java SDE','Intermediate',6);
INSERT INTO "jobs_skill" VALUES(12,'people skills','Beginner',7);
INSERT INTO "jobs_skill" VALUES(13,'light communication skills','Intermediate',7);
INSERT INTO "jobs_skill" VALUES(14,'leadership skills','Intermediate',7);
INSERT INTO "jobs_skill" VALUES(15,'python programming','Advanced',4);
INSERT INTO "jobs_skill" VALUES(16,'functional programming','Advanced',4);
INSERT INTO "jobs_skill" VALUES(17,'Object Orientated  Programming','Advanced',4);
INSERT INTO "jobs_skill" VALUES(18,'Modularization ','Advanced',4);
INSERT INTO "jobs_skill" VALUES(19,'data types and algorithms ','Advanced',4);
INSERT INTO "jobs_skill" VALUES(20,'skate','Intermediate',8);
CREATE UNIQUE INDEX "auth_group_permissions_group_id_permission_id_0cd325b0_uniq" ON "auth_group_permissions" ("group_id", "permission_id");
CREATE INDEX IF NOT EXISTS "auth_group_permissions_group_id_b120cbf9" ON "auth_group_permissions" ("group_id");
CREATE INDEX IF NOT EXISTS "auth_group_permissions_permission_id_84c5c92e" ON "auth_group_permissions" ("permission_id");
CREATE UNIQUE INDEX "auth_permission_content_type_id_codename_01ab375a_uniq" ON "auth_permission" ("content_type_id", "codename");
CREATE INDEX IF NOT EXISTS "auth_permission_content_type_id_2f476e4b" ON "auth_permission" ("content_type_id");
CREATE UNIQUE INDEX "auth_user_groups_user_id_group_id_94350c0c_uniq" ON "auth_user_groups" ("user_id", "group_id");
CREATE INDEX IF NOT EXISTS "auth_user_groups_user_id_6a12ed8b" ON "auth_user_groups" ("user_id");
CREATE INDEX IF NOT EXISTS "auth_user_groups_group_id_97559544" ON "auth_user_groups" ("group_id");
CREATE UNIQUE INDEX "auth_user_user_permissions_user_id_permission_id_14a6b632_uniq" ON "auth_user_user_permissions" ("user_id", "permission_id");
CREATE INDEX IF NOT EXISTS "auth_user_user_permissions_user_id_a95ead1b" ON "auth_user_user_permissions" ("user_id");
CREATE INDEX IF NOT EXISTS "auth_user_user_permissions_permission_id_1fbb5f2c" ON "auth_user_user_permissions" ("permission_id");
CREATE INDEX IF NOT EXISTS "django_admin_log_content_type_id_c4bce8eb" ON "django_admin_log" ("content_type_id");
CREATE INDEX IF NOT EXISTS "django_admin_log_user_id_c564eba6" ON "django_admin_log" ("user_id");
CREATE UNIQUE INDEX "django_content_type_app_label_model_76bd3d3b_uniq" ON "django_content_type" ("app_label", "model");
CREATE INDEX IF NOT EXISTS "django_session_expire_date_a5c62663" ON "django_session" ("expire_date");
CREATE INDEX IF NOT EXISTS "jobs_education_job_post_id_0f165219" ON "jobs_academic" ("job_post_id");
CREATE INDEX IF NOT EXISTS "jobs_experience_job_post_id_5cd08f71" ON "jobs_experience" ("job_post_id");
CREATE INDEX IF NOT EXISTS "jobs_notification_user_id_bd18f659" ON "jobs_notification" ("user_id");
CREATE INDEX IF NOT EXISTS "jobs_requirement_job_post_id_fca1d1ec" ON "jobs_requirement" ("job_post_id");
CREATE INDEX IF NOT EXISTS "jobs_skill_job_post_id_c7b60021" ON "jobs_skill" ("job_post_id");
CREATE INDEX IF NOT EXISTS "profiles_attendance_employee_id_2ea8bce1" ON "profiles_attendance" ("employee_id");
CREATE INDEX IF NOT EXISTS "profiles_attendance_shift_id_a1aeffbb" ON "profiles_attendance" ("shift_id");
CREATE INDEX IF NOT EXISTS "profiles_leave_employee_id_add94add" ON "profiles_leave" ("employee_id");
CREATE INDEX IF NOT EXISTS "profiles_raise_employee_id_7a5668e3" ON "profiles_raise" ("employee_id");
CREATE INDEX IF NOT EXISTS "dashboard_backup_user_id_621d4066" ON "dashboard_backup" ("user_id");
CREATE INDEX IF NOT EXISTS "task_manager_category_user_id_3bc802b2" ON "task_manager_category" ("user_id");
CREATE INDEX IF NOT EXISTS "task_manager_task_assigned_to_id_aaf7f5f9" ON "task_manager_task" ("assigned_to_id");
CREATE INDEX IF NOT EXISTS "task_manager_task_category_id_5f4a1aed" ON "task_manager_task" ("category_id");
CREATE INDEX IF NOT EXISTS "jobs_jobpost_user_id_5b3a30c5" ON "jobs_jobpost" ("user_id");
CREATE INDEX IF NOT EXISTS "jobs_jobpost_assigned_to_id_af70298e" ON "jobs_jobpost" ("assigned_to_id");
CREATE INDEX IF NOT EXISTS "easyaudit_loginevent_remote_ip_52fb5c3c" ON "easyaudit_loginevent" ("remote_ip");
CREATE INDEX IF NOT EXISTS "easyaudit_loginevent_user_id_f47fcbfb" ON "easyaudit_loginevent" ("user_id");
CREATE INDEX IF NOT EXISTS "easyaudit_crudevent_content_type_id_618ed0c6" ON "easyaudit_crudevent" ("content_type_id");
CREATE INDEX IF NOT EXISTS "easyaudit_crudevent_user_id_09177b54" ON "easyaudit_crudevent" ("user_id");
CREATE INDEX IF NOT EXISTS "easyaudit_crudevent_object_id_content_type_id_48e7e97f_idx" ON "easyaudit_crudevent" ("object_id", "content_type_id");
CREATE INDEX IF NOT EXISTS "easyaudit_requestevent_url_37d1b8c4" ON "easyaudit_requestevent" ("url");
CREATE INDEX IF NOT EXISTS "easyaudit_requestevent_method_83a0c884" ON "easyaudit_requestevent" ("method");
CREATE INDEX IF NOT EXISTS "easyaudit_requestevent_remote_ip_d43af9b2" ON "easyaudit_requestevent" ("remote_ip");
CREATE INDEX IF NOT EXISTS "easyaudit_requestevent_user_id_da412f45" ON "easyaudit_requestevent" ("user_id");
CREATE INDEX IF NOT EXISTS "easyaudit_requestevent_datetime_8ce2b5a3" ON "easyaudit_requestevent" ("datetime");
CREATE TABLE IF NOT EXISTS "profiles_addressinformation" ("id" integer NOT NULL PRIMARY KEY AUTOINCREMENT, "street_address_line1" varchar(225) NULL, "city" varchar(225) NULL, "province" varchar(225) NULL, "postal_code" varchar(6) NULL, "user_id" integer NOT NULL UNIQUE REFERENCES "auth_user" ("id") DEFERRABLE INITIALLY DEFERRED, "street_address_line" varchar(225) NULL);
CREATE UNIQUE INDEX "auth_group_permissions_group_id_permission_id_0cd325b0_uniq" ON "auth_group_permissions" ("group_id", "permission_id");
CREATE INDEX IF NOT EXISTS "auth_group_permissions_group_id_b120cbf9" ON "auth_group_permissions" ("group_id");
CREATE INDEX IF NOT EXISTS "auth_group_permissions_permission_id_84c5c92e" ON "auth_group_permissions" ("permission_id");
CREATE UNIQUE INDEX "auth_permission_content_type_id_codename_01ab375a_uniq" ON "auth_permission" ("content_type_id", "codename");
CREATE INDEX IF NOT EXISTS "auth_permission_content_type_id_2f476e4b" ON "auth_permission" ("content_type_id");
CREATE UNIQUE INDEX "auth_user_groups_user_id_group_id_94350c0c_uniq" ON "auth_user_groups" ("user_id", "group_id");
CREATE INDEX IF NOT EXISTS "auth_user_groups_user_id_6a12ed8b" ON "auth_user_groups" ("user_id");
CREATE INDEX IF NOT EXISTS "auth_user_groups_group_id_97559544" ON "auth_user_groups" ("group_id");
CREATE UNIQUE INDEX "auth_user_user_permissions_user_id_permission_id_14a6b632_uniq" ON "auth_user_user_permissions" ("user_id", "permission_id");
CREATE INDEX IF NOT EXISTS "auth_user_user_permissions_user_id_a95ead1b" ON "auth_user_user_permissions" ("user_id");
CREATE INDEX IF NOT EXISTS "auth_user_user_permissions_permission_id_1fbb5f2c" ON "auth_user_user_permissions" ("permission_id");
CREATE INDEX IF NOT EXISTS "django_admin_log_content_type_id_c4bce8eb" ON "django_admin_log" ("content_type_id");
CREATE INDEX IF NOT EXISTS "django_admin_log_user_id_c564eba6" ON "django_admin_log" ("user_id");
CREATE UNIQUE INDEX "django_content_type_app_label_model_76bd3d3b_uniq" ON "django_content_type" ("app_label", "model");
CREATE INDEX IF NOT EXISTS "django_session_expire_date_a5c62663" ON "django_session" ("expire_date");
CREATE INDEX IF NOT EXISTS "jobs_education_job_post_id_0f165219" ON "jobs_academic" ("job_post_id");
CREATE INDEX IF NOT EXISTS "jobs_experience_job_post_id_5cd08f71" ON "jobs_experience" ("job_post_id");
CREATE INDEX IF NOT EXISTS "jobs_notification_user_id_bd18f659" ON "jobs_notification" ("user_id");
CREATE INDEX IF NOT EXISTS "jobs_requirement_job_post_id_fca1d1ec" ON "jobs_requirement" ("job_post_id");
CREATE INDEX IF NOT EXISTS "jobs_skill_job_post_id_c7b60021" ON "jobs_skill" ("job_post_id");
CREATE INDEX IF NOT EXISTS "profiles_attendance_employee_id_2ea8bce1" ON "profiles_attendance" ("employee_id");
CREATE INDEX IF NOT EXISTS "profiles_attendance_shift_id_a1aeffbb" ON "profiles_attendance" ("shift_id");
CREATE INDEX IF NOT EXISTS "profiles_leave_employee_id_add94add" ON "profiles_leave" ("employee_id");
CREATE INDEX IF NOT EXISTS "profiles_raise_employee_id_7a5668e3" ON "profiles_raise" ("employee_id");
CREATE INDEX IF NOT EXISTS "dashboard_backup_user_id_621d4066" ON "dashboard_backup" ("user_id");
CREATE INDEX IF NOT EXISTS "task_manager_category_user_id_3bc802b2" ON "task_manager_category" ("user_id");
CREATE INDEX IF NOT EXISTS "task_manager_task_assigned_to_id_aaf7f5f9" ON "task_manager_task" ("assigned_to_id");
CREATE INDEX IF NOT EXISTS "task_manager_task_category_id_5f4a1aed" ON "task_manager_task" ("category_id");
CREATE INDEX IF NOT EXISTS "jobs_jobpost_user_id_5b3a30c5" ON "jobs_jobpost" ("user_id");
CREATE INDEX IF NOT EXISTS "jobs_jobpost_assigned_to_id_af70298e" ON "jobs_jobpost" ("assigned_to_id");
CREATE INDEX IF NOT EXISTS "easyaudit_loginevent_remote_ip_52fb5c3c" ON "easyaudit_loginevent" ("remote_ip");
CREATE INDEX IF NOT EXISTS "easyaudit_loginevent_user_id_f47fcbfb" ON "easyaudit_loginevent" ("user_id");
CREATE INDEX IF NOT EXISTS "easyaudit_crudevent_content_type_id_618ed0c6" ON "easyaudit_crudevent" ("content_type_id");
CREATE INDEX IF NOT EXISTS "easyaudit_crudevent_user_id_09177b54" ON "easyaudit_crudevent" ("user_id");
CREATE INDEX IF NOT EXISTS "easyaudit_crudevent_object_id_content_type_id_48e7e97f_idx" ON "easyaudit_crudevent" ("object_id", "content_type_id");
CREATE INDEX IF NOT EXISTS "easyaudit_requestevent_url_37d1b8c4" ON "easyaudit_requestevent" ("url");
CREATE INDEX IF NOT EXISTS "easyaudit_requestevent_method_83a0c884" ON "easyaudit_requestevent" ("method");
CREATE INDEX IF NOT EXISTS "easyaudit_requestevent_remote_ip_d43af9b2" ON "easyaudit_requestevent" ("remote_ip");
CREATE INDEX IF NOT EXISTS "easyaudit_requestevent_user_id_da412f45" ON "easyaudit_requestevent" ("user_id");
CREATE INDEX IF NOT EXISTS "easyaudit_requestevent_datetime_8ce2b5a3" ON "easyaudit_requestevent" ("datetime");
CREATE TABLE IF NOT EXISTS "profiles_attendance" ("id" integer NOT NULL PRIMARY KEY AUTOINCREMENT, "status" varchar(225) NOT NULL, "employee_id" integer NOT NULL REFERENCES "auth_user" ("id") DEFERRABLE INITIALLY DEFERRED, "shift_id" bigint NOT NULL REFERENCES "profiles_shift" ("id") DEFERRABLE INITIALLY DEFERRED, "minutes" varchar(225) NULL, "is_late" bool NOT NULL, "active" varchar(225) NULL, "date" date NOT NULL);
INSERT INTO "profiles_attendance" VALUES(1,'Present',2,2,'341',1,'Inactive','2024-06-30');
INSERT INTO "profiles_attendance" VALUES(3,'Present',2,2,'497',1,'Inactive','2024-07-01');
INSERT INTO "profiles_attendance" VALUES(6,'Present',2,2,'306',1,'Inactive','2024-07-03');
INSERT INTO "profiles_attendance" VALUES(7,'Present',5,3,'532',1,'Inactive','2024-07-03');
INSERT INTO "profiles_attendance" VALUES(8,'Present',5,3,'372',1,'Active','2024-07-04');
INSERT INTO "profiles_attendance" VALUES(9,'Present',7,5,'65',1,'Active','2024-07-07');
CREATE UNIQUE INDEX "auth_group_permissions_group_id_permission_id_0cd325b0_uniq" ON "auth_group_permissions" ("group_id", "permission_id");
CREATE INDEX IF NOT EXISTS "auth_group_permissions_group_id_b120cbf9" ON "auth_group_permissions" ("group_id");
CREATE INDEX IF NOT EXISTS "auth_group_permissions_permission_id_84c5c92e" ON "auth_group_permissions" ("permission_id");
CREATE UNIQUE INDEX "auth_permission_content_type_id_codename_01ab375a_uniq" ON "auth_permission" ("content_type_id", "codename");
CREATE INDEX IF NOT EXISTS "auth_permission_content_type_id_2f476e4b" ON "auth_permission" ("content_type_id");
CREATE UNIQUE INDEX "auth_user_groups_user_id_group_id_94350c0c_uniq" ON "auth_user_groups" ("user_id", "group_id");
CREATE INDEX IF NOT EXISTS "auth_user_groups_user_id_6a12ed8b" ON "auth_user_groups" ("user_id");
CREATE INDEX IF NOT EXISTS "auth_user_groups_group_id_97559544" ON "auth_user_groups" ("group_id");
CREATE UNIQUE INDEX "auth_user_user_permissions_user_id_permission_id_14a6b632_uniq" ON "auth_user_user_permissions" ("user_id", "permission_id");
CREATE INDEX IF NOT EXISTS "auth_user_user_permissions_user_id_a95ead1b" ON "auth_user_user_permissions" ("user_id");
CREATE INDEX IF NOT EXISTS "auth_user_user_permissions_permission_id_1fbb5f2c" ON "auth_user_user_permissions" ("permission_id");
CREATE INDEX IF NOT EXISTS "django_admin_log_content_type_id_c4bce8eb" ON "django_admin_log" ("content_type_id");
CREATE INDEX IF NOT EXISTS "django_admin_log_user_id_c564eba6" ON "django_admin_log" ("user_id");
CREATE UNIQUE INDEX "django_content_type_app_label_model_76bd3d3b_uniq" ON "django_content_type" ("app_label", "model");
CREATE INDEX IF NOT EXISTS "django_session_expire_date_a5c62663" ON "django_session" ("expire_date");
CREATE INDEX IF NOT EXISTS "jobs_education_job_post_id_0f165219" ON "jobs_academic" ("job_post_id");
CREATE INDEX IF NOT EXISTS "jobs_experience_job_post_id_5cd08f71" ON "jobs_experience" ("job_post_id");
CREATE INDEX IF NOT EXISTS "jobs_notification_user_id_bd18f659" ON "jobs_notification" ("user_id");
CREATE INDEX IF NOT EXISTS "jobs_requirement_job_post_id_fca1d1ec" ON "jobs_requirement" ("job_post_id");
CREATE INDEX IF NOT EXISTS "jobs_skill_job_post_id_c7b60021" ON "jobs_skill" ("job_post_id");
CREATE INDEX IF NOT EXISTS "profiles_attendance_employee_id_2ea8bce1" ON "profiles_attendance" ("employee_id");
CREATE INDEX IF NOT EXISTS "profiles_attendance_shift_id_a1aeffbb" ON "profiles_attendance" ("shift_id");
CREATE INDEX IF NOT EXISTS "profiles_leave_employee_id_add94add" ON "profiles_leave" ("employee_id");
CREATE INDEX IF NOT EXISTS "profiles_raise_employee_id_7a5668e3" ON "profiles_raise" ("employee_id");
CREATE INDEX IF NOT EXISTS "dashboard_backup_user_id_621d4066" ON "dashboard_backup" ("user_id");
CREATE INDEX IF NOT EXISTS "task_manager_category_user_id_3bc802b2" ON "task_manager_category" ("user_id");
CREATE INDEX IF NOT EXISTS "task_manager_task_assigned_to_id_aaf7f5f9" ON "task_manager_task" ("assigned_to_id");
CREATE INDEX IF NOT EXISTS "task_manager_task_category_id_5f4a1aed" ON "task_manager_task" ("category_id");
CREATE INDEX IF NOT EXISTS "jobs_jobpost_user_id_5b3a30c5" ON "jobs_jobpost" ("user_id");
CREATE INDEX IF NOT EXISTS "jobs_jobpost_assigned_to_id_af70298e" ON "jobs_jobpost" ("assigned_to_id");
CREATE INDEX IF NOT EXISTS "easyaudit_loginevent_remote_ip_52fb5c3c" ON "easyaudit_loginevent" ("remote_ip");
CREATE INDEX IF NOT EXISTS "easyaudit_loginevent_user_id_f47fcbfb" ON "easyaudit_loginevent" ("user_id");
CREATE INDEX IF NOT EXISTS "easyaudit_crudevent_content_type_id_618ed0c6" ON "easyaudit_crudevent" ("content_type_id");
CREATE INDEX IF NOT EXISTS "easyaudit_crudevent_user_id_09177b54" ON "easyaudit_crudevent" ("user_id");
CREATE INDEX IF NOT EXISTS "easyaudit_crudevent_object_id_content_type_id_48e7e97f_idx" ON "easyaudit_crudevent" ("object_id", "content_type_id");
CREATE INDEX IF NOT EXISTS "easyaudit_requestevent_url_37d1b8c4" ON "easyaudit_requestevent" ("url");
CREATE INDEX IF NOT EXISTS "easyaudit_requestevent_method_83a0c884" ON "easyaudit_requestevent" ("method");
CREATE INDEX IF NOT EXISTS "easyaudit_requestevent_remote_ip_d43af9b2" ON "easyaudit_requestevent" ("remote_ip");
CREATE INDEX IF NOT EXISTS "easyaudit_requestevent_user_id_da412f45" ON "easyaudit_requestevent" ("user_id");
CREATE INDEX IF NOT EXISTS "easyaudit_requestevent_datetime_8ce2b5a3" ON "easyaudit_requestevent" ("datetime");
CREATE TABLE IF NOT EXISTS "profiles_leave" ("id" integer NOT NULL PRIMARY KEY AUTOINCREMENT, "lave_type" varchar(225) NOT NULL, "message" varchar(225) NOT NULL, "start_date" datetime NOT NULL, "end_date" datetime NOT NULL, "date" datetime NOT NULL, "status" varchar(225) NOT NULL, "employee_id" integer NOT NULL REFERENCES "auth_user" ("id") DEFERRABLE INITIALLY DEFERRED, "seen" bool NOT NULL);
INSERT INTO "profiles_leave" VALUES(1,'Family and Medical Leave','im feeling sick ','2024-06-22 00:00:00','2024-06-24 00:00:00','2024-06-23 00:44:53.925740','Approved',2,0);
INSERT INTO "profiles_leave" VALUES(2,'Holiday Leave','holiday leave','2024-07-03 00:00:00','2024-07-02 00:00:00','2024-07-01 16:43:55.506277','Rejected',5,1);
CREATE UNIQUE INDEX "auth_group_permissions_group_id_permission_id_0cd325b0_uniq" ON "auth_group_permissions" ("group_id", "permission_id");
CREATE INDEX IF NOT EXISTS "auth_group_permissions_group_id_b120cbf9" ON "auth_group_permissions" ("group_id");
CREATE INDEX IF NOT EXISTS "auth_group_permissions_permission_id_84c5c92e" ON "auth_group_permissions" ("permission_id");
CREATE UNIQUE INDEX "auth_permission_content_type_id_codename_01ab375a_uniq" ON "auth_permission" ("content_type_id", "codename");
CREATE INDEX IF NOT EXISTS "auth_permission_content_type_id_2f476e4b" ON "auth_permission" ("content_type_id");
CREATE UNIQUE INDEX "auth_user_groups_user_id_group_id_94350c0c_uniq" ON "auth_user_groups" ("user_id", "group_id");
CREATE INDEX IF NOT EXISTS "auth_user_groups_user_id_6a12ed8b" ON "auth_user_groups" ("user_id");
CREATE INDEX IF NOT EXISTS "auth_user_groups_group_id_97559544" ON "auth_user_groups" ("group_id");
CREATE UNIQUE INDEX "auth_user_user_permissions_user_id_permission_id_14a6b632_uniq" ON "auth_user_user_permissions" ("user_id", "permission_id");
CREATE INDEX IF NOT EXISTS "auth_user_user_permissions_user_id_a95ead1b" ON "auth_user_user_permissions" ("user_id");
CREATE INDEX IF NOT EXISTS "auth_user_user_permissions_permission_id_1fbb5f2c" ON "auth_user_user_permissions" ("permission_id");
CREATE INDEX IF NOT EXISTS "django_admin_log_content_type_id_c4bce8eb" ON "django_admin_log" ("content_type_id");
CREATE INDEX IF NOT EXISTS "django_admin_log_user_id_c564eba6" ON "django_admin_log" ("user_id");
CREATE UNIQUE INDEX "django_content_type_app_label_model_76bd3d3b_uniq" ON "django_content_type" ("app_label", "model");
CREATE INDEX IF NOT EXISTS "django_session_expire_date_a5c62663" ON "django_session" ("expire_date");
CREATE INDEX IF NOT EXISTS "jobs_education_job_post_id_0f165219" ON "jobs_academic" ("job_post_id");
CREATE INDEX IF NOT EXISTS "jobs_experience_job_post_id_5cd08f71" ON "jobs_experience" ("job_post_id");
CREATE INDEX IF NOT EXISTS "jobs_notification_user_id_bd18f659" ON "jobs_notification" ("user_id");
CREATE INDEX IF NOT EXISTS "jobs_requirement_job_post_id_fca1d1ec" ON "jobs_requirement" ("job_post_id");
CREATE INDEX IF NOT EXISTS "jobs_skill_job_post_id_c7b60021" ON "jobs_skill" ("job_post_id");
CREATE INDEX IF NOT EXISTS "profiles_attendance_employee_id_2ea8bce1" ON "profiles_attendance" ("employee_id");
CREATE INDEX IF NOT EXISTS "profiles_attendance_shift_id_a1aeffbb" ON "profiles_attendance" ("shift_id");
CREATE INDEX IF NOT EXISTS "profiles_leave_employee_id_add94add" ON "profiles_leave" ("employee_id");
CREATE INDEX IF NOT EXISTS "profiles_raise_employee_id_7a5668e3" ON "profiles_raise" ("employee_id");
CREATE INDEX IF NOT EXISTS "dashboard_backup_user_id_621d4066" ON "dashboard_backup" ("user_id");
CREATE INDEX IF NOT EXISTS "task_manager_category_user_id_3bc802b2" ON "task_manager_category" ("user_id");
CREATE INDEX IF NOT EXISTS "task_manager_task_assigned_to_id_aaf7f5f9" ON "task_manager_task" ("assigned_to_id");
CREATE INDEX IF NOT EXISTS "task_manager_task_category_id_5f4a1aed" ON "task_manager_task" ("category_id");
CREATE INDEX IF NOT EXISTS "jobs_jobpost_user_id_5b3a30c5" ON "jobs_jobpost" ("user_id");
CREATE INDEX IF NOT EXISTS "jobs_jobpost_assigned_to_id_af70298e" ON "jobs_jobpost" ("assigned_to_id");
CREATE INDEX IF NOT EXISTS "easyaudit_loginevent_remote_ip_52fb5c3c" ON "easyaudit_loginevent" ("remote_ip");
CREATE INDEX IF NOT EXISTS "easyaudit_loginevent_user_id_f47fcbfb" ON "easyaudit_loginevent" ("user_id");
CREATE INDEX IF NOT EXISTS "easyaudit_crudevent_content_type_id_618ed0c6" ON "easyaudit_crudevent" ("content_type_id");
CREATE INDEX IF NOT EXISTS "easyaudit_crudevent_user_id_09177b54" ON "easyaudit_crudevent" ("user_id");
CREATE INDEX IF NOT EXISTS "easyaudit_crudevent_object_id_content_type_id_48e7e97f_idx" ON "easyaudit_crudevent" ("object_id", "content_type_id");
CREATE INDEX IF NOT EXISTS "easyaudit_requestevent_url_37d1b8c4" ON "easyaudit_requestevent" ("url");
CREATE INDEX IF NOT EXISTS "easyaudit_requestevent_method_83a0c884" ON "easyaudit_requestevent" ("method");
CREATE INDEX IF NOT EXISTS "easyaudit_requestevent_remote_ip_d43af9b2" ON "easyaudit_requestevent" ("remote_ip");
CREATE INDEX IF NOT EXISTS "easyaudit_requestevent_user_id_da412f45" ON "easyaudit_requestevent" ("user_id");
CREATE INDEX IF NOT EXISTS "easyaudit_requestevent_datetime_8ce2b5a3" ON "easyaudit_requestevent" ("datetime");
CREATE TABLE IF NOT EXISTS "profiles_personalinformation" ("id" integer NOT NULL PRIMARY KEY AUTOINCREMENT, "linkedin_profile" varchar(225) NOT NULL, "personal_website" varchar(225) NOT NULL, "job_title" varchar(225) NOT NULL, "current_employer" varchar(225) NOT NULL, "years_of_expreince" varchar(100) NOT NULL, "industry" varchar(225) NOT NULL, "carear_level" varchar(225) NOT NULL, "desired_job" varchar(225) NOT NULL, "job_location" varchar(225) NULL, "user_id" integer NOT NULL UNIQUE REFERENCES "auth_user" ("id") DEFERRABLE INITIALLY DEFERRED);
CREATE UNIQUE INDEX "auth_group_permissions_group_id_permission_id_0cd325b0_uniq" ON "auth_group_permissions" ("group_id", "permission_id");
CREATE INDEX IF NOT EXISTS "auth_group_permissions_group_id_b120cbf9" ON "auth_group_permissions" ("group_id");
CREATE INDEX IF NOT EXISTS "auth_group_permissions_permission_id_84c5c92e" ON "auth_group_permissions" ("permission_id");
CREATE UNIQUE INDEX "auth_permission_content_type_id_codename_01ab375a_uniq" ON "auth_permission" ("content_type_id", "codename");
CREATE INDEX IF NOT EXISTS "auth_permission_content_type_id_2f476e4b" ON "auth_permission" ("content_type_id");
CREATE UNIQUE INDEX "auth_user_groups_user_id_group_id_94350c0c_uniq" ON "auth_user_groups" ("user_id", "group_id");
CREATE INDEX IF NOT EXISTS "auth_user_groups_user_id_6a12ed8b" ON "auth_user_groups" ("user_id");
CREATE INDEX IF NOT EXISTS "auth_user_groups_group_id_97559544" ON "auth_user_groups" ("group_id");
CREATE UNIQUE INDEX "auth_user_user_permissions_user_id_permission_id_14a6b632_uniq" ON "auth_user_user_permissions" ("user_id", "permission_id");
CREATE INDEX IF NOT EXISTS "auth_user_user_permissions_user_id_a95ead1b" ON "auth_user_user_permissions" ("user_id");
CREATE INDEX IF NOT EXISTS "auth_user_user_permissions_permission_id_1fbb5f2c" ON "auth_user_user_permissions" ("permission_id");
CREATE INDEX IF NOT EXISTS "django_admin_log_content_type_id_c4bce8eb" ON "django_admin_log" ("content_type_id");
CREATE INDEX IF NOT EXISTS "django_admin_log_user_id_c564eba6" ON "django_admin_log" ("user_id");
CREATE UNIQUE INDEX "django_content_type_app_label_model_76bd3d3b_uniq" ON "django_content_type" ("app_label", "model");
CREATE INDEX IF NOT EXISTS "django_session_expire_date_a5c62663" ON "django_session" ("expire_date");
CREATE INDEX IF NOT EXISTS "jobs_education_job_post_id_0f165219" ON "jobs_academic" ("job_post_id");
CREATE INDEX IF NOT EXISTS "jobs_experience_job_post_id_5cd08f71" ON "jobs_experience" ("job_post_id");
CREATE INDEX IF NOT EXISTS "jobs_notification_user_id_bd18f659" ON "jobs_notification" ("user_id");
CREATE INDEX IF NOT EXISTS "jobs_requirement_job_post_id_fca1d1ec" ON "jobs_requirement" ("job_post_id");
CREATE INDEX IF NOT EXISTS "jobs_skill_job_post_id_c7b60021" ON "jobs_skill" ("job_post_id");
CREATE INDEX IF NOT EXISTS "profiles_attendance_employee_id_2ea8bce1" ON "profiles_attendance" ("employee_id");
CREATE INDEX IF NOT EXISTS "profiles_attendance_shift_id_a1aeffbb" ON "profiles_attendance" ("shift_id");
CREATE INDEX IF NOT EXISTS "profiles_leave_employee_id_add94add" ON "profiles_leave" ("employee_id");
CREATE INDEX IF NOT EXISTS "profiles_raise_employee_id_7a5668e3" ON "profiles_raise" ("employee_id");
CREATE INDEX IF NOT EXISTS "dashboard_backup_user_id_621d4066" ON "dashboard_backup" ("user_id");
CREATE INDEX IF NOT EXISTS "task_manager_category_user_id_3bc802b2" ON "task_manager_category" ("user_id");
CREATE INDEX IF NOT EXISTS "task_manager_task_assigned_to_id_aaf7f5f9" ON "task_manager_task" ("assigned_to_id");
CREATE INDEX IF NOT EXISTS "task_manager_task_category_id_5f4a1aed" ON "task_manager_task" ("category_id");
CREATE INDEX IF NOT EXISTS "jobs_jobpost_user_id_5b3a30c5" ON "jobs_jobpost" ("user_id");
CREATE INDEX IF NOT EXISTS "jobs_jobpost_assigned_to_id_af70298e" ON "jobs_jobpost" ("assigned_to_id");
CREATE INDEX IF NOT EXISTS "easyaudit_loginevent_remote_ip_52fb5c3c" ON "easyaudit_loginevent" ("remote_ip");
CREATE INDEX IF NOT EXISTS "easyaudit_loginevent_user_id_f47fcbfb" ON "easyaudit_loginevent" ("user_id");
CREATE INDEX IF NOT EXISTS "easyaudit_crudevent_content_type_id_618ed0c6" ON "easyaudit_crudevent" ("content_type_id");
CREATE INDEX IF NOT EXISTS "easyaudit_crudevent_user_id_09177b54" ON "easyaudit_crudevent" ("user_id");
CREATE INDEX IF NOT EXISTS "easyaudit_crudevent_object_id_content_type_id_48e7e97f_idx" ON "easyaudit_crudevent" ("object_id", "content_type_id");
CREATE INDEX IF NOT EXISTS "easyaudit_requestevent_url_37d1b8c4" ON "easyaudit_requestevent" ("url");
CREATE INDEX IF NOT EXISTS "easyaudit_requestevent_method_83a0c884" ON "easyaudit_requestevent" ("method");
CREATE INDEX IF NOT EXISTS "easyaudit_requestevent_remote_ip_d43af9b2" ON "easyaudit_requestevent" ("remote_ip");
CREATE INDEX IF NOT EXISTS "easyaudit_requestevent_user_id_da412f45" ON "easyaudit_requestevent" ("user_id");
CREATE INDEX IF NOT EXISTS "easyaudit_requestevent_datetime_8ce2b5a3" ON "easyaudit_requestevent" ("datetime");
CREATE TABLE IF NOT EXISTS "profiles_profile" ("id" integer NOT NULL PRIMARY KEY AUTOINCREMENT, "idnumber" varchar(13) NOT NULL UNIQUE, "phone" varchar(10) NULL UNIQUE, "gender" varchar(6) NULL, "age" varchar(6) NULL, "is_verified" bool NOT NULL, "user_id" integer NOT NULL UNIQUE REFERENCES "auth_user" ("id") DEFERRABLE INITIALLY DEFERRED, "uuid" char(32) NOT NULL UNIQUE, "disability" varchar(30) NULL, "dob" varchar(6) NOT NULL, "maritial_status" varchar(10) NULL, "race" varchar(15) NULL);
INSERT INTO "profiles_profile" VALUES(1,'8112120672089',NULL,'False','43',0,3,'048f957436e84b2f94b5a53a8f2112fd',NULL,'',NULL,NULL);
INSERT INTO "profiles_profile" VALUES(2,'7402085548080',NULL,'male','50',0,4,'0f4d1bde999841b18c56afd9e248de7c',NULL,'',NULL,NULL);
CREATE UNIQUE INDEX "auth_group_permissions_group_id_permission_id_0cd325b0_uniq" ON "auth_group_permissions" ("group_id", "permission_id");
CREATE INDEX IF NOT EXISTS "auth_group_permissions_group_id_b120cbf9" ON "auth_group_permissions" ("group_id");
CREATE INDEX IF NOT EXISTS "auth_group_permissions_permission_id_84c5c92e" ON "auth_group_permissions" ("permission_id");
CREATE UNIQUE INDEX "auth_permission_content_type_id_codename_01ab375a_uniq" ON "auth_permission" ("content_type_id", "codename");
CREATE INDEX IF NOT EXISTS "auth_permission_content_type_id_2f476e4b" ON "auth_permission" ("content_type_id");
CREATE UNIQUE INDEX "auth_user_groups_user_id_group_id_94350c0c_uniq" ON "auth_user_groups" ("user_id", "group_id");
CREATE INDEX IF NOT EXISTS "auth_user_groups_user_id_6a12ed8b" ON "auth_user_groups" ("user_id");
CREATE INDEX IF NOT EXISTS "auth_user_groups_group_id_97559544" ON "auth_user_groups" ("group_id");
CREATE UNIQUE INDEX "auth_user_user_permissions_user_id_permission_id_14a6b632_uniq" ON "auth_user_user_permissions" ("user_id", "permission_id");
CREATE INDEX IF NOT EXISTS "auth_user_user_permissions_user_id_a95ead1b" ON "auth_user_user_permissions" ("user_id");
CREATE INDEX IF NOT EXISTS "auth_user_user_permissions_permission_id_1fbb5f2c" ON "auth_user_user_permissions" ("permission_id");
CREATE INDEX IF NOT EXISTS "django_admin_log_content_type_id_c4bce8eb" ON "django_admin_log" ("content_type_id");
CREATE INDEX IF NOT EXISTS "django_admin_log_user_id_c564eba6" ON "django_admin_log" ("user_id");
CREATE UNIQUE INDEX "django_content_type_app_label_model_76bd3d3b_uniq" ON "django_content_type" ("app_label", "model");
CREATE INDEX IF NOT EXISTS "django_session_expire_date_a5c62663" ON "django_session" ("expire_date");
CREATE INDEX IF NOT EXISTS "jobs_education_job_post_id_0f165219" ON "jobs_academic" ("job_post_id");
CREATE INDEX IF NOT EXISTS "jobs_experience_job_post_id_5cd08f71" ON "jobs_experience" ("job_post_id");
CREATE INDEX IF NOT EXISTS "jobs_notification_user_id_bd18f659" ON "jobs_notification" ("user_id");
CREATE INDEX IF NOT EXISTS "jobs_requirement_job_post_id_fca1d1ec" ON "jobs_requirement" ("job_post_id");
CREATE INDEX IF NOT EXISTS "jobs_skill_job_post_id_c7b60021" ON "jobs_skill" ("job_post_id");
CREATE INDEX IF NOT EXISTS "profiles_attendance_employee_id_2ea8bce1" ON "profiles_attendance" ("employee_id");
CREATE INDEX IF NOT EXISTS "profiles_attendance_shift_id_a1aeffbb" ON "profiles_attendance" ("shift_id");
CREATE INDEX IF NOT EXISTS "profiles_leave_employee_id_add94add" ON "profiles_leave" ("employee_id");
CREATE INDEX IF NOT EXISTS "profiles_raise_employee_id_7a5668e3" ON "profiles_raise" ("employee_id");
CREATE INDEX IF NOT EXISTS "dashboard_backup_user_id_621d4066" ON "dashboard_backup" ("user_id");
CREATE INDEX IF NOT EXISTS "task_manager_category_user_id_3bc802b2" ON "task_manager_category" ("user_id");
CREATE INDEX IF NOT EXISTS "task_manager_task_assigned_to_id_aaf7f5f9" ON "task_manager_task" ("assigned_to_id");
CREATE INDEX IF NOT EXISTS "task_manager_task_category_id_5f4a1aed" ON "task_manager_task" ("category_id");
CREATE INDEX IF NOT EXISTS "jobs_jobpost_user_id_5b3a30c5" ON "jobs_jobpost" ("user_id");
CREATE INDEX IF NOT EXISTS "jobs_jobpost_assigned_to_id_af70298e" ON "jobs_jobpost" ("assigned_to_id");
CREATE INDEX IF NOT EXISTS "easyaudit_loginevent_remote_ip_52fb5c3c" ON "easyaudit_loginevent" ("remote_ip");
CREATE INDEX IF NOT EXISTS "easyaudit_loginevent_user_id_f47fcbfb" ON "easyaudit_loginevent" ("user_id");
CREATE INDEX IF NOT EXISTS "easyaudit_crudevent_content_type_id_618ed0c6" ON "easyaudit_crudevent" ("content_type_id");
CREATE INDEX IF NOT EXISTS "easyaudit_crudevent_user_id_09177b54" ON "easyaudit_crudevent" ("user_id");
CREATE INDEX IF NOT EXISTS "easyaudit_crudevent_object_id_content_type_id_48e7e97f_idx" ON "easyaudit_crudevent" ("object_id", "content_type_id");
CREATE INDEX IF NOT EXISTS "easyaudit_requestevent_url_37d1b8c4" ON "easyaudit_requestevent" ("url");
CREATE INDEX IF NOT EXISTS "easyaudit_requestevent_method_83a0c884" ON "easyaudit_requestevent" ("method");
CREATE INDEX IF NOT EXISTS "easyaudit_requestevent_remote_ip_d43af9b2" ON "easyaudit_requestevent" ("remote_ip");
CREATE INDEX IF NOT EXISTS "easyaudit_requestevent_user_id_da412f45" ON "easyaudit_requestevent" ("user_id");
CREATE INDEX IF NOT EXISTS "easyaudit_requestevent_datetime_8ce2b5a3" ON "easyaudit_requestevent" ("datetime");
CREATE TABLE IF NOT EXISTS "profiles_profileimage" ("id" integer NOT NULL PRIMARY KEY AUTOINCREMENT, "image" varchar(100) NOT NULL, "uploaded_at" datetime NOT NULL, "user_id" integer NOT NULL UNIQUE REFERENCES "auth_user" ("id") DEFERRABLE INITIALLY DEFERRED);
INSERT INTO "profiles_profileimage" VALUES(1,'static/profiles/images/groot_qRLjoyg.jpg','2024-06-22 14:33:21.986153',1);
INSERT INTO "profiles_profileimage" VALUES(2,'static/profiles/images/manager_YaQUj8g.jpg','2024-06-22 15:42:10.041763',2);
INSERT INTO "profiles_profileimage" VALUES(3,'static/profiles/images/mike.jpg','2024-06-30 20:09:03.086156',5);
INSERT INTO "profiles_profileimage" VALUES(4,'static/profiles/images/SandraBullock.jpg','2024-07-04 15:47:41.246612',6);
INSERT INTO "profiles_profileimage" VALUES(5,'static/profiles/images/jacki.jpg','2024-07-04 15:53:36.570315',7);
CREATE UNIQUE INDEX "auth_group_permissions_group_id_permission_id_0cd325b0_uniq" ON "auth_group_permissions" ("group_id", "permission_id");
CREATE INDEX IF NOT EXISTS "auth_group_permissions_group_id_b120cbf9" ON "auth_group_permissions" ("group_id");
CREATE INDEX IF NOT EXISTS "auth_group_permissions_permission_id_84c5c92e" ON "auth_group_permissions" ("permission_id");
CREATE UNIQUE INDEX "auth_permission_content_type_id_codename_01ab375a_uniq" ON "auth_permission" ("content_type_id", "codename");
CREATE INDEX IF NOT EXISTS "auth_permission_content_type_id_2f476e4b" ON "auth_permission" ("content_type_id");
CREATE UNIQUE INDEX "auth_user_groups_user_id_group_id_94350c0c_uniq" ON "auth_user_groups" ("user_id", "group_id");
CREATE INDEX IF NOT EXISTS "auth_user_groups_user_id_6a12ed8b" ON "auth_user_groups" ("user_id");
CREATE INDEX IF NOT EXISTS "auth_user_groups_group_id_97559544" ON "auth_user_groups" ("group_id");
CREATE UNIQUE INDEX "auth_user_user_permissions_user_id_permission_id_14a6b632_uniq" ON "auth_user_user_permissions" ("user_id", "permission_id");
CREATE INDEX IF NOT EXISTS "auth_user_user_permissions_user_id_a95ead1b" ON "auth_user_user_permissions" ("user_id");
CREATE INDEX IF NOT EXISTS "auth_user_user_permissions_permission_id_1fbb5f2c" ON "auth_user_user_permissions" ("permission_id");
CREATE INDEX IF NOT EXISTS "django_admin_log_content_type_id_c4bce8eb" ON "django_admin_log" ("content_type_id");
CREATE INDEX IF NOT EXISTS "django_admin_log_user_id_c564eba6" ON "django_admin_log" ("user_id");
CREATE UNIQUE INDEX "django_content_type_app_label_model_76bd3d3b_uniq" ON "django_content_type" ("app_label", "model");
CREATE INDEX IF NOT EXISTS "django_session_expire_date_a5c62663" ON "django_session" ("expire_date");
CREATE INDEX IF NOT EXISTS "jobs_education_job_post_id_0f165219" ON "jobs_academic" ("job_post_id");
CREATE INDEX IF NOT EXISTS "jobs_experience_job_post_id_5cd08f71" ON "jobs_experience" ("job_post_id");
CREATE INDEX IF NOT EXISTS "jobs_notification_user_id_bd18f659" ON "jobs_notification" ("user_id");
CREATE INDEX IF NOT EXISTS "jobs_requirement_job_post_id_fca1d1ec" ON "jobs_requirement" ("job_post_id");
CREATE INDEX IF NOT EXISTS "jobs_skill_job_post_id_c7b60021" ON "jobs_skill" ("job_post_id");
CREATE INDEX IF NOT EXISTS "profiles_attendance_employee_id_2ea8bce1" ON "profiles_attendance" ("employee_id");
CREATE INDEX IF NOT EXISTS "profiles_attendance_shift_id_a1aeffbb" ON "profiles_attendance" ("shift_id");
CREATE INDEX IF NOT EXISTS "profiles_leave_employee_id_add94add" ON "profiles_leave" ("employee_id");
CREATE INDEX IF NOT EXISTS "profiles_raise_employee_id_7a5668e3" ON "profiles_raise" ("employee_id");
CREATE INDEX IF NOT EXISTS "dashboard_backup_user_id_621d4066" ON "dashboard_backup" ("user_id");
CREATE INDEX IF NOT EXISTS "task_manager_category_user_id_3bc802b2" ON "task_manager_category" ("user_id");
CREATE INDEX IF NOT EXISTS "task_manager_task_assigned_to_id_aaf7f5f9" ON "task_manager_task" ("assigned_to_id");
CREATE INDEX IF NOT EXISTS "task_manager_task_category_id_5f4a1aed" ON "task_manager_task" ("category_id");
CREATE INDEX IF NOT EXISTS "jobs_jobpost_user_id_5b3a30c5" ON "jobs_jobpost" ("user_id");
CREATE INDEX IF NOT EXISTS "jobs_jobpost_assigned_to_id_af70298e" ON "jobs_jobpost" ("assigned_to_id");
CREATE INDEX IF NOT EXISTS "easyaudit_loginevent_remote_ip_52fb5c3c" ON "easyaudit_loginevent" ("remote_ip");
CREATE INDEX IF NOT EXISTS "easyaudit_loginevent_user_id_f47fcbfb" ON "easyaudit_loginevent" ("user_id");
CREATE INDEX IF NOT EXISTS "easyaudit_crudevent_content_type_id_618ed0c6" ON "easyaudit_crudevent" ("content_type_id");
CREATE INDEX IF NOT EXISTS "easyaudit_crudevent_user_id_09177b54" ON "easyaudit_crudevent" ("user_id");
CREATE INDEX IF NOT EXISTS "easyaudit_crudevent_object_id_content_type_id_48e7e97f_idx" ON "easyaudit_crudevent" ("object_id", "content_type_id");
CREATE INDEX IF NOT EXISTS "easyaudit_requestevent_url_37d1b8c4" ON "easyaudit_requestevent" ("url");
CREATE INDEX IF NOT EXISTS "easyaudit_requestevent_method_83a0c884" ON "easyaudit_requestevent" ("method");
CREATE INDEX IF NOT EXISTS "easyaudit_requestevent_remote_ip_d43af9b2" ON "easyaudit_requestevent" ("remote_ip");
CREATE INDEX IF NOT EXISTS "easyaudit_requestevent_user_id_da412f45" ON "easyaudit_requestevent" ("user_id");
CREATE INDEX IF NOT EXISTS "easyaudit_requestevent_datetime_8ce2b5a3" ON "easyaudit_requestevent" ("datetime");
CREATE TABLE IF NOT EXISTS "profiles_raise" ("id" integer NOT NULL PRIMARY KEY AUTOINCREMENT, "message" varchar(225) NOT NULL, "amount" varchar(225) NOT NULL, "date" datetime NOT NULL, "status" varchar(225) NOT NULL, "employee_id" integer NOT NULL REFERENCES "auth_user" ("id") DEFERRABLE INITIALLY DEFERRED);
CREATE UNIQUE INDEX "auth_group_permissions_group_id_permission_id_0cd325b0_uniq" ON "auth_group_permissions" ("group_id", "permission_id");
CREATE INDEX IF NOT EXISTS "auth_group_permissions_group_id_b120cbf9" ON "auth_group_permissions" ("group_id");
CREATE INDEX IF NOT EXISTS "auth_group_permissions_permission_id_84c5c92e" ON "auth_group_permissions" ("permission_id");
CREATE UNIQUE INDEX "auth_permission_content_type_id_codename_01ab375a_uniq" ON "auth_permission" ("content_type_id", "codename");
CREATE INDEX IF NOT EXISTS "auth_permission_content_type_id_2f476e4b" ON "auth_permission" ("content_type_id");
CREATE UNIQUE INDEX "auth_user_groups_user_id_group_id_94350c0c_uniq" ON "auth_user_groups" ("user_id", "group_id");
CREATE INDEX IF NOT EXISTS "auth_user_groups_user_id_6a12ed8b" ON "auth_user_groups" ("user_id");
CREATE INDEX IF NOT EXISTS "auth_user_groups_group_id_97559544" ON "auth_user_groups" ("group_id");
CREATE UNIQUE INDEX "auth_user_user_permissions_user_id_permission_id_14a6b632_uniq" ON "auth_user_user_permissions" ("user_id", "permission_id");
CREATE INDEX IF NOT EXISTS "auth_user_user_permissions_user_id_a95ead1b" ON "auth_user_user_permissions" ("user_id");
CREATE INDEX IF NOT EXISTS "auth_user_user_permissions_permission_id_1fbb5f2c" ON "auth_user_user_permissions" ("permission_id");
CREATE INDEX IF NOT EXISTS "django_admin_log_content_type_id_c4bce8eb" ON "django_admin_log" ("content_type_id");
CREATE INDEX IF NOT EXISTS "django_admin_log_user_id_c564eba6" ON "django_admin_log" ("user_id");
CREATE UNIQUE INDEX "django_content_type_app_label_model_76bd3d3b_uniq" ON "django_content_type" ("app_label", "model");
CREATE INDEX IF NOT EXISTS "django_session_expire_date_a5c62663" ON "django_session" ("expire_date");
CREATE INDEX IF NOT EXISTS "jobs_education_job_post_id_0f165219" ON "jobs_academic" ("job_post_id");
CREATE INDEX IF NOT EXISTS "jobs_experience_job_post_id_5cd08f71" ON "jobs_experience" ("job_post_id");
CREATE INDEX IF NOT EXISTS "jobs_notification_user_id_bd18f659" ON "jobs_notification" ("user_id");
CREATE INDEX IF NOT EXISTS "jobs_requirement_job_post_id_fca1d1ec" ON "jobs_requirement" ("job_post_id");
CREATE INDEX IF NOT EXISTS "jobs_skill_job_post_id_c7b60021" ON "jobs_skill" ("job_post_id");
CREATE INDEX IF NOT EXISTS "profiles_attendance_employee_id_2ea8bce1" ON "profiles_attendance" ("employee_id");
CREATE INDEX IF NOT EXISTS "profiles_attendance_shift_id_a1aeffbb" ON "profiles_attendance" ("shift_id");
CREATE INDEX IF NOT EXISTS "profiles_leave_employee_id_add94add" ON "profiles_leave" ("employee_id");
CREATE INDEX IF NOT EXISTS "profiles_raise_employee_id_7a5668e3" ON "profiles_raise" ("employee_id");
CREATE INDEX IF NOT EXISTS "dashboard_backup_user_id_621d4066" ON "dashboard_backup" ("user_id");
CREATE INDEX IF NOT EXISTS "task_manager_category_user_id_3bc802b2" ON "task_manager_category" ("user_id");
CREATE INDEX IF NOT EXISTS "task_manager_task_assigned_to_id_aaf7f5f9" ON "task_manager_task" ("assigned_to_id");
CREATE INDEX IF NOT EXISTS "task_manager_task_category_id_5f4a1aed" ON "task_manager_task" ("category_id");
CREATE INDEX IF NOT EXISTS "jobs_jobpost_user_id_5b3a30c5" ON "jobs_jobpost" ("user_id");
CREATE INDEX IF NOT EXISTS "jobs_jobpost_assigned_to_id_af70298e" ON "jobs_jobpost" ("assigned_to_id");
CREATE INDEX IF NOT EXISTS "easyaudit_loginevent_remote_ip_52fb5c3c" ON "easyaudit_loginevent" ("remote_ip");
CREATE INDEX IF NOT EXISTS "easyaudit_loginevent_user_id_f47fcbfb" ON "easyaudit_loginevent" ("user_id");
CREATE INDEX IF NOT EXISTS "easyaudit_crudevent_content_type_id_618ed0c6" ON "easyaudit_crudevent" ("content_type_id");
CREATE INDEX IF NOT EXISTS "easyaudit_crudevent_user_id_09177b54" ON "easyaudit_crudevent" ("user_id");
CREATE INDEX IF NOT EXISTS "easyaudit_crudevent_object_id_content_type_id_48e7e97f_idx" ON "easyaudit_crudevent" ("object_id", "content_type_id");
CREATE INDEX IF NOT EXISTS "easyaudit_requestevent_url_37d1b8c4" ON "easyaudit_requestevent" ("url");
CREATE INDEX IF NOT EXISTS "easyaudit_requestevent_method_83a0c884" ON "easyaudit_requestevent" ("method");
CREATE INDEX IF NOT EXISTS "easyaudit_requestevent_remote_ip_d43af9b2" ON "easyaudit_requestevent" ("remote_ip");
CREATE INDEX IF NOT EXISTS "easyaudit_requestevent_user_id_da412f45" ON "easyaudit_requestevent" ("user_id");
CREATE INDEX IF NOT EXISTS "easyaudit_requestevent_datetime_8ce2b5a3" ON "easyaudit_requestevent" ("datetime");
CREATE TABLE IF NOT EXISTS "profiles_shift" ("id" integer NOT NULL PRIMARY KEY AUTOINCREMENT, "rate" varchar(100) NULL, "start_time" varchar(225) NOT NULL, "end_time" varchar(225) NOT NULL, "employee_id" integer NOT NULL UNIQUE REFERENCES "auth_user" ("id") DEFERRABLE INITIALLY DEFERRED, "working_hours" varchar(225) NOT NULL);
INSERT INTO "profiles_shift" VALUES(1,'200','00:00:00','23:59:59',1,'8');
INSERT INTO "profiles_shift" VALUES(2,'150','08:00:00','16:00:00',2,'8');
INSERT INTO "profiles_shift" VALUES(3,'150','09:00:00','22:00:00',5,'13');
INSERT INTO "profiles_shift" VALUES(4,'80','08:00:00','16:00:00',6,'8');
INSERT INTO "profiles_shift" VALUES(5,'410','11:00:00','17:00:00',7,'6');
CREATE UNIQUE INDEX "auth_group_permissions_group_id_permission_id_0cd325b0_uniq" ON "auth_group_permissions" ("group_id", "permission_id");
CREATE INDEX IF NOT EXISTS "auth_group_permissions_group_id_b120cbf9" ON "auth_group_permissions" ("group_id");
CREATE INDEX IF NOT EXISTS "auth_group_permissions_permission_id_84c5c92e" ON "auth_group_permissions" ("permission_id");
CREATE UNIQUE INDEX "auth_permission_content_type_id_codename_01ab375a_uniq" ON "auth_permission" ("content_type_id", "codename");
CREATE INDEX IF NOT EXISTS "auth_permission_content_type_id_2f476e4b" ON "auth_permission" ("content_type_id");
CREATE UNIQUE INDEX "auth_user_groups_user_id_group_id_94350c0c_uniq" ON "auth_user_groups" ("user_id", "group_id");
CREATE INDEX IF NOT EXISTS "auth_user_groups_user_id_6a12ed8b" ON "auth_user_groups" ("user_id");
CREATE INDEX IF NOT EXISTS "auth_user_groups_group_id_97559544" ON "auth_user_groups" ("group_id");
CREATE UNIQUE INDEX "auth_user_user_permissions_user_id_permission_id_14a6b632_uniq" ON "auth_user_user_permissions" ("user_id", "permission_id");
CREATE INDEX IF NOT EXISTS "auth_user_user_permissions_user_id_a95ead1b" ON "auth_user_user_permissions" ("user_id");
CREATE INDEX IF NOT EXISTS "auth_user_user_permissions_permission_id_1fbb5f2c" ON "auth_user_user_permissions" ("permission_id");
CREATE INDEX IF NOT EXISTS "django_admin_log_content_type_id_c4bce8eb" ON "django_admin_log" ("content_type_id");
CREATE INDEX IF NOT EXISTS "django_admin_log_user_id_c564eba6" ON "django_admin_log" ("user_id");
CREATE UNIQUE INDEX "django_content_type_app_label_model_76bd3d3b_uniq" ON "django_content_type" ("app_label", "model");
CREATE INDEX IF NOT EXISTS "django_session_expire_date_a5c62663" ON "django_session" ("expire_date");
CREATE INDEX IF NOT EXISTS "jobs_education_job_post_id_0f165219" ON "jobs_academic" ("job_post_id");
CREATE INDEX IF NOT EXISTS "jobs_experience_job_post_id_5cd08f71" ON "jobs_experience" ("job_post_id");
CREATE INDEX IF NOT EXISTS "jobs_notification_user_id_bd18f659" ON "jobs_notification" ("user_id");
CREATE INDEX IF NOT EXISTS "jobs_requirement_job_post_id_fca1d1ec" ON "jobs_requirement" ("job_post_id");
CREATE INDEX IF NOT EXISTS "jobs_skill_job_post_id_c7b60021" ON "jobs_skill" ("job_post_id");
CREATE INDEX IF NOT EXISTS "profiles_attendance_employee_id_2ea8bce1" ON "profiles_attendance" ("employee_id");
CREATE INDEX IF NOT EXISTS "profiles_attendance_shift_id_a1aeffbb" ON "profiles_attendance" ("shift_id");
CREATE INDEX IF NOT EXISTS "profiles_leave_employee_id_add94add" ON "profiles_leave" ("employee_id");
CREATE INDEX IF NOT EXISTS "profiles_raise_employee_id_7a5668e3" ON "profiles_raise" ("employee_id");
CREATE INDEX IF NOT EXISTS "dashboard_backup_user_id_621d4066" ON "dashboard_backup" ("user_id");
CREATE INDEX IF NOT EXISTS "task_manager_category_user_id_3bc802b2" ON "task_manager_category" ("user_id");
CREATE INDEX IF NOT EXISTS "task_manager_task_assigned_to_id_aaf7f5f9" ON "task_manager_task" ("assigned_to_id");
CREATE INDEX IF NOT EXISTS "task_manager_task_category_id_5f4a1aed" ON "task_manager_task" ("category_id");
CREATE INDEX IF NOT EXISTS "jobs_jobpost_user_id_5b3a30c5" ON "jobs_jobpost" ("user_id");
CREATE INDEX IF NOT EXISTS "jobs_jobpost_assigned_to_id_af70298e" ON "jobs_jobpost" ("assigned_to_id");
CREATE INDEX IF NOT EXISTS "easyaudit_loginevent_remote_ip_52fb5c3c" ON "easyaudit_loginevent" ("remote_ip");
CREATE INDEX IF NOT EXISTS "easyaudit_loginevent_user_id_f47fcbfb" ON "easyaudit_loginevent" ("user_id");
CREATE INDEX IF NOT EXISTS "easyaudit_crudevent_content_type_id_618ed0c6" ON "easyaudit_crudevent" ("content_type_id");
CREATE INDEX IF NOT EXISTS "easyaudit_crudevent_user_id_09177b54" ON "easyaudit_crudevent" ("user_id");
CREATE INDEX IF NOT EXISTS "easyaudit_crudevent_object_id_content_type_id_48e7e97f_idx" ON "easyaudit_crudevent" ("object_id", "content_type_id");
CREATE INDEX IF NOT EXISTS "easyaudit_requestevent_url_37d1b8c4" ON "easyaudit_requestevent" ("url");
CREATE INDEX IF NOT EXISTS "easyaudit_requestevent_method_83a0c884" ON "easyaudit_requestevent" ("method");
CREATE INDEX IF NOT EXISTS "easyaudit_requestevent_remote_ip_d43af9b2" ON "easyaudit_requestevent" ("remote_ip");
CREATE INDEX IF NOT EXISTS "easyaudit_requestevent_user_id_da412f45" ON "easyaudit_requestevent" ("user_id");
CREATE INDEX IF NOT EXISTS "easyaudit_requestevent_datetime_8ce2b5a3" ON "easyaudit_requestevent" ("datetime");
CREATE TABLE IF NOT EXISTS "profiles_staffprofile" ("id" integer NOT NULL PRIMARY KEY AUTOINCREMENT, "job_title" varchar(100) NULL, "department" varchar(6) NULL, "salary" varchar(225) NULL, "hire_date" datetime NOT NULL, "phone" varchar(6) NULL, "idnumber" varchar(13) NOT NULL, "gender" varchar(6) NOT NULL, "age" varchar(6) NOT NULL, "dob" varchar(6) NOT NULL, "user_id" integer NOT NULL UNIQUE REFERENCES "auth_user" ("id") DEFERRABLE INITIALLY DEFERRED);
INSERT INTO "profiles_staffprofile" VALUES(2,'Administrator','ADMINISTRATOR','R60,000 +','2024-06-22 13:54:31.115248','0645489327','0202255651087','Male','22','25/02/2002',1);
INSERT INTO "profiles_staffprofile" VALUES(3,'Executive','MANAGER','24000','2024-06-22 15:09:26.086005','0738879509','0210266009088','male','22','10/26/2002',2);
INSERT INTO "profiles_staffprofile" VALUES(4,'Executive','HR','39000','2024-06-29 22:03:46.602087','0677777777','6402110000000','False','60','02/11/1964',5);
INSERT INTO "profiles_staffprofile" VALUES(5,'Executive','IT','12800','2024-07-04 15:44:24.520807','0657845423','6407263235893','female','60','07/26/1964',6);
INSERT INTO "profiles_staffprofile" VALUES(6,'Executive','HR','49200','2024-07-04 15:53:06.521396','0785496743','5404076768653','male','70','04/07/1954',7);
CREATE UNIQUE INDEX "auth_group_permissions_group_id_permission_id_0cd325b0_uniq" ON "auth_group_permissions" ("group_id", "permission_id");
CREATE INDEX IF NOT EXISTS "auth_group_permissions_group_id_b120cbf9" ON "auth_group_permissions" ("group_id");
CREATE INDEX IF NOT EXISTS "auth_group_permissions_permission_id_84c5c92e" ON "auth_group_permissions" ("permission_id");
CREATE UNIQUE INDEX "auth_permission_content_type_id_codename_01ab375a_uniq" ON "auth_permission" ("content_type_id", "codename");
CREATE INDEX IF NOT EXISTS "auth_permission_content_type_id_2f476e4b" ON "auth_permission" ("content_type_id");
CREATE UNIQUE INDEX "auth_user_groups_user_id_group_id_94350c0c_uniq" ON "auth_user_groups" ("user_id", "group_id");
CREATE INDEX IF NOT EXISTS "auth_user_groups_user_id_6a12ed8b" ON "auth_user_groups" ("user_id");
CREATE INDEX IF NOT EXISTS "auth_user_groups_group_id_97559544" ON "auth_user_groups" ("group_id");
CREATE UNIQUE INDEX "auth_user_user_permissions_user_id_permission_id_14a6b632_uniq" ON "auth_user_user_permissions" ("user_id", "permission_id");
CREATE INDEX IF NOT EXISTS "auth_user_user_permissions_user_id_a95ead1b" ON "auth_user_user_permissions" ("user_id");
CREATE INDEX IF NOT EXISTS "auth_user_user_permissions_permission_id_1fbb5f2c" ON "auth_user_user_permissions" ("permission_id");
CREATE INDEX IF NOT EXISTS "django_admin_log_content_type_id_c4bce8eb" ON "django_admin_log" ("content_type_id");
CREATE INDEX IF NOT EXISTS "django_admin_log_user_id_c564eba6" ON "django_admin_log" ("user_id");
CREATE UNIQUE INDEX "django_content_type_app_label_model_76bd3d3b_uniq" ON "django_content_type" ("app_label", "model");
CREATE INDEX IF NOT EXISTS "django_session_expire_date_a5c62663" ON "django_session" ("expire_date");
CREATE INDEX IF NOT EXISTS "jobs_education_job_post_id_0f165219" ON "jobs_academic" ("job_post_id");
CREATE INDEX IF NOT EXISTS "jobs_experience_job_post_id_5cd08f71" ON "jobs_experience" ("job_post_id");
CREATE INDEX IF NOT EXISTS "jobs_notification_user_id_bd18f659" ON "jobs_notification" ("user_id");
CREATE INDEX IF NOT EXISTS "jobs_requirement_job_post_id_fca1d1ec" ON "jobs_requirement" ("job_post_id");
CREATE INDEX IF NOT EXISTS "jobs_skill_job_post_id_c7b60021" ON "jobs_skill" ("job_post_id");
CREATE INDEX IF NOT EXISTS "profiles_attendance_employee_id_2ea8bce1" ON "profiles_attendance" ("employee_id");
CREATE INDEX IF NOT EXISTS "profiles_attendance_shift_id_a1aeffbb" ON "profiles_attendance" ("shift_id");
CREATE INDEX IF NOT EXISTS "profiles_leave_employee_id_add94add" ON "profiles_leave" ("employee_id");
CREATE INDEX IF NOT EXISTS "profiles_raise_employee_id_7a5668e3" ON "profiles_raise" ("employee_id");
CREATE INDEX IF NOT EXISTS "dashboard_backup_user_id_621d4066" ON "dashboard_backup" ("user_id");
CREATE INDEX IF NOT EXISTS "task_manager_category_user_id_3bc802b2" ON "task_manager_category" ("user_id");
CREATE INDEX IF NOT EXISTS "task_manager_task_assigned_to_id_aaf7f5f9" ON "task_manager_task" ("assigned_to_id");
CREATE INDEX IF NOT EXISTS "task_manager_task_category_id_5f4a1aed" ON "task_manager_task" ("category_id");
CREATE INDEX IF NOT EXISTS "jobs_jobpost_user_id_5b3a30c5" ON "jobs_jobpost" ("user_id");
CREATE INDEX IF NOT EXISTS "jobs_jobpost_assigned_to_id_af70298e" ON "jobs_jobpost" ("assigned_to_id");
CREATE INDEX IF NOT EXISTS "easyaudit_loginevent_remote_ip_52fb5c3c" ON "easyaudit_loginevent" ("remote_ip");
CREATE INDEX IF NOT EXISTS "easyaudit_loginevent_user_id_f47fcbfb" ON "easyaudit_loginevent" ("user_id");
CREATE INDEX IF NOT EXISTS "easyaudit_crudevent_content_type_id_618ed0c6" ON "easyaudit_crudevent" ("content_type_id");
CREATE INDEX IF NOT EXISTS "easyaudit_crudevent_user_id_09177b54" ON "easyaudit_crudevent" ("user_id");
CREATE INDEX IF NOT EXISTS "easyaudit_crudevent_object_id_content_type_id_48e7e97f_idx" ON "easyaudit_crudevent" ("object_id", "content_type_id");
CREATE INDEX IF NOT EXISTS "easyaudit_requestevent_url_37d1b8c4" ON "easyaudit_requestevent" ("url");
CREATE INDEX IF NOT EXISTS "easyaudit_requestevent_method_83a0c884" ON "easyaudit_requestevent" ("method");
CREATE INDEX IF NOT EXISTS "easyaudit_requestevent_remote_ip_d43af9b2" ON "easyaudit_requestevent" ("remote_ip");
CREATE INDEX IF NOT EXISTS "easyaudit_requestevent_user_id_da412f45" ON "easyaudit_requestevent" ("user_id");
CREATE INDEX IF NOT EXISTS "easyaudit_requestevent_datetime_8ce2b5a3" ON "easyaudit_requestevent" ("datetime");
CREATE TABLE IF NOT EXISTS "task_manager_category" ("id" integer NOT NULL PRIMARY KEY AUTOINCREMENT, "name" varchar(100) NOT NULL, "date" datetime NOT NULL, "user_id" integer NOT NULL REFERENCES "auth_user" ("id") DEFERRABLE INITIALLY DEFERRED);
INSERT INTO "task_manager_category" VALUES(2,'admin-tasks','2024-07-01 23:17:53.308389',5);
INSERT INTO "task_manager_category" VALUES(3,'interviews','2024-07-01 23:23:15.201316',5);
INSERT INTO "task_manager_category" VALUES(4,'Jobs','2024-07-02 17:50:31.090402',1);
INSERT INTO "task_manager_category" VALUES(5,'stunt','2024-07-04 15:58:47.160806',1);
INSERT INTO "task_manager_category" VALUES(6,'programming','2024-07-04 16:02:29.012702',1);
INSERT INTO "task_manager_category" VALUES(7,'my-task','2024-07-04 18:19:00.050874',5);
INSERT INTO "task_manager_category" VALUES(8,'private-task','2024-07-07 12:30:08.834738',1);
CREATE UNIQUE INDEX "auth_group_permissions_group_id_permission_id_0cd325b0_uniq" ON "auth_group_permissions" ("group_id", "permission_id");
CREATE INDEX IF NOT EXISTS "auth_group_permissions_group_id_b120cbf9" ON "auth_group_permissions" ("group_id");
CREATE INDEX IF NOT EXISTS "auth_group_permissions_permission_id_84c5c92e" ON "auth_group_permissions" ("permission_id");
CREATE UNIQUE INDEX "auth_permission_content_type_id_codename_01ab375a_uniq" ON "auth_permission" ("content_type_id", "codename");
CREATE INDEX IF NOT EXISTS "auth_permission_content_type_id_2f476e4b" ON "auth_permission" ("content_type_id");
CREATE UNIQUE INDEX "auth_user_groups_user_id_group_id_94350c0c_uniq" ON "auth_user_groups" ("user_id", "group_id");
CREATE INDEX IF NOT EXISTS "auth_user_groups_user_id_6a12ed8b" ON "auth_user_groups" ("user_id");
CREATE INDEX IF NOT EXISTS "auth_user_groups_group_id_97559544" ON "auth_user_groups" ("group_id");
CREATE UNIQUE INDEX "auth_user_user_permissions_user_id_permission_id_14a6b632_uniq" ON "auth_user_user_permissions" ("user_id", "permission_id");
CREATE INDEX IF NOT EXISTS "auth_user_user_permissions_user_id_a95ead1b" ON "auth_user_user_permissions" ("user_id");
CREATE INDEX IF NOT EXISTS "auth_user_user_permissions_permission_id_1fbb5f2c" ON "auth_user_user_permissions" ("permission_id");
CREATE INDEX IF NOT EXISTS "django_admin_log_content_type_id_c4bce8eb" ON "django_admin_log" ("content_type_id");
CREATE INDEX IF NOT EXISTS "django_admin_log_user_id_c564eba6" ON "django_admin_log" ("user_id");
CREATE UNIQUE INDEX "django_content_type_app_label_model_76bd3d3b_uniq" ON "django_content_type" ("app_label", "model");
CREATE INDEX IF NOT EXISTS "django_session_expire_date_a5c62663" ON "django_session" ("expire_date");
CREATE INDEX IF NOT EXISTS "jobs_education_job_post_id_0f165219" ON "jobs_academic" ("job_post_id");
CREATE INDEX IF NOT EXISTS "jobs_experience_job_post_id_5cd08f71" ON "jobs_experience" ("job_post_id");
CREATE INDEX IF NOT EXISTS "jobs_notification_user_id_bd18f659" ON "jobs_notification" ("user_id");
CREATE INDEX IF NOT EXISTS "jobs_requirement_job_post_id_fca1d1ec" ON "jobs_requirement" ("job_post_id");
CREATE INDEX IF NOT EXISTS "jobs_skill_job_post_id_c7b60021" ON "jobs_skill" ("job_post_id");
CREATE INDEX IF NOT EXISTS "profiles_attendance_employee_id_2ea8bce1" ON "profiles_attendance" ("employee_id");
CREATE INDEX IF NOT EXISTS "profiles_attendance_shift_id_a1aeffbb" ON "profiles_attendance" ("shift_id");
CREATE INDEX IF NOT EXISTS "profiles_leave_employee_id_add94add" ON "profiles_leave" ("employee_id");
CREATE INDEX IF NOT EXISTS "profiles_raise_employee_id_7a5668e3" ON "profiles_raise" ("employee_id");
CREATE INDEX IF NOT EXISTS "dashboard_backup_user_id_621d4066" ON "dashboard_backup" ("user_id");
CREATE INDEX IF NOT EXISTS "task_manager_category_user_id_3bc802b2" ON "task_manager_category" ("user_id");
CREATE INDEX IF NOT EXISTS "task_manager_task_assigned_to_id_aaf7f5f9" ON "task_manager_task" ("assigned_to_id");
CREATE INDEX IF NOT EXISTS "task_manager_task_category_id_5f4a1aed" ON "task_manager_task" ("category_id");
CREATE INDEX IF NOT EXISTS "jobs_jobpost_user_id_5b3a30c5" ON "jobs_jobpost" ("user_id");
CREATE INDEX IF NOT EXISTS "jobs_jobpost_assigned_to_id_af70298e" ON "jobs_jobpost" ("assigned_to_id");
CREATE INDEX IF NOT EXISTS "easyaudit_loginevent_remote_ip_52fb5c3c" ON "easyaudit_loginevent" ("remote_ip");
CREATE INDEX IF NOT EXISTS "easyaudit_loginevent_user_id_f47fcbfb" ON "easyaudit_loginevent" ("user_id");
CREATE INDEX IF NOT EXISTS "easyaudit_crudevent_content_type_id_618ed0c6" ON "easyaudit_crudevent" ("content_type_id");
CREATE INDEX IF NOT EXISTS "easyaudit_crudevent_user_id_09177b54" ON "easyaudit_crudevent" ("user_id");
CREATE INDEX IF NOT EXISTS "easyaudit_crudevent_object_id_content_type_id_48e7e97f_idx" ON "easyaudit_crudevent" ("object_id", "content_type_id");
CREATE INDEX IF NOT EXISTS "easyaudit_requestevent_url_37d1b8c4" ON "easyaudit_requestevent" ("url");
CREATE INDEX IF NOT EXISTS "easyaudit_requestevent_method_83a0c884" ON "easyaudit_requestevent" ("method");
CREATE INDEX IF NOT EXISTS "easyaudit_requestevent_remote_ip_d43af9b2" ON "easyaudit_requestevent" ("remote_ip");
CREATE INDEX IF NOT EXISTS "easyaudit_requestevent_user_id_da412f45" ON "easyaudit_requestevent" ("user_id");
CREATE INDEX IF NOT EXISTS "easyaudit_requestevent_datetime_8ce2b5a3" ON "easyaudit_requestevent" ("datetime");
CREATE TABLE IF NOT EXISTS "task_manager_task" ("id" integer NOT NULL PRIMARY KEY AUTOINCREMENT, "name" varchar(100) NOT NULL, "priority" varchar(20) NOT NULL, "description" text NOT NULL, "date" datetime NOT NULL, "assigned_to_id" integer NOT NULL REFERENCES "auth_user" ("id") DEFERRABLE INITIALLY DEFERRED, "category_id" bigint NOT NULL REFERENCES "task_manager_category" ("id") DEFERRABLE INITIALLY DEFERRED, "is_complete" bool NOT NULL);
INSERT INTO "task_manager_task" VALUES(1,'schedule interview','medium','Schedule interview for all users in the job application stage','2024-07-02 13:58:46.631485',5,3,1);
INSERT INTO "task_manager_task" VALUES(3,'DB Backup','high','back up the database.','2024-07-02 15:18:49.967843',5,2,1);
INSERT INTO "task_manager_task" VALUES(4,'delete-backups','high','delete all database backups','2024-07-02 17:04:45.927669',5,2,1);
INSERT INTO "task_manager_task" VALUES(5,'Edit interview','medium','remove user 3 from the interview','2024-07-02 17:16:00.537588',5,3,0);
INSERT INTO "task_manager_task" VALUES(7,'add audit log','medium','add a audit log, to keep track of all user interactions CRUD events, and authentication events','2024-07-03 12:54:03.420345',5,2,0);
INSERT INTO "task_manager_task" VALUES(8,'updates on interview','low','Add interview app to keep track of interviews, ','2024-07-03 12:56:57.245367',5,3,0);
INSERT INTO "task_manager_task" VALUES(9,'clear interview list','medium','remove all interview schedules and appointments','2024-07-03 12:58:57.633056',5,3,0);
INSERT INTO "task_manager_task" VALUES(11,'complete job details','medium','App Developer- fill in all the job details','2024-07-03 17:00:25.077164',7,4,1);
INSERT INTO "task_manager_task" VALUES(12,'complete job details','medium','please fill up all the necessary details for the job -> StuntMan','2024-07-04 15:59:47.931492',7,5,0);
INSERT INTO "task_manager_task" VALUES(13,'submit the job','medium','when you are done filling up job details, submit the job for approval ','2024-07-04 16:01:10.439307',7,5,0);
INSERT INTO "task_manager_task" VALUES(14,'Changed assignment','low','The job -> programming , has been assigned to you, so complete the job details and submit it for approval then wait for further instructions','2024-07-04 16:03:48.327706',6,8,0);
INSERT INTO "task_manager_task" VALUES(15,'new vacancy','medium','Add a new Job Vacancy for the position, IT Consultant. ','2024-07-04 16:05:41.708843',5,5,0);
INSERT INTO "task_manager_task" VALUES(16,'edit job vacancy','high','After adding the new job -> IT consultant, complete the details and submit it for approval','2024-07-04 16:11:45.865357',6,6,0);
INSERT INTO "task_manager_task" VALUES(17,'delete vacancy','high','Delete the job Boxing, this company has no boxing position ','2024-07-04 16:13:29.536267',5,4,0);
INSERT INTO "task_manager_task" VALUES(18,'new vacancy','medium','add a new job vacancy for the position -> data science ','2024-07-04 16:15:50.659673',7,4,1);
INSERT INTO "task_manager_task" VALUES(19,'complete job','medium','when you done adding the job -> data science, complete the job details and submit the vacancy for approval ','2024-07-04 16:17:24.013627',7,4,0);
INSERT INTO "task_manager_task" VALUES(20,'edit profile','medium','change my profile first name and last name','2024-07-04 18:26:25.272999',5,7,0);
INSERT INTO "task_manager_task" VALUES(21,'test task','high','nothing here','2024-07-05 17:51:57.601055',6,6,1);
CREATE UNIQUE INDEX "auth_group_permissions_group_id_permission_id_0cd325b0_uniq" ON "auth_group_permissions" ("group_id", "permission_id");
CREATE INDEX IF NOT EXISTS "auth_group_permissions_group_id_b120cbf9" ON "auth_group_permissions" ("group_id");
CREATE INDEX IF NOT EXISTS "auth_group_permissions_permission_id_84c5c92e" ON "auth_group_permissions" ("permission_id");
CREATE UNIQUE INDEX "auth_permission_content_type_id_codename_01ab375a_uniq" ON "auth_permission" ("content_type_id", "codename");
CREATE INDEX IF NOT EXISTS "auth_permission_content_type_id_2f476e4b" ON "auth_permission" ("content_type_id");
CREATE UNIQUE INDEX "auth_user_groups_user_id_group_id_94350c0c_uniq" ON "auth_user_groups" ("user_id", "group_id");
CREATE INDEX IF NOT EXISTS "auth_user_groups_user_id_6a12ed8b" ON "auth_user_groups" ("user_id");
CREATE INDEX IF NOT EXISTS "auth_user_groups_group_id_97559544" ON "auth_user_groups" ("group_id");
CREATE UNIQUE INDEX "auth_user_user_permissions_user_id_permission_id_14a6b632_uniq" ON "auth_user_user_permissions" ("user_id", "permission_id");
CREATE INDEX IF NOT EXISTS "auth_user_user_permissions_user_id_a95ead1b" ON "auth_user_user_permissions" ("user_id");
CREATE INDEX IF NOT EXISTS "auth_user_user_permissions_permission_id_1fbb5f2c" ON "auth_user_user_permissions" ("permission_id");
CREATE INDEX IF NOT EXISTS "django_admin_log_content_type_id_c4bce8eb" ON "django_admin_log" ("content_type_id");
CREATE INDEX IF NOT EXISTS "django_admin_log_user_id_c564eba6" ON "django_admin_log" ("user_id");
CREATE UNIQUE INDEX "django_content_type_app_label_model_76bd3d3b_uniq" ON "django_content_type" ("app_label", "model");
CREATE INDEX IF NOT EXISTS "django_session_expire_date_a5c62663" ON "django_session" ("expire_date");
CREATE INDEX IF NOT EXISTS "jobs_education_job_post_id_0f165219" ON "jobs_academic" ("job_post_id");
CREATE INDEX IF NOT EXISTS "jobs_experience_job_post_id_5cd08f71" ON "jobs_experience" ("job_post_id");
CREATE INDEX IF NOT EXISTS "jobs_notification_user_id_bd18f659" ON "jobs_notification" ("user_id");
CREATE INDEX IF NOT EXISTS "jobs_requirement_job_post_id_fca1d1ec" ON "jobs_requirement" ("job_post_id");
CREATE INDEX IF NOT EXISTS "jobs_skill_job_post_id_c7b60021" ON "jobs_skill" ("job_post_id");
CREATE INDEX IF NOT EXISTS "profiles_attendance_employee_id_2ea8bce1" ON "profiles_attendance" ("employee_id");
CREATE INDEX IF NOT EXISTS "profiles_attendance_shift_id_a1aeffbb" ON "profiles_attendance" ("shift_id");
CREATE INDEX IF NOT EXISTS "profiles_leave_employee_id_add94add" ON "profiles_leave" ("employee_id");
CREATE INDEX IF NOT EXISTS "profiles_raise_employee_id_7a5668e3" ON "profiles_raise" ("employee_id");
CREATE INDEX IF NOT EXISTS "dashboard_backup_user_id_621d4066" ON "dashboard_backup" ("user_id");
CREATE INDEX IF NOT EXISTS "task_manager_category_user_id_3bc802b2" ON "task_manager_category" ("user_id");
CREATE INDEX IF NOT EXISTS "task_manager_task_assigned_to_id_aaf7f5f9" ON "task_manager_task" ("assigned_to_id");
CREATE INDEX IF NOT EXISTS "task_manager_task_category_id_5f4a1aed" ON "task_manager_task" ("category_id");
CREATE INDEX IF NOT EXISTS "jobs_jobpost_user_id_5b3a30c5" ON "jobs_jobpost" ("user_id");
CREATE INDEX IF NOT EXISTS "jobs_jobpost_assigned_to_id_af70298e" ON "jobs_jobpost" ("assigned_to_id");
CREATE INDEX IF NOT EXISTS "easyaudit_loginevent_remote_ip_52fb5c3c" ON "easyaudit_loginevent" ("remote_ip");
CREATE INDEX IF NOT EXISTS "easyaudit_loginevent_user_id_f47fcbfb" ON "easyaudit_loginevent" ("user_id");
CREATE INDEX IF NOT EXISTS "easyaudit_crudevent_content_type_id_618ed0c6" ON "easyaudit_crudevent" ("content_type_id");
CREATE INDEX IF NOT EXISTS "easyaudit_crudevent_user_id_09177b54" ON "easyaudit_crudevent" ("user_id");
CREATE INDEX IF NOT EXISTS "easyaudit_crudevent_object_id_content_type_id_48e7e97f_idx" ON "easyaudit_crudevent" ("object_id", "content_type_id");
CREATE INDEX IF NOT EXISTS "easyaudit_requestevent_url_37d1b8c4" ON "easyaudit_requestevent" ("url");
CREATE INDEX IF NOT EXISTS "easyaudit_requestevent_method_83a0c884" ON "easyaudit_requestevent" ("method");
CREATE INDEX IF NOT EXISTS "easyaudit_requestevent_remote_ip_d43af9b2" ON "easyaudit_requestevent" ("remote_ip");
CREATE INDEX IF NOT EXISTS "easyaudit_requestevent_user_id_da412f45" ON "easyaudit_requestevent" ("user_id");
CREATE INDEX IF NOT EXISTS "easyaudit_requestevent_datetime_8ce2b5a3" ON "easyaudit_requestevent" ("datetime");
