CREATE TABLE IF NOT EXISTS "auth_group" ("id" integer NOT NULL PRIMARY KEY AUTOINCREMENT, "name" varchar(150) NOT NULL UNIQUE);
CREATE UNIQUE INDEX "auth_group_permissions_group_id_permission_id_0cd325b0_uniq" ON "auth_group_permissions" ("group_id", "permission_id");
CREATE INDEX IF NOT EXISTS "auth_group_permissions_group_id_b120cbf9" ON "auth_group_permissions" ("group_id");
CREATE INDEX IF NOT EXISTS "auth_group_permissions_permission_id_84c5c92e" ON "auth_group_permissions" ("permission_id");
CREATE UNIQUE INDEX "auth_user_groups_user_id_group_id_94350c0c_uniq" ON "auth_user_groups" ("user_id", "group_id");
CREATE INDEX IF NOT EXISTS "auth_user_groups_user_id_6a12ed8b" ON "auth_user_groups" ("user_id");
CREATE INDEX IF NOT EXISTS "auth_user_groups_group_id_97559544" ON "auth_user_groups" ("group_id");
CREATE UNIQUE INDEX "auth_user_user_permissions_user_id_permission_id_14a6b632_uniq" ON "auth_user_user_permissions" ("user_id", "permission_id");
CREATE INDEX IF NOT EXISTS "auth_user_user_permissions_user_id_a95ead1b" ON "auth_user_user_permissions" ("user_id");
CREATE INDEX IF NOT EXISTS "auth_user_user_permissions_permission_id_1fbb5f2c" ON "auth_user_user_permissions" ("permission_id");
CREATE INDEX IF NOT EXISTS "django_admin_log_content_type_id_c4bce8eb" ON "django_admin_log" ("content_type_id");
CREATE INDEX IF NOT EXISTS "django_admin_log_user_id_c564eba6" ON "django_admin_log" ("user_id");
CREATE UNIQUE INDEX "django_content_type_app_label_model_76bd3d3b_uniq" ON "django_content_type" ("app_label", "model");
CREATE UNIQUE INDEX "auth_permission_content_type_id_codename_01ab375a_uniq" ON "auth_permission" ("content_type_id", "codename");
CREATE INDEX IF NOT EXISTS "auth_permission_content_type_id_2f476e4b" ON "auth_permission" ("content_type_id");
CREATE INDEX IF NOT EXISTS "jobs_skill_job_post_id_c7b60021" ON "jobs_skill" ("job_post_id");
CREATE INDEX IF NOT EXISTS "jobs_education_job_post_id_0f165219" ON "jobs_academic" ("job_post_id");
CREATE INDEX IF NOT EXISTS "jobs_experience_job_post_id_5cd08f71" ON "jobs_experience" ("job_post_id");
CREATE INDEX IF NOT EXISTS "jobs_requirement_job_post_id_fca1d1ec" ON "jobs_requirement" ("job_post_id");
CREATE INDEX IF NOT EXISTS "jobs_jobpost_user_id_5b3a30c5" ON "jobs_jobpost" ("user_id");
CREATE INDEX IF NOT EXISTS "jobs_notification_user_id_bd18f659" ON "jobs_notification" ("user_id");
CREATE INDEX IF NOT EXISTS "profiles_raise_employee_id_7a5668e3" ON "profiles_raise" ("employee_id");
CREATE INDEX IF NOT EXISTS "django_session_expire_date_a5c62663" ON "django_session" ("expire_date");
CREATE INDEX IF NOT EXISTS "profiles_leave_employee_id_add94add" ON "profiles_leave" ("employee_id");
CREATE INDEX IF NOT EXISTS "profiles_attendance_employee_id_2ea8bce1" ON "profiles_attendance" ("employee_id");
CREATE INDEX IF NOT EXISTS "profiles_attendance_shift_id_a1aeffbb" ON "profiles_attendance" ("shift_id");
CREATE TABLE IF NOT EXISTS "auth_group_permissions" ("id" integer NOT NULL PRIMARY KEY AUTOINCREMENT, "group_id" integer NOT NULL REFERENCES "auth_group" ("id") DEFERRABLE INITIALLY DEFERRED, "permission_id" integer NOT NULL REFERENCES "auth_permission" ("id") DEFERRABLE INITIALLY DEFERRED);
CREATE UNIQUE INDEX "auth_group_permissions_group_id_permission_id_0cd325b0_uniq" ON "auth_group_permissions" ("group_id", "permission_id");
CREATE INDEX IF NOT EXISTS "auth_group_permissions_group_id_b120cbf9" ON "auth_group_permissions" ("group_id");
CREATE INDEX IF NOT EXISTS "auth_group_permissions_permission_id_84c5c92e" ON "auth_group_permissions" ("permission_id");
CREATE UNIQUE INDEX "auth_user_groups_user_id_group_id_94350c0c_uniq" ON "auth_user_groups" ("user_id", "group_id");
CREATE INDEX IF NOT EXISTS "auth_user_groups_user_id_6a12ed8b" ON "auth_user_groups" ("user_id");
CREATE INDEX IF NOT EXISTS "auth_user_groups_group_id_97559544" ON "auth_user_groups" ("group_id");
CREATE UNIQUE INDEX "auth_user_user_permissions_user_id_permission_id_14a6b632_uniq" ON "auth_user_user_permissions" ("user_id", "permission_id");
CREATE INDEX IF NOT EXISTS "auth_user_user_permissions_user_id_a95ead1b" ON "auth_user_user_permissions" ("user_id");
CREATE INDEX IF NOT EXISTS "auth_user_user_permissions_permission_id_1fbb5f2c" ON "auth_user_user_permissions" ("permission_id");
CREATE INDEX IF NOT EXISTS "django_admin_log_content_type_id_c4bce8eb" ON "django_admin_log" ("content_type_id");
CREATE INDEX IF NOT EXISTS "django_admin_log_user_id_c564eba6" ON "django_admin_log" ("user_id");
CREATE UNIQUE INDEX "django_content_type_app_label_model_76bd3d3b_uniq" ON "django_content_type" ("app_label", "model");
CREATE UNIQUE INDEX "auth_permission_content_type_id_codename_01ab375a_uniq" ON "auth_permission" ("content_type_id", "codename");
CREATE INDEX IF NOT EXISTS "auth_permission_content_type_id_2f476e4b" ON "auth_permission" ("content_type_id");
CREATE INDEX IF NOT EXISTS "jobs_skill_job_post_id_c7b60021" ON "jobs_skill" ("job_post_id");
CREATE INDEX IF NOT EXISTS "jobs_education_job_post_id_0f165219" ON "jobs_academic" ("job_post_id");
CREATE INDEX IF NOT EXISTS "jobs_experience_job_post_id_5cd08f71" ON "jobs_experience" ("job_post_id");
CREATE INDEX IF NOT EXISTS "jobs_requirement_job_post_id_fca1d1ec" ON "jobs_requirement" ("job_post_id");
CREATE INDEX IF NOT EXISTS "jobs_jobpost_user_id_5b3a30c5" ON "jobs_jobpost" ("user_id");
CREATE INDEX IF NOT EXISTS "jobs_notification_user_id_bd18f659" ON "jobs_notification" ("user_id");
CREATE INDEX IF NOT EXISTS "profiles_raise_employee_id_7a5668e3" ON "profiles_raise" ("employee_id");
CREATE INDEX IF NOT EXISTS "django_session_expire_date_a5c62663" ON "django_session" ("expire_date");
CREATE INDEX IF NOT EXISTS "profiles_leave_employee_id_add94add" ON "profiles_leave" ("employee_id");
CREATE INDEX IF NOT EXISTS "profiles_attendance_employee_id_2ea8bce1" ON "profiles_attendance" ("employee_id");
CREATE INDEX IF NOT EXISTS "profiles_attendance_shift_id_a1aeffbb" ON "profiles_attendance" ("shift_id");
CREATE TABLE IF NOT EXISTS "auth_permission" ("id" integer NOT NULL PRIMARY KEY AUTOINCREMENT, "content_type_id" integer NOT NULL REFERENCES "django_content_type" ("id") DEFERRABLE INITIALLY DEFERRED, "codename" varchar(100) NOT NULL, "name" varchar(255) NOT NULL);
INSERT INTO "auth_permission" VALUES(1,1,'add_logentry','Can add log entry');
INSERT INTO "auth_permission" VALUES(2,1,'change_logentry','Can change log entry');
INSERT INTO "auth_permission" VALUES(3,1,'delete_logentry','Can delete log entry');
INSERT INTO "auth_permission" VALUES(4,1,'view_logentry','Can view log entry');
INSERT INTO "auth_permission" VALUES(5,2,'add_permission','Can add permission');
INSERT INTO "auth_permission" VALUES(6,2,'change_permission','Can change permission');
INSERT INTO "auth_permission" VALUES(7,2,'delete_permission','Can delete permission');
INSERT INTO "auth_permission" VALUES(8,2,'view_permission','Can view permission');
INSERT INTO "auth_permission" VALUES(9,3,'add_group','Can add group');
INSERT INTO "auth_permission" VALUES(10,3,'change_group','Can change group');
INSERT INTO "auth_permission" VALUES(11,3,'delete_group','Can delete group');
INSERT INTO "auth_permission" VALUES(12,3,'view_group','Can view group');
INSERT INTO "auth_permission" VALUES(13,4,'add_user','Can add user');
INSERT INTO "auth_permission" VALUES(14,4,'change_user','Can change user');
INSERT INTO "auth_permission" VALUES(15,4,'delete_user','Can delete user');
INSERT INTO "auth_permission" VALUES(16,4,'view_user','Can view user');
INSERT INTO "auth_permission" VALUES(17,5,'add_contenttype','Can add content type');
INSERT INTO "auth_permission" VALUES(18,5,'change_contenttype','Can change content type');
INSERT INTO "auth_permission" VALUES(19,5,'delete_contenttype','Can delete content type');
INSERT INTO "auth_permission" VALUES(20,5,'view_contenttype','Can view content type');
INSERT INTO "auth_permission" VALUES(21,6,'add_session','Can add session');
INSERT INTO "auth_permission" VALUES(22,6,'change_session','Can change session');
INSERT INTO "auth_permission" VALUES(23,6,'delete_session','Can delete session');
INSERT INTO "auth_permission" VALUES(24,6,'view_session','Can view session');
INSERT INTO "auth_permission" VALUES(25,7,'add_profile','Can add profile');
INSERT INTO "auth_permission" VALUES(26,7,'change_profile','Can change profile');
INSERT INTO "auth_permission" VALUES(27,7,'delete_profile','Can delete profile');
INSERT INTO "auth_permission" VALUES(28,7,'view_profile','Can view profile');
INSERT INTO "auth_permission" VALUES(29,8,'add_personalinformation','Can add personal information');
INSERT INTO "auth_permission" VALUES(30,8,'change_personalinformation','Can change personal information');
INSERT INTO "auth_permission" VALUES(31,8,'delete_personalinformation','Can delete personal information');
INSERT INTO "auth_permission" VALUES(32,8,'view_personalinformation','Can view personal information');
INSERT INTO "auth_permission" VALUES(33,9,'add_addressinformation','Can add address information');
INSERT INTO "auth_permission" VALUES(34,9,'change_addressinformation','Can change address information');
INSERT INTO "auth_permission" VALUES(35,9,'delete_addressinformation','Can delete address information');
INSERT INTO "auth_permission" VALUES(36,9,'view_addressinformation','Can view address information');
INSERT INTO "auth_permission" VALUES(37,10,'add_profileimage','Can add profile image');
INSERT INTO "auth_permission" VALUES(38,10,'change_profileimage','Can change profile image');
INSERT INTO "auth_permission" VALUES(39,10,'delete_profileimage','Can delete profile image');
INSERT INTO "auth_permission" VALUES(40,10,'view_profileimage','Can view profile image');
INSERT INTO "auth_permission" VALUES(41,11,'add_staffprofile','Can add staff profile');
INSERT INTO "auth_permission" VALUES(42,11,'change_staffprofile','Can change staff profile');
INSERT INTO "auth_permission" VALUES(43,11,'delete_staffprofile','Can delete staff profile');
INSERT INTO "auth_permission" VALUES(44,11,'view_staffprofile','Can view staff profile');
INSERT INTO "auth_permission" VALUES(45,12,'add_shift','Can add shift');
INSERT INTO "auth_permission" VALUES(46,12,'change_shift','Can change shift');
INSERT INTO "auth_permission" VALUES(47,12,'delete_shift','Can delete shift');
INSERT INTO "auth_permission" VALUES(48,12,'view_shift','Can view shift');
INSERT INTO "auth_permission" VALUES(49,13,'add_raise','Can add raise');
INSERT INTO "auth_permission" VALUES(50,13,'change_raise','Can change raise');
INSERT INTO "auth_permission" VALUES(51,13,'delete_raise','Can delete raise');
INSERT INTO "auth_permission" VALUES(52,13,'view_raise','Can view raise');
INSERT INTO "auth_permission" VALUES(53,14,'add_leave','Can add leave');
INSERT INTO "auth_permission" VALUES(54,14,'change_leave','Can change leave');
INSERT INTO "auth_permission" VALUES(55,14,'delete_leave','Can delete leave');
INSERT INTO "auth_permission" VALUES(56,14,'view_leave','Can view leave');
INSERT INTO "auth_permission" VALUES(57,15,'add_attendance','Can add attendance');
INSERT INTO "auth_permission" VALUES(58,15,'change_attendance','Can change attendance');
INSERT INTO "auth_permission" VALUES(59,15,'delete_attendance','Can delete attendance');
INSERT INTO "auth_permission" VALUES(60,15,'view_attendance','Can view attendance');
INSERT INTO "auth_permission" VALUES(61,16,'add_jobpost','Can add job post');
INSERT INTO "auth_permission" VALUES(62,16,'change_jobpost','Can change job post');
INSERT INTO "auth_permission" VALUES(63,16,'delete_jobpost','Can delete job post');
INSERT INTO "auth_permission" VALUES(64,16,'view_jobpost','Can view job post');
INSERT INTO "auth_permission" VALUES(65,17,'add_skill','Can add skill');
INSERT INTO "auth_permission" VALUES(66,17,'change_skill','Can change skill');
INSERT INTO "auth_permission" VALUES(67,17,'delete_skill','Can delete skill');
INSERT INTO "auth_permission" VALUES(68,17,'view_skill','Can view skill');
INSERT INTO "auth_permission" VALUES(69,18,'add_requirement','Can add requirement');
INSERT INTO "auth_permission" VALUES(70,18,'change_requirement','Can change requirement');
INSERT INTO "auth_permission" VALUES(71,18,'delete_requirement','Can delete requirement');
INSERT INTO "auth_permission" VALUES(72,18,'view_requirement','Can view requirement');
INSERT INTO "auth_permission" VALUES(73,19,'add_experience','Can add experience');
INSERT INTO "auth_permission" VALUES(74,19,'change_experience','Can change experience');
INSERT INTO "auth_permission" VALUES(75,19,'delete_experience','Can delete experience');
INSERT INTO "auth_permission" VALUES(76,19,'view_experience','Can view experience');
INSERT INTO "auth_permission" VALUES(77,20,'add_academic','Can add academic');
INSERT INTO "auth_permission" VALUES(78,20,'change_academic','Can change academic');
INSERT INTO "auth_permission" VALUES(79,20,'delete_academic','Can delete academic');
INSERT INTO "auth_permission" VALUES(80,20,'view_academic','Can view academic');
INSERT INTO "auth_permission" VALUES(81,21,'add_notification','Can add notification');
INSERT INTO "auth_permission" VALUES(82,21,'change_notification','Can change notification');
INSERT INTO "auth_permission" VALUES(83,21,'delete_notification','Can delete notification');
INSERT INTO "auth_permission" VALUES(84,21,'view_notification','Can view notification');
INSERT INTO "auth_permission" VALUES(85,22,'add_site','Can add site');
INSERT INTO "auth_permission" VALUES(86,22,'change_site','Can change site');
INSERT INTO "auth_permission" VALUES(87,22,'delete_site','Can delete site');
INSERT INTO "auth_permission" VALUES(88,22,'view_site','Can view site');
CREATE UNIQUE INDEX "auth_group_permissions_group_id_permission_id_0cd325b0_uniq" ON "auth_group_permissions" ("group_id", "permission_id");
CREATE INDEX IF NOT EXISTS "auth_group_permissions_group_id_b120cbf9" ON "auth_group_permissions" ("group_id");
CREATE INDEX IF NOT EXISTS "auth_group_permissions_permission_id_84c5c92e" ON "auth_group_permissions" ("permission_id");
CREATE UNIQUE INDEX "auth_user_groups_user_id_group_id_94350c0c_uniq" ON "auth_user_groups" ("user_id", "group_id");
CREATE INDEX IF NOT EXISTS "auth_user_groups_user_id_6a12ed8b" ON "auth_user_groups" ("user_id");
CREATE INDEX IF NOT EXISTS "auth_user_groups_group_id_97559544" ON "auth_user_groups" ("group_id");
CREATE UNIQUE INDEX "auth_user_user_permissions_user_id_permission_id_14a6b632_uniq" ON "auth_user_user_permissions" ("user_id", "permission_id");
CREATE INDEX IF NOT EXISTS "auth_user_user_permissions_user_id_a95ead1b" ON "auth_user_user_permissions" ("user_id");
CREATE INDEX IF NOT EXISTS "auth_user_user_permissions_permission_id_1fbb5f2c" ON "auth_user_user_permissions" ("permission_id");
CREATE INDEX IF NOT EXISTS "django_admin_log_content_type_id_c4bce8eb" ON "django_admin_log" ("content_type_id");
CREATE INDEX IF NOT EXISTS "django_admin_log_user_id_c564eba6" ON "django_admin_log" ("user_id");
CREATE UNIQUE INDEX "django_content_type_app_label_model_76bd3d3b_uniq" ON "django_content_type" ("app_label", "model");
CREATE UNIQUE INDEX "auth_permission_content_type_id_codename_01ab375a_uniq" ON "auth_permission" ("content_type_id", "codename");
CREATE INDEX IF NOT EXISTS "auth_permission_content_type_id_2f476e4b" ON "auth_permission" ("content_type_id");
CREATE INDEX IF NOT EXISTS "jobs_skill_job_post_id_c7b60021" ON "jobs_skill" ("job_post_id");
CREATE INDEX IF NOT EXISTS "jobs_education_job_post_id_0f165219" ON "jobs_academic" ("job_post_id");
CREATE INDEX IF NOT EXISTS "jobs_experience_job_post_id_5cd08f71" ON "jobs_experience" ("job_post_id");
CREATE INDEX IF NOT EXISTS "jobs_requirement_job_post_id_fca1d1ec" ON "jobs_requirement" ("job_post_id");
CREATE INDEX IF NOT EXISTS "jobs_jobpost_user_id_5b3a30c5" ON "jobs_jobpost" ("user_id");
CREATE INDEX IF NOT EXISTS "jobs_notification_user_id_bd18f659" ON "jobs_notification" ("user_id");
CREATE INDEX IF NOT EXISTS "profiles_raise_employee_id_7a5668e3" ON "profiles_raise" ("employee_id");
CREATE INDEX IF NOT EXISTS "django_session_expire_date_a5c62663" ON "django_session" ("expire_date");
CREATE INDEX IF NOT EXISTS "profiles_leave_employee_id_add94add" ON "profiles_leave" ("employee_id");
CREATE INDEX IF NOT EXISTS "profiles_attendance_employee_id_2ea8bce1" ON "profiles_attendance" ("employee_id");
CREATE INDEX IF NOT EXISTS "profiles_attendance_shift_id_a1aeffbb" ON "profiles_attendance" ("shift_id");
CREATE TABLE IF NOT EXISTS "auth_user" ("id" integer NOT NULL PRIMARY KEY AUTOINCREMENT, "password" varchar(128) NOT NULL, "last_login" datetime NULL, "is_superuser" bool NOT NULL, "username" varchar(150) NOT NULL UNIQUE, "last_name" varchar(150) NOT NULL, "email" varchar(254) NOT NULL, "is_staff" bool NOT NULL, "is_active" bool NOT NULL, "date_joined" datetime NOT NULL, "first_name" varchar(150) NOT NULL);
INSERT INTO "auth_user" VALUES(1,'pbkdf2_sha256$600000$KMbmhNdlLHXHbZ3YK8djhv$NwltP9tOGiy1XRZ7g9w+So4rjoh+78CUVxCELAkQ0Mk=','2024-06-25 18:58:50.759537',1,'admin','Account','admin@mictseta.com',1,1,'2024-06-22 13:32:24.193180','Admin');
INSERT INTO "auth_user" VALUES(2,'pbkdf2_sha256$600000$tLiUl0tuaAVMA9cL4R6t8r$niqoLmY9aeP0KMFDejF6CYEgxjV6Z48A7hgPBdd/NOA=','2024-06-28 11:27:49.172078',1,'manager','Mitnich','manager@mictseta.com',1,1,'2024-06-22 15:09:26.070491','Kevin');
INSERT INTO "auth_user" VALUES(3,'pbkdf2_sha256$600000$8ecmeiS1XwRI3No3c4kdEE$Itac30sgkvjH5hPqLhrXogBWR1r2UHbeMmllvq28bH0=','2024-06-25 16:57:28.627464',0,'Semenya','','salomehamese17@gmail.com',0,1,'2024-06-25 16:56:17.146209','');
INSERT INTO "auth_user" VALUES(4,'pbkdf2_sha256$600000$8rOgHb43Dz1ORazd9FHnTq$SBPybngxdkMAic8YtdNB1cVh7v/S+q4RHQTWHScuyvc=','2024-06-26 13:17:18.457375',0,'Hamese','','joelhamese@gmail.com',0,1,'2024-06-25 18:56:03.420367','');
CREATE UNIQUE INDEX "auth_group_permissions_group_id_permission_id_0cd325b0_uniq" ON "auth_group_permissions" ("group_id", "permission_id");
CREATE INDEX IF NOT EXISTS "auth_group_permissions_group_id_b120cbf9" ON "auth_group_permissions" ("group_id");
CREATE INDEX IF NOT EXISTS "auth_group_permissions_permission_id_84c5c92e" ON "auth_group_permissions" ("permission_id");
CREATE UNIQUE INDEX "auth_user_groups_user_id_group_id_94350c0c_uniq" ON "auth_user_groups" ("user_id", "group_id");
CREATE INDEX IF NOT EXISTS "auth_user_groups_user_id_6a12ed8b" ON "auth_user_groups" ("user_id");
CREATE INDEX IF NOT EXISTS "auth_user_groups_group_id_97559544" ON "auth_user_groups" ("group_id");
CREATE UNIQUE INDEX "auth_user_user_permissions_user_id_permission_id_14a6b632_uniq" ON "auth_user_user_permissions" ("user_id", "permission_id");
CREATE INDEX IF NOT EXISTS "auth_user_user_permissions_user_id_a95ead1b" ON "auth_user_user_permissions" ("user_id");
CREATE INDEX IF NOT EXISTS "auth_user_user_permissions_permission_id_1fbb5f2c" ON "auth_user_user_permissions" ("permission_id");
CREATE INDEX IF NOT EXISTS "django_admin_log_content_type_id_c4bce8eb" ON "django_admin_log" ("content_type_id");
CREATE INDEX IF NOT EXISTS "django_admin_log_user_id_c564eba6" ON "django_admin_log" ("user_id");
CREATE UNIQUE INDEX "django_content_type_app_label_model_76bd3d3b_uniq" ON "django_content_type" ("app_label", "model");
CREATE UNIQUE INDEX "auth_permission_content_type_id_codename_01ab375a_uniq" ON "auth_permission" ("content_type_id", "codename");
CREATE INDEX IF NOT EXISTS "auth_permission_content_type_id_2f476e4b" ON "auth_permission" ("content_type_id");
CREATE INDEX IF NOT EXISTS "jobs_skill_job_post_id_c7b60021" ON "jobs_skill" ("job_post_id");
CREATE INDEX IF NOT EXISTS "jobs_education_job_post_id_0f165219" ON "jobs_academic" ("job_post_id");
CREATE INDEX IF NOT EXISTS "jobs_experience_job_post_id_5cd08f71" ON "jobs_experience" ("job_post_id");
CREATE INDEX IF NOT EXISTS "jobs_requirement_job_post_id_fca1d1ec" ON "jobs_requirement" ("job_post_id");
CREATE INDEX IF NOT EXISTS "jobs_jobpost_user_id_5b3a30c5" ON "jobs_jobpost" ("user_id");
CREATE INDEX IF NOT EXISTS "jobs_notification_user_id_bd18f659" ON "jobs_notification" ("user_id");
CREATE INDEX IF NOT EXISTS "profiles_raise_employee_id_7a5668e3" ON "profiles_raise" ("employee_id");
CREATE INDEX IF NOT EXISTS "django_session_expire_date_a5c62663" ON "django_session" ("expire_date");
CREATE INDEX IF NOT EXISTS "profiles_leave_employee_id_add94add" ON "profiles_leave" ("employee_id");
CREATE INDEX IF NOT EXISTS "profiles_attendance_employee_id_2ea8bce1" ON "profiles_attendance" ("employee_id");
CREATE INDEX IF NOT EXISTS "profiles_attendance_shift_id_a1aeffbb" ON "profiles_attendance" ("shift_id");
CREATE TABLE IF NOT EXISTS "auth_user_groups" ("id" integer NOT NULL PRIMARY KEY AUTOINCREMENT, "user_id" integer NOT NULL REFERENCES "auth_user" ("id") DEFERRABLE INITIALLY DEFERRED, "group_id" integer NOT NULL REFERENCES "auth_group" ("id") DEFERRABLE INITIALLY DEFERRED);
CREATE UNIQUE INDEX "auth_group_permissions_group_id_permission_id_0cd325b0_uniq" ON "auth_group_permissions" ("group_id", "permission_id");
CREATE INDEX IF NOT EXISTS "auth_group_permissions_group_id_b120cbf9" ON "auth_group_permissions" ("group_id");
CREATE INDEX IF NOT EXISTS "auth_group_permissions_permission_id_84c5c92e" ON "auth_group_permissions" ("permission_id");
CREATE UNIQUE INDEX "auth_user_groups_user_id_group_id_94350c0c_uniq" ON "auth_user_groups" ("user_id", "group_id");
CREATE INDEX IF NOT EXISTS "auth_user_groups_user_id_6a12ed8b" ON "auth_user_groups" ("user_id");
CREATE INDEX IF NOT EXISTS "auth_user_groups_group_id_97559544" ON "auth_user_groups" ("group_id");
CREATE UNIQUE INDEX "auth_user_user_permissions_user_id_permission_id_14a6b632_uniq" ON "auth_user_user_permissions" ("user_id", "permission_id");
CREATE INDEX IF NOT EXISTS "auth_user_user_permissions_user_id_a95ead1b" ON "auth_user_user_permissions" ("user_id");
CREATE INDEX IF NOT EXISTS "auth_user_user_permissions_permission_id_1fbb5f2c" ON "auth_user_user_permissions" ("permission_id");
CREATE INDEX IF NOT EXISTS "django_admin_log_content_type_id_c4bce8eb" ON "django_admin_log" ("content_type_id");
CREATE INDEX IF NOT EXISTS "django_admin_log_user_id_c564eba6" ON "django_admin_log" ("user_id");
CREATE UNIQUE INDEX "django_content_type_app_label_model_76bd3d3b_uniq" ON "django_content_type" ("app_label", "model");
CREATE UNIQUE INDEX "auth_permission_content_type_id_codename_01ab375a_uniq" ON "auth_permission" ("content_type_id", "codename");
CREATE INDEX IF NOT EXISTS "auth_permission_content_type_id_2f476e4b" ON "auth_permission" ("content_type_id");
CREATE INDEX IF NOT EXISTS "jobs_skill_job_post_id_c7b60021" ON "jobs_skill" ("job_post_id");
CREATE INDEX IF NOT EXISTS "jobs_education_job_post_id_0f165219" ON "jobs_academic" ("job_post_id");
CREATE INDEX IF NOT EXISTS "jobs_experience_job_post_id_5cd08f71" ON "jobs_experience" ("job_post_id");
CREATE INDEX IF NOT EXISTS "jobs_requirement_job_post_id_fca1d1ec" ON "jobs_requirement" ("job_post_id");
CREATE INDEX IF NOT EXISTS "jobs_jobpost_user_id_5b3a30c5" ON "jobs_jobpost" ("user_id");
CREATE INDEX IF NOT EXISTS "jobs_notification_user_id_bd18f659" ON "jobs_notification" ("user_id");
CREATE INDEX IF NOT EXISTS "profiles_raise_employee_id_7a5668e3" ON "profiles_raise" ("employee_id");
CREATE INDEX IF NOT EXISTS "django_session_expire_date_a5c62663" ON "django_session" ("expire_date");
CREATE INDEX IF NOT EXISTS "profiles_leave_employee_id_add94add" ON "profiles_leave" ("employee_id");
CREATE INDEX IF NOT EXISTS "profiles_attendance_employee_id_2ea8bce1" ON "profiles_attendance" ("employee_id");
CREATE INDEX IF NOT EXISTS "profiles_attendance_shift_id_a1aeffbb" ON "profiles_attendance" ("shift_id");
CREATE TABLE IF NOT EXISTS "auth_user_user_permissions" ("id" integer NOT NULL PRIMARY KEY AUTOINCREMENT, "user_id" integer NOT NULL REFERENCES "auth_user" ("id") DEFERRABLE INITIALLY DEFERRED, "permission_id" integer NOT NULL REFERENCES "auth_permission" ("id") DEFERRABLE INITIALLY DEFERRED);
CREATE UNIQUE INDEX "auth_group_permissions_group_id_permission_id_0cd325b0_uniq" ON "auth_group_permissions" ("group_id", "permission_id");
CREATE INDEX IF NOT EXISTS "auth_group_permissions_group_id_b120cbf9" ON "auth_group_permissions" ("group_id");
CREATE INDEX IF NOT EXISTS "auth_group_permissions_permission_id_84c5c92e" ON "auth_group_permissions" ("permission_id");
CREATE UNIQUE INDEX "auth_user_groups_user_id_group_id_94350c0c_uniq" ON "auth_user_groups" ("user_id", "group_id");
CREATE INDEX IF NOT EXISTS "auth_user_groups_user_id_6a12ed8b" ON "auth_user_groups" ("user_id");
CREATE INDEX IF NOT EXISTS "auth_user_groups_group_id_97559544" ON "auth_user_groups" ("group_id");
CREATE UNIQUE INDEX "auth_user_user_permissions_user_id_permission_id_14a6b632_uniq" ON "auth_user_user_permissions" ("user_id", "permission_id");
CREATE INDEX IF NOT EXISTS "auth_user_user_permissions_user_id_a95ead1b" ON "auth_user_user_permissions" ("user_id");
CREATE INDEX IF NOT EXISTS "auth_user_user_permissions_permission_id_1fbb5f2c" ON "auth_user_user_permissions" ("permission_id");
CREATE INDEX IF NOT EXISTS "django_admin_log_content_type_id_c4bce8eb" ON "django_admin_log" ("content_type_id");
CREATE INDEX IF NOT EXISTS "django_admin_log_user_id_c564eba6" ON "django_admin_log" ("user_id");
CREATE UNIQUE INDEX "django_content_type_app_label_model_76bd3d3b_uniq" ON "django_content_type" ("app_label", "model");
CREATE UNIQUE INDEX "auth_permission_content_type_id_codename_01ab375a_uniq" ON "auth_permission" ("content_type_id", "codename");
CREATE INDEX IF NOT EXISTS "auth_permission_content_type_id_2f476e4b" ON "auth_permission" ("content_type_id");
CREATE INDEX IF NOT EXISTS "jobs_skill_job_post_id_c7b60021" ON "jobs_skill" ("job_post_id");
CREATE INDEX IF NOT EXISTS "jobs_education_job_post_id_0f165219" ON "jobs_academic" ("job_post_id");
CREATE INDEX IF NOT EXISTS "jobs_experience_job_post_id_5cd08f71" ON "jobs_experience" ("job_post_id");
CREATE INDEX IF NOT EXISTS "jobs_requirement_job_post_id_fca1d1ec" ON "jobs_requirement" ("job_post_id");
CREATE INDEX IF NOT EXISTS "jobs_jobpost_user_id_5b3a30c5" ON "jobs_jobpost" ("user_id");
CREATE INDEX IF NOT EXISTS "jobs_notification_user_id_bd18f659" ON "jobs_notification" ("user_id");
CREATE INDEX IF NOT EXISTS "profiles_raise_employee_id_7a5668e3" ON "profiles_raise" ("employee_id");
CREATE INDEX IF NOT EXISTS "django_session_expire_date_a5c62663" ON "django_session" ("expire_date");
CREATE INDEX IF NOT EXISTS "profiles_leave_employee_id_add94add" ON "profiles_leave" ("employee_id");
CREATE INDEX IF NOT EXISTS "profiles_attendance_employee_id_2ea8bce1" ON "profiles_attendance" ("employee_id");
CREATE INDEX IF NOT EXISTS "profiles_attendance_shift_id_a1aeffbb" ON "profiles_attendance" ("shift_id");
CREATE TABLE IF NOT EXISTS "django_admin_log" ("id" integer NOT NULL PRIMARY KEY AUTOINCREMENT, "object_id" text NULL, "object_repr" varchar(200) NOT NULL, "action_flag" smallint unsigned NOT NULL CHECK ("action_flag" >= 0), "change_message" text NOT NULL, "content_type_id" integer NULL REFERENCES "django_content_type" ("id") DEFERRABLE INITIALLY DEFERRED, "user_id" integer NOT NULL REFERENCES "auth_user" ("id") DEFERRABLE INITIALLY DEFERRED, "action_time" datetime NOT NULL);
CREATE UNIQUE INDEX "auth_group_permissions_group_id_permission_id_0cd325b0_uniq" ON "auth_group_permissions" ("group_id", "permission_id");
CREATE INDEX IF NOT EXISTS "auth_group_permissions_group_id_b120cbf9" ON "auth_group_permissions" ("group_id");
CREATE INDEX IF NOT EXISTS "auth_group_permissions_permission_id_84c5c92e" ON "auth_group_permissions" ("permission_id");
CREATE UNIQUE INDEX "auth_user_groups_user_id_group_id_94350c0c_uniq" ON "auth_user_groups" ("user_id", "group_id");
CREATE INDEX IF NOT EXISTS "auth_user_groups_user_id_6a12ed8b" ON "auth_user_groups" ("user_id");
CREATE INDEX IF NOT EXISTS "auth_user_groups_group_id_97559544" ON "auth_user_groups" ("group_id");
CREATE UNIQUE INDEX "auth_user_user_permissions_user_id_permission_id_14a6b632_uniq" ON "auth_user_user_permissions" ("user_id", "permission_id");
CREATE INDEX IF NOT EXISTS "auth_user_user_permissions_user_id_a95ead1b" ON "auth_user_user_permissions" ("user_id");
CREATE INDEX IF NOT EXISTS "auth_user_user_permissions_permission_id_1fbb5f2c" ON "auth_user_user_permissions" ("permission_id");
CREATE INDEX IF NOT EXISTS "django_admin_log_content_type_id_c4bce8eb" ON "django_admin_log" ("content_type_id");
CREATE INDEX IF NOT EXISTS "django_admin_log_user_id_c564eba6" ON "django_admin_log" ("user_id");
CREATE UNIQUE INDEX "django_content_type_app_label_model_76bd3d3b_uniq" ON "django_content_type" ("app_label", "model");
CREATE UNIQUE INDEX "auth_permission_content_type_id_codename_01ab375a_uniq" ON "auth_permission" ("content_type_id", "codename");
CREATE INDEX IF NOT EXISTS "auth_permission_content_type_id_2f476e4b" ON "auth_permission" ("content_type_id");
CREATE INDEX IF NOT EXISTS "jobs_skill_job_post_id_c7b60021" ON "jobs_skill" ("job_post_id");
CREATE INDEX IF NOT EXISTS "jobs_education_job_post_id_0f165219" ON "jobs_academic" ("job_post_id");
CREATE INDEX IF NOT EXISTS "jobs_experience_job_post_id_5cd08f71" ON "jobs_experience" ("job_post_id");
CREATE INDEX IF NOT EXISTS "jobs_requirement_job_post_id_fca1d1ec" ON "jobs_requirement" ("job_post_id");
CREATE INDEX IF NOT EXISTS "jobs_jobpost_user_id_5b3a30c5" ON "jobs_jobpost" ("user_id");
CREATE INDEX IF NOT EXISTS "jobs_notification_user_id_bd18f659" ON "jobs_notification" ("user_id");
CREATE INDEX IF NOT EXISTS "profiles_raise_employee_id_7a5668e3" ON "profiles_raise" ("employee_id");
CREATE INDEX IF NOT EXISTS "django_session_expire_date_a5c62663" ON "django_session" ("expire_date");
CREATE INDEX IF NOT EXISTS "profiles_leave_employee_id_add94add" ON "profiles_leave" ("employee_id");
CREATE INDEX IF NOT EXISTS "profiles_attendance_employee_id_2ea8bce1" ON "profiles_attendance" ("employee_id");
CREATE INDEX IF NOT EXISTS "profiles_attendance_shift_id_a1aeffbb" ON "profiles_attendance" ("shift_id");
CREATE TABLE IF NOT EXISTS "django_content_type" ("id" integer NOT NULL PRIMARY KEY AUTOINCREMENT, "app_label" varchar(100) NOT NULL, "model" varchar(100) NOT NULL);
INSERT INTO "django_content_type" VALUES(1,'admin','logentry');
INSERT INTO "django_content_type" VALUES(2,'auth','permission');
INSERT INTO "django_content_type" VALUES(3,'auth','group');
INSERT INTO "django_content_type" VALUES(4,'auth','user');
INSERT INTO "django_content_type" VALUES(5,'contenttypes','contenttype');
INSERT INTO "django_content_type" VALUES(6,'sessions','session');
INSERT INTO "django_content_type" VALUES(7,'profiles','profile');
INSERT INTO "django_content_type" VALUES(8,'profiles','personalinformation');
INSERT INTO "django_content_type" VALUES(9,'profiles','addressinformation');
INSERT INTO "django_content_type" VALUES(10,'profiles','profileimage');
INSERT INTO "django_content_type" VALUES(11,'profiles','staffprofile');
INSERT INTO "django_content_type" VALUES(12,'profiles','shift');
INSERT INTO "django_content_type" VALUES(13,'profiles','raise');
INSERT INTO "django_content_type" VALUES(14,'profiles','leave');
INSERT INTO "django_content_type" VALUES(15,'profiles','attendance');
INSERT INTO "django_content_type" VALUES(16,'jobs','jobpost');
INSERT INTO "django_content_type" VALUES(17,'jobs','skill');
INSERT INTO "django_content_type" VALUES(18,'jobs','requirement');
INSERT INTO "django_content_type" VALUES(19,'jobs','experience');
INSERT INTO "django_content_type" VALUES(20,'jobs','academic');
INSERT INTO "django_content_type" VALUES(21,'jobs','notification');
INSERT INTO "django_content_type" VALUES(22,'sites','site');
CREATE UNIQUE INDEX "auth_group_permissions_group_id_permission_id_0cd325b0_uniq" ON "auth_group_permissions" ("group_id", "permission_id");
CREATE INDEX IF NOT EXISTS "auth_group_permissions_group_id_b120cbf9" ON "auth_group_permissions" ("group_id");
CREATE INDEX IF NOT EXISTS "auth_group_permissions_permission_id_84c5c92e" ON "auth_group_permissions" ("permission_id");
CREATE UNIQUE INDEX "auth_user_groups_user_id_group_id_94350c0c_uniq" ON "auth_user_groups" ("user_id", "group_id");
CREATE INDEX IF NOT EXISTS "auth_user_groups_user_id_6a12ed8b" ON "auth_user_groups" ("user_id");
CREATE INDEX IF NOT EXISTS "auth_user_groups_group_id_97559544" ON "auth_user_groups" ("group_id");
CREATE UNIQUE INDEX "auth_user_user_permissions_user_id_permission_id_14a6b632_uniq" ON "auth_user_user_permissions" ("user_id", "permission_id");
CREATE INDEX IF NOT EXISTS "auth_user_user_permissions_user_id_a95ead1b" ON "auth_user_user_permissions" ("user_id");
CREATE INDEX IF NOT EXISTS "auth_user_user_permissions_permission_id_1fbb5f2c" ON "auth_user_user_permissions" ("permission_id");
CREATE INDEX IF NOT EXISTS "django_admin_log_content_type_id_c4bce8eb" ON "django_admin_log" ("content_type_id");
CREATE INDEX IF NOT EXISTS "django_admin_log_user_id_c564eba6" ON "django_admin_log" ("user_id");
CREATE UNIQUE INDEX "django_content_type_app_label_model_76bd3d3b_uniq" ON "django_content_type" ("app_label", "model");
CREATE UNIQUE INDEX "auth_permission_content_type_id_codename_01ab375a_uniq" ON "auth_permission" ("content_type_id", "codename");
CREATE INDEX IF NOT EXISTS "auth_permission_content_type_id_2f476e4b" ON "auth_permission" ("content_type_id");
CREATE INDEX IF NOT EXISTS "jobs_skill_job_post_id_c7b60021" ON "jobs_skill" ("job_post_id");
CREATE INDEX IF NOT EXISTS "jobs_education_job_post_id_0f165219" ON "jobs_academic" ("job_post_id");
CREATE INDEX IF NOT EXISTS "jobs_experience_job_post_id_5cd08f71" ON "jobs_experience" ("job_post_id");
CREATE INDEX IF NOT EXISTS "jobs_requirement_job_post_id_fca1d1ec" ON "jobs_requirement" ("job_post_id");
CREATE INDEX IF NOT EXISTS "jobs_jobpost_user_id_5b3a30c5" ON "jobs_jobpost" ("user_id");
CREATE INDEX IF NOT EXISTS "jobs_notification_user_id_bd18f659" ON "jobs_notification" ("user_id");
CREATE INDEX IF NOT EXISTS "profiles_raise_employee_id_7a5668e3" ON "profiles_raise" ("employee_id");
CREATE INDEX IF NOT EXISTS "django_session_expire_date_a5c62663" ON "django_session" ("expire_date");
CREATE INDEX IF NOT EXISTS "profiles_leave_employee_id_add94add" ON "profiles_leave" ("employee_id");
CREATE INDEX IF NOT EXISTS "profiles_attendance_employee_id_2ea8bce1" ON "profiles_attendance" ("employee_id");
CREATE INDEX IF NOT EXISTS "profiles_attendance_shift_id_a1aeffbb" ON "profiles_attendance" ("shift_id");
CREATE TABLE IF NOT EXISTS "django_migrations" ("id" integer NOT NULL PRIMARY KEY AUTOINCREMENT, "app" varchar(255) NOT NULL, "name" varchar(255) NOT NULL, "applied" datetime NOT NULL);
INSERT INTO "django_migrations" VALUES(1,'contenttypes','0001_initial','2024-06-22 13:31:20.756534');
INSERT INTO "django_migrations" VALUES(2,'auth','0001_initial','2024-06-22 13:31:20.868285');
INSERT INTO "django_migrations" VALUES(3,'admin','0001_initial','2024-06-22 13:31:20.933426');
INSERT INTO "django_migrations" VALUES(4,'admin','0002_logentry_remove_auto_add','2024-06-22 13:31:20.999085');
INSERT INTO "django_migrations" VALUES(5,'admin','0003_logentry_add_action_flag_choices','2024-06-22 13:31:21.051589');
INSERT INTO "django_migrations" VALUES(6,'contenttypes','0002_remove_content_type_name','2024-06-22 13:31:21.135212');
INSERT INTO "django_migrations" VALUES(7,'auth','0002_alter_permission_name_max_length','2024-06-22 13:31:21.198554');
INSERT INTO "django_migrations" VALUES(8,'auth','0003_alter_user_email_max_length','2024-06-22 13:31:21.261921');
INSERT INTO "django_migrations" VALUES(9,'auth','0004_alter_user_username_opts','2024-06-22 13:31:21.315013');
INSERT INTO "django_migrations" VALUES(10,'auth','0005_alter_user_last_login_null','2024-06-22 13:31:21.371533');
INSERT INTO "django_migrations" VALUES(11,'auth','0006_require_contenttypes_0002','2024-06-22 13:31:21.388355');
INSERT INTO "django_migrations" VALUES(12,'auth','0007_alter_validators_add_error_messages','2024-06-22 13:31:21.436255');
INSERT INTO "django_migrations" VALUES(13,'auth','0008_alter_user_username_max_length','2024-06-22 13:31:21.499643');
INSERT INTO "django_migrations" VALUES(14,'auth','0009_alter_user_last_name_max_length','2024-06-22 13:31:21.559727');
INSERT INTO "django_migrations" VALUES(15,'auth','0010_alter_group_name_max_length','2024-06-22 13:31:21.617516');
INSERT INTO "django_migrations" VALUES(16,'auth','0011_update_proxy_permissions','2024-06-22 13:31:21.668091');
INSERT INTO "django_migrations" VALUES(17,'auth','0012_alter_user_first_name_max_length','2024-06-22 13:31:21.733937');
INSERT INTO "django_migrations" VALUES(18,'authenticate','0001_initial','2024-06-22 13:31:21.762435');
INSERT INTO "django_migrations" VALUES(19,'authenticate','0002_userprofile_delete_userprfoile','2024-06-22 13:31:21.798247');
INSERT INTO "django_migrations" VALUES(20,'authenticate','0003_user_delete_userprofile','2024-06-22 13:31:21.899761');
INSERT INTO "django_migrations" VALUES(21,'authenticate','0004_rename_user_users','2024-06-22 13:31:22.010947');
INSERT INTO "django_migrations" VALUES(22,'authenticate','0005_profile_delete_users','2024-06-22 13:31:22.072214');
INSERT INTO "django_migrations" VALUES(23,'authenticate','0006_profile_age_profile_gender','2024-06-22 13:31:22.152374');
INSERT INTO "django_migrations" VALUES(24,'authenticate','0007_profile_is_verified_personalinformation_and_more','2024-06-22 13:31:22.270276');
INSERT INTO "django_migrations" VALUES(25,'authenticate','0008_addressinformation_street_address_line1_and_more','2024-06-22 13:31:22.368289');
INSERT INTO "django_migrations" VALUES(26,'authenticate','0009_remove_personalinformation_user_remove_profile_user_and_more','2024-06-22 13:31:22.468071');
INSERT INTO "django_migrations" VALUES(27,'jobs','0001_initial','2024-06-22 13:31:22.667550');
INSERT INTO "django_migrations" VALUES(28,'jobs','0002_rename_education_academic_and_more','2024-06-22 13:31:22.924389');
INSERT INTO "django_migrations" VALUES(29,'jobs','0003_alter_jobpost_user','2024-06-22 13:31:22.995487');
INSERT INTO "django_migrations" VALUES(30,'jobs','0004_jobpost_status','2024-06-22 13:31:23.072464');
INSERT INTO "django_migrations" VALUES(31,'jobs','0005_jobpost_is_complete','2024-06-22 13:31:23.165011');
INSERT INTO "django_migrations" VALUES(32,'jobs','0006_alter_academic_job_post_alter_experience_job_post_and_more','2024-06-22 13:31:23.317942');
INSERT INTO "django_migrations" VALUES(33,'jobs','0007_alter_experience_duration_and_more','2024-06-22 13:31:23.407971');
INSERT INTO "django_migrations" VALUES(34,'jobs','0008_jobpost_is_approved_alter_jobpost_status','2024-06-22 13:31:23.522663');
INSERT INTO "django_migrations" VALUES(35,'jobs','0009_alter_jobpost_status_notification','2024-06-22 13:31:23.646626');
INSERT INTO "django_migrations" VALUES(36,'jobs','0010_alter_jobpost_user','2024-06-22 13:31:23.737615');
INSERT INTO "django_migrations" VALUES(37,'profiles','0001_initial','2024-06-22 13:31:23.946981');
INSERT INTO "django_migrations" VALUES(38,'profiles','0002_alter_addressinformation_city_and_more','2024-06-22 13:31:24.311000');
INSERT INTO "django_migrations" VALUES(39,'profiles','0003_profile_uuid','2024-06-22 13:31:24.393584');
INSERT INTO "django_migrations" VALUES(40,'profiles','0004_profileimage','2024-06-22 13:31:24.493905');
INSERT INTO "django_migrations" VALUES(41,'profiles','0005_staffprofile','2024-06-22 13:31:24.621053');
INSERT INTO "django_migrations" VALUES(42,'profiles','0006_shift_raise_leave_attendance','2024-06-22 13:31:25.035288');
INSERT INTO "django_migrations" VALUES(43,'profiles','0007_alter_shift_end_time_alter_shift_start_time','2024-06-22 13:31:25.178116');
INSERT INTO "django_migrations" VALUES(44,'sessions','0001_initial','2024-06-22 13:31:25.225816');
INSERT INTO "django_migrations" VALUES(45,'profiles','0008_shift_working_hours','2024-06-22 16:12:13.908424');
INSERT INTO "django_migrations" VALUES(46,'profiles','0009_leave_seen','2024-06-23 00:37:41.724825');
INSERT INTO "django_migrations" VALUES(47,'profiles','0010_rename_late_attendance_minutes_attendance_is_late_and_more','2024-06-23 16:55:16.786976');
INSERT INTO "django_migrations" VALUES(48,'profiles','0011_remove_shift_status_attendance_active','2024-06-23 16:55:16.921106');
INSERT INTO "django_migrations" VALUES(49,'profiles','0012_alter_attendance_date','2024-06-24 14:35:56.181872');
INSERT INTO "django_migrations" VALUES(50,'sites','0001_initial','2024-06-24 14:35:56.190185');
INSERT INTO "django_migrations" VALUES(51,'sites','0002_alter_domain_unique','2024-06-24 14:35:56.205602');
INSERT INTO "django_migrations" VALUES(52,'profiles','0013_addressinformation_town','2024-06-28 10:45:10.087110');
INSERT INTO "django_migrations" VALUES(53,'profiles','0014_remove_addressinformation_town','2024-06-28 10:45:10.198276');
INSERT INTO "django_migrations" VALUES(54,'profiles','0015_profile_disability_profile_dob_and_more','2024-06-28 11:22:37.332330');
CREATE UNIQUE INDEX "auth_group_permissions_group_id_permission_id_0cd325b0_uniq" ON "auth_group_permissions" ("group_id", "permission_id");
CREATE INDEX IF NOT EXISTS "auth_group_permissions_group_id_b120cbf9" ON "auth_group_permissions" ("group_id");
CREATE INDEX IF NOT EXISTS "auth_group_permissions_permission_id_84c5c92e" ON "auth_group_permissions" ("permission_id");
CREATE UNIQUE INDEX "auth_user_groups_user_id_group_id_94350c0c_uniq" ON "auth_user_groups" ("user_id", "group_id");
CREATE INDEX IF NOT EXISTS "auth_user_groups_user_id_6a12ed8b" ON "auth_user_groups" ("user_id");
CREATE INDEX IF NOT EXISTS "auth_user_groups_group_id_97559544" ON "auth_user_groups" ("group_id");
CREATE UNIQUE INDEX "auth_user_user_permissions_user_id_permission_id_14a6b632_uniq" ON "auth_user_user_permissions" ("user_id", "permission_id");
CREATE INDEX IF NOT EXISTS "auth_user_user_permissions_user_id_a95ead1b" ON "auth_user_user_permissions" ("user_id");
CREATE INDEX IF NOT EXISTS "auth_user_user_permissions_permission_id_1fbb5f2c" ON "auth_user_user_permissions" ("permission_id");
CREATE INDEX IF NOT EXISTS "django_admin_log_content_type_id_c4bce8eb" ON "django_admin_log" ("content_type_id");
CREATE INDEX IF NOT EXISTS "django_admin_log_user_id_c564eba6" ON "django_admin_log" ("user_id");
CREATE UNIQUE INDEX "django_content_type_app_label_model_76bd3d3b_uniq" ON "django_content_type" ("app_label", "model");
CREATE UNIQUE INDEX "auth_permission_content_type_id_codename_01ab375a_uniq" ON "auth_permission" ("content_type_id", "codename");
CREATE INDEX IF NOT EXISTS "auth_permission_content_type_id_2f476e4b" ON "auth_permission" ("content_type_id");
CREATE INDEX IF NOT EXISTS "jobs_skill_job_post_id_c7b60021" ON "jobs_skill" ("job_post_id");
CREATE INDEX IF NOT EXISTS "jobs_education_job_post_id_0f165219" ON "jobs_academic" ("job_post_id");
CREATE INDEX IF NOT EXISTS "jobs_experience_job_post_id_5cd08f71" ON "jobs_experience" ("job_post_id");
CREATE INDEX IF NOT EXISTS "jobs_requirement_job_post_id_fca1d1ec" ON "jobs_requirement" ("job_post_id");
CREATE INDEX IF NOT EXISTS "jobs_jobpost_user_id_5b3a30c5" ON "jobs_jobpost" ("user_id");
CREATE INDEX IF NOT EXISTS "jobs_notification_user_id_bd18f659" ON "jobs_notification" ("user_id");
CREATE INDEX IF NOT EXISTS "profiles_raise_employee_id_7a5668e3" ON "profiles_raise" ("employee_id");
CREATE INDEX IF NOT EXISTS "django_session_expire_date_a5c62663" ON "django_session" ("expire_date");
CREATE INDEX IF NOT EXISTS "profiles_leave_employee_id_add94add" ON "profiles_leave" ("employee_id");
CREATE INDEX IF NOT EXISTS "profiles_attendance_employee_id_2ea8bce1" ON "profiles_attendance" ("employee_id");
CREATE INDEX IF NOT EXISTS "profiles_attendance_shift_id_a1aeffbb" ON "profiles_attendance" ("shift_id");
CREATE TABLE IF NOT EXISTS "django_session" ("session_key" varchar(40) NOT NULL PRIMARY KEY, "session_data" text NOT NULL, "expire_date" datetime NOT NULL);
INSERT INTO "django_session" VALUES('ght26z7u6l1ryw52m8gmygkeub9oc3ww','.eJxVjEEOwiAQRe_C2hAGKgMu3fcMzQCDVA0kpV0Z765NutDtf-_9l5hoW8u0dV6mOYmLAHH63QLFB9cdpDvVW5Ox1XWZg9wVedAux5b4eT3cv4NCvXxrY2xyYCDmwBkNOkbNwXvW5JCy9wNpUGATZYfgNAzKokU6e9RZKyPeH9hrNvY:1sL2us:oH0n6lowu0edxJ7FT9iz60j7qR00U7Le81R4LAIGmgs','2024-07-06 15:44:38.946291');
INSERT INTO "django_session" VALUES('6l5iyhsx6f00l5drm8evzd8qgioe5ilz','.eJxVjEEOwiAQRe_C2hAGKgMu3fcMzQCDVA0kpV0Z765NutDtf-_9l5hoW8u0dV6mOYmLAHH63QLFB9cdpDvVW5Ox1XWZg9wVedAux5b4eT3cv4NCvXxrY2xyYCDmwBkNOkbNwXvW5JCy9wNpUGATZYfgNAzKokU6e9RZKyPeH9hrNvY:1sLBFW:N8330RqhCgsJ3sZP1mrhQrx3mml54jWzmDa91kbzs4g','2024-07-07 00:38:30.390182');
INSERT INTO "django_session" VALUES('g4qy45cjcrq3s2v4syz31nql8bm62dgk','.eJxVjDsOwjAQBe_iGln2Zv2jpOcMlj9rHEC2FCcV4u4QKQW0b2bei_mwrdVvgxY_Z3ZmwE6_WwzpQW0H-R7arfPU27rMke8KP-jg157peTncv4MaRv3WQqIWIKNx6BIISwhIOlqnp6IkmKwJjUCllU1gJ5VIORCxZBVcMTGz9wefnzbE:1sLcyz:z1RUQZV1s5k-94GgkgjgkGBtlblNe656NGdXxnEfYCw','2024-07-08 06:15:17.760645');
INSERT INTO "django_session" VALUES('6bdy811dczl7o7uh3c30ptx9vnzs1leo','.eJxVjDsOwjAQBe_iGln2Zv2jpOcMlj9rHEC2FCcV4u4QKQW0b2bei_mwrdVvgxY_Z3ZmwE6_WwzpQW0H-R7arfPU27rMke8KP-jg157peTncv4MaRv3WQqIWIKNx6BIISwhIOlqnp6IkmKwJjUCllU1gJ5VIORCxZBVcMTGz9wefnzbE:1sLimx:4eUokATS5h9eXlFX2-0F9Fzi3ulsNC-2Gu_DlCq_Gpk','2024-07-08 12:27:15.785065');
INSERT INTO "django_session" VALUES('naqwc7t6x2yruf3ea534cua1cwiehqew','.eJxVjMEOwiAQRP-FsyFAW-h69N5vIAu7SNVAUtqT8d9tkx70OPPezFt43Nbst8aLn0lcRS8uv13A-ORyAHpguVcZa1mXOchDkSdtcqrEr9vp_h1kbHlfx5ECD85FbULALgFYsqSNVYldUsqCNqT2gIzRQdcFGCNrQDOk3hCLzxcAAjiX:1sMSWU:2Lc8JQi-VeHhqnIPik0XHBfjSKlMUlwRgzlZoWbOzhk','2024-07-10 13:17:18.467642');
CREATE UNIQUE INDEX "auth_group_permissions_group_id_permission_id_0cd325b0_uniq" ON "auth_group_permissions" ("group_id", "permission_id");
CREATE INDEX IF NOT EXISTS "auth_group_permissions_group_id_b120cbf9" ON "auth_group_permissions" ("group_id");
CREATE INDEX IF NOT EXISTS "auth_group_permissions_permission_id_84c5c92e" ON "auth_group_permissions" ("permission_id");
CREATE UNIQUE INDEX "auth_user_groups_user_id_group_id_94350c0c_uniq" ON "auth_user_groups" ("user_id", "group_id");
CREATE INDEX IF NOT EXISTS "auth_user_groups_user_id_6a12ed8b" ON "auth_user_groups" ("user_id");
CREATE INDEX IF NOT EXISTS "auth_user_groups_group_id_97559544" ON "auth_user_groups" ("group_id");
CREATE UNIQUE INDEX "auth_user_user_permissions_user_id_permission_id_14a6b632_uniq" ON "auth_user_user_permissions" ("user_id", "permission_id");
CREATE INDEX IF NOT EXISTS "auth_user_user_permissions_user_id_a95ead1b" ON "auth_user_user_permissions" ("user_id");
CREATE INDEX IF NOT EXISTS "auth_user_user_permissions_permission_id_1fbb5f2c" ON "auth_user_user_permissions" ("permission_id");
CREATE INDEX IF NOT EXISTS "django_admin_log_content_type_id_c4bce8eb" ON "django_admin_log" ("content_type_id");
CREATE INDEX IF NOT EXISTS "django_admin_log_user_id_c564eba6" ON "django_admin_log" ("user_id");
CREATE UNIQUE INDEX "django_content_type_app_label_model_76bd3d3b_uniq" ON "django_content_type" ("app_label", "model");
CREATE UNIQUE INDEX "auth_permission_content_type_id_codename_01ab375a_uniq" ON "auth_permission" ("content_type_id", "codename");
CREATE INDEX IF NOT EXISTS "auth_permission_content_type_id_2f476e4b" ON "auth_permission" ("content_type_id");
CREATE INDEX IF NOT EXISTS "jobs_skill_job_post_id_c7b60021" ON "jobs_skill" ("job_post_id");
CREATE INDEX IF NOT EXISTS "jobs_education_job_post_id_0f165219" ON "jobs_academic" ("job_post_id");
CREATE INDEX IF NOT EXISTS "jobs_experience_job_post_id_5cd08f71" ON "jobs_experience" ("job_post_id");
CREATE INDEX IF NOT EXISTS "jobs_requirement_job_post_id_fca1d1ec" ON "jobs_requirement" ("job_post_id");
CREATE INDEX IF NOT EXISTS "jobs_jobpost_user_id_5b3a30c5" ON "jobs_jobpost" ("user_id");
CREATE INDEX IF NOT EXISTS "jobs_notification_user_id_bd18f659" ON "jobs_notification" ("user_id");
CREATE INDEX IF NOT EXISTS "profiles_raise_employee_id_7a5668e3" ON "profiles_raise" ("employee_id");
CREATE INDEX IF NOT EXISTS "django_session_expire_date_a5c62663" ON "django_session" ("expire_date");
CREATE INDEX IF NOT EXISTS "profiles_leave_employee_id_add94add" ON "profiles_leave" ("employee_id");
CREATE INDEX IF NOT EXISTS "profiles_attendance_employee_id_2ea8bce1" ON "profiles_attendance" ("employee_id");
CREATE INDEX IF NOT EXISTS "profiles_attendance_shift_id_a1aeffbb" ON "profiles_attendance" ("shift_id");
CREATE TABLE IF NOT EXISTS "django_site" ("id" integer NOT NULL PRIMARY KEY AUTOINCREMENT, "name" varchar(50) NOT NULL, "domain" varchar(100) NOT NULL UNIQUE);
INSERT INTO "django_site" VALUES(1,'example.com','example.com');
CREATE UNIQUE INDEX "auth_group_permissions_group_id_permission_id_0cd325b0_uniq" ON "auth_group_permissions" ("group_id", "permission_id");
CREATE INDEX IF NOT EXISTS "auth_group_permissions_group_id_b120cbf9" ON "auth_group_permissions" ("group_id");
CREATE INDEX IF NOT EXISTS "auth_group_permissions_permission_id_84c5c92e" ON "auth_group_permissions" ("permission_id");
CREATE UNIQUE INDEX "auth_user_groups_user_id_group_id_94350c0c_uniq" ON "auth_user_groups" ("user_id", "group_id");
CREATE INDEX IF NOT EXISTS "auth_user_groups_user_id_6a12ed8b" ON "auth_user_groups" ("user_id");
CREATE INDEX IF NOT EXISTS "auth_user_groups_group_id_97559544" ON "auth_user_groups" ("group_id");
CREATE UNIQUE INDEX "auth_user_user_permissions_user_id_permission_id_14a6b632_uniq" ON "auth_user_user_permissions" ("user_id", "permission_id");
CREATE INDEX IF NOT EXISTS "auth_user_user_permissions_user_id_a95ead1b" ON "auth_user_user_permissions" ("user_id");
CREATE INDEX IF NOT EXISTS "auth_user_user_permissions_permission_id_1fbb5f2c" ON "auth_user_user_permissions" ("permission_id");
CREATE INDEX IF NOT EXISTS "django_admin_log_content_type_id_c4bce8eb" ON "django_admin_log" ("content_type_id");
CREATE INDEX IF NOT EXISTS "django_admin_log_user_id_c564eba6" ON "django_admin_log" ("user_id");
CREATE UNIQUE INDEX "django_content_type_app_label_model_76bd3d3b_uniq" ON "django_content_type" ("app_label", "model");
CREATE UNIQUE INDEX "auth_permission_content_type_id_codename_01ab375a_uniq" ON "auth_permission" ("content_type_id", "codename");
CREATE INDEX IF NOT EXISTS "auth_permission_content_type_id_2f476e4b" ON "auth_permission" ("content_type_id");
CREATE INDEX IF NOT EXISTS "jobs_skill_job_post_id_c7b60021" ON "jobs_skill" ("job_post_id");
CREATE INDEX IF NOT EXISTS "jobs_education_job_post_id_0f165219" ON "jobs_academic" ("job_post_id");
CREATE INDEX IF NOT EXISTS "jobs_experience_job_post_id_5cd08f71" ON "jobs_experience" ("job_post_id");
CREATE INDEX IF NOT EXISTS "jobs_requirement_job_post_id_fca1d1ec" ON "jobs_requirement" ("job_post_id");
CREATE INDEX IF NOT EXISTS "jobs_jobpost_user_id_5b3a30c5" ON "jobs_jobpost" ("user_id");
CREATE INDEX IF NOT EXISTS "jobs_notification_user_id_bd18f659" ON "jobs_notification" ("user_id");
CREATE INDEX IF NOT EXISTS "profiles_raise_employee_id_7a5668e3" ON "profiles_raise" ("employee_id");
CREATE INDEX IF NOT EXISTS "django_session_expire_date_a5c62663" ON "django_session" ("expire_date");
CREATE INDEX IF NOT EXISTS "profiles_leave_employee_id_add94add" ON "profiles_leave" ("employee_id");
CREATE INDEX IF NOT EXISTS "profiles_attendance_employee_id_2ea8bce1" ON "profiles_attendance" ("employee_id");
CREATE INDEX IF NOT EXISTS "profiles_attendance_shift_id_a1aeffbb" ON "profiles_attendance" ("shift_id");
CREATE TABLE IF NOT EXISTS "jobs_academic" ("id" integer NOT NULL PRIMARY KEY AUTOINCREMENT, "level" varchar(225) NOT NULL, "qualification" varchar(225) NOT NULL, "job_post_id" bigint NOT NULL REFERENCES "jobs_jobpost" ("id") DEFERRABLE INITIALLY DEFERRED);
INSERT INTO "jobs_academic" VALUES(1,'grade 12','matric',1);
INSERT INTO "jobs_academic" VALUES(2,'Informtion Technology','Diploma',2);
CREATE UNIQUE INDEX "auth_group_permissions_group_id_permission_id_0cd325b0_uniq" ON "auth_group_permissions" ("group_id", "permission_id");
CREATE INDEX IF NOT EXISTS "auth_group_permissions_group_id_b120cbf9" ON "auth_group_permissions" ("group_id");
CREATE INDEX IF NOT EXISTS "auth_group_permissions_permission_id_84c5c92e" ON "auth_group_permissions" ("permission_id");
CREATE UNIQUE INDEX "auth_user_groups_user_id_group_id_94350c0c_uniq" ON "auth_user_groups" ("user_id", "group_id");
CREATE INDEX IF NOT EXISTS "auth_user_groups_user_id_6a12ed8b" ON "auth_user_groups" ("user_id");
CREATE INDEX IF NOT EXISTS "auth_user_groups_group_id_97559544" ON "auth_user_groups" ("group_id");
CREATE UNIQUE INDEX "auth_user_user_permissions_user_id_permission_id_14a6b632_uniq" ON "auth_user_user_permissions" ("user_id", "permission_id");
CREATE INDEX IF NOT EXISTS "auth_user_user_permissions_user_id_a95ead1b" ON "auth_user_user_permissions" ("user_id");
CREATE INDEX IF NOT EXISTS "auth_user_user_permissions_permission_id_1fbb5f2c" ON "auth_user_user_permissions" ("permission_id");
CREATE INDEX IF NOT EXISTS "django_admin_log_content_type_id_c4bce8eb" ON "django_admin_log" ("content_type_id");
CREATE INDEX IF NOT EXISTS "django_admin_log_user_id_c564eba6" ON "django_admin_log" ("user_id");
CREATE UNIQUE INDEX "django_content_type_app_label_model_76bd3d3b_uniq" ON "django_content_type" ("app_label", "model");
CREATE UNIQUE INDEX "auth_permission_content_type_id_codename_01ab375a_uniq" ON "auth_permission" ("content_type_id", "codename");
CREATE INDEX IF NOT EXISTS "auth_permission_content_type_id_2f476e4b" ON "auth_permission" ("content_type_id");
CREATE INDEX IF NOT EXISTS "jobs_skill_job_post_id_c7b60021" ON "jobs_skill" ("job_post_id");
CREATE INDEX IF NOT EXISTS "jobs_education_job_post_id_0f165219" ON "jobs_academic" ("job_post_id");
CREATE INDEX IF NOT EXISTS "jobs_experience_job_post_id_5cd08f71" ON "jobs_experience" ("job_post_id");
CREATE INDEX IF NOT EXISTS "jobs_requirement_job_post_id_fca1d1ec" ON "jobs_requirement" ("job_post_id");
CREATE INDEX IF NOT EXISTS "jobs_jobpost_user_id_5b3a30c5" ON "jobs_jobpost" ("user_id");
CREATE INDEX IF NOT EXISTS "jobs_notification_user_id_bd18f659" ON "jobs_notification" ("user_id");
CREATE INDEX IF NOT EXISTS "profiles_raise_employee_id_7a5668e3" ON "profiles_raise" ("employee_id");
CREATE INDEX IF NOT EXISTS "django_session_expire_date_a5c62663" ON "django_session" ("expire_date");
CREATE INDEX IF NOT EXISTS "profiles_leave_employee_id_add94add" ON "profiles_leave" ("employee_id");
CREATE INDEX IF NOT EXISTS "profiles_attendance_employee_id_2ea8bce1" ON "profiles_attendance" ("employee_id");
CREATE INDEX IF NOT EXISTS "profiles_attendance_shift_id_a1aeffbb" ON "profiles_attendance" ("shift_id");
CREATE TABLE IF NOT EXISTS "jobs_experience" ("id" integer NOT NULL PRIMARY KEY AUTOINCREMENT, "name" varchar(225) NOT NULL, "job_post_id" bigint NOT NULL REFERENCES "jobs_jobpost" ("id") DEFERRABLE INITIALLY DEFERRED, "duration" varchar(40) NOT NULL);
INSERT INTO "jobs_experience" VALUES(1,'cleaner',1,'2 years');
INSERT INTO "jobs_experience" VALUES(2,'software deleopment',2,'2 years');
CREATE UNIQUE INDEX "auth_group_permissions_group_id_permission_id_0cd325b0_uniq" ON "auth_group_permissions" ("group_id", "permission_id");
CREATE INDEX IF NOT EXISTS "auth_group_permissions_group_id_b120cbf9" ON "auth_group_permissions" ("group_id");
CREATE INDEX IF NOT EXISTS "auth_group_permissions_permission_id_84c5c92e" ON "auth_group_permissions" ("permission_id");
CREATE UNIQUE INDEX "auth_user_groups_user_id_group_id_94350c0c_uniq" ON "auth_user_groups" ("user_id", "group_id");
CREATE INDEX IF NOT EXISTS "auth_user_groups_user_id_6a12ed8b" ON "auth_user_groups" ("user_id");
CREATE INDEX IF NOT EXISTS "auth_user_groups_group_id_97559544" ON "auth_user_groups" ("group_id");
CREATE UNIQUE INDEX "auth_user_user_permissions_user_id_permission_id_14a6b632_uniq" ON "auth_user_user_permissions" ("user_id", "permission_id");
CREATE INDEX IF NOT EXISTS "auth_user_user_permissions_user_id_a95ead1b" ON "auth_user_user_permissions" ("user_id");
CREATE INDEX IF NOT EXISTS "auth_user_user_permissions_permission_id_1fbb5f2c" ON "auth_user_user_permissions" ("permission_id");
CREATE INDEX IF NOT EXISTS "django_admin_log_content_type_id_c4bce8eb" ON "django_admin_log" ("content_type_id");
CREATE INDEX IF NOT EXISTS "django_admin_log_user_id_c564eba6" ON "django_admin_log" ("user_id");
CREATE UNIQUE INDEX "django_content_type_app_label_model_76bd3d3b_uniq" ON "django_content_type" ("app_label", "model");
CREATE UNIQUE INDEX "auth_permission_content_type_id_codename_01ab375a_uniq" ON "auth_permission" ("content_type_id", "codename");
CREATE INDEX IF NOT EXISTS "auth_permission_content_type_id_2f476e4b" ON "auth_permission" ("content_type_id");
CREATE INDEX IF NOT EXISTS "jobs_skill_job_post_id_c7b60021" ON "jobs_skill" ("job_post_id");
CREATE INDEX IF NOT EXISTS "jobs_education_job_post_id_0f165219" ON "jobs_academic" ("job_post_id");
CREATE INDEX IF NOT EXISTS "jobs_experience_job_post_id_5cd08f71" ON "jobs_experience" ("job_post_id");
CREATE INDEX IF NOT EXISTS "jobs_requirement_job_post_id_fca1d1ec" ON "jobs_requirement" ("job_post_id");
CREATE INDEX IF NOT EXISTS "jobs_jobpost_user_id_5b3a30c5" ON "jobs_jobpost" ("user_id");
CREATE INDEX IF NOT EXISTS "jobs_notification_user_id_bd18f659" ON "jobs_notification" ("user_id");
CREATE INDEX IF NOT EXISTS "profiles_raise_employee_id_7a5668e3" ON "profiles_raise" ("employee_id");
CREATE INDEX IF NOT EXISTS "django_session_expire_date_a5c62663" ON "django_session" ("expire_date");
CREATE INDEX IF NOT EXISTS "profiles_leave_employee_id_add94add" ON "profiles_leave" ("employee_id");
CREATE INDEX IF NOT EXISTS "profiles_attendance_employee_id_2ea8bce1" ON "profiles_attendance" ("employee_id");
CREATE INDEX IF NOT EXISTS "profiles_attendance_shift_id_a1aeffbb" ON "profiles_attendance" ("shift_id");
CREATE TABLE IF NOT EXISTS "jobs_jobpost" ("id" integer NOT NULL PRIMARY KEY AUTOINCREMENT, "title" varchar(225) NOT NULL, "description" text NOT NULL, "start_date" datetime NOT NULL, "end_date" datetime NOT NULL, "location" varchar(225) NOT NULL, "salary_range" varchar(100) NULL, "job_type" varchar(50) NOT NULL, "industry" varchar(100) NULL, "company_name" varchar(225) NULL, "user_id" integer NOT NULL REFERENCES "auth_user" ("id") DEFERRABLE INITIALLY DEFERRED, "is_complete" bool NOT NULL, "is_approved" bool NOT NULL, "status" varchar(20) NOT NULL);
INSERT INTO "jobs_jobpost" VALUES(1,'houser cleaner','cleaning rooms and flats','2024-06-22 14:49:23.991809','2024-06-28 00:00:00','Cape Town','R10,000 - R20,000','Contract','cleaning','SixSkies',1,1,1,'Approved');
INSERT INTO "jobs_jobpost" VALUES(2,'software developer','develop software','2024-06-24 12:18:53.364445','2024-06-29 00:00:00','Johannesburg','R10,000 - R20,000','Contract','Information Technology','Mictseta',2,1,1,'Approved');
INSERT INTO "jobs_jobpost" VALUES(3,'programming','coding javascript','2024-06-25 19:01:00.981774','2024-07-06 00:00:00','Cape Town','R60,000+','Permanent','Information Technology','MICT SETA',1,0,0,'waiting');
CREATE UNIQUE INDEX "auth_group_permissions_group_id_permission_id_0cd325b0_uniq" ON "auth_group_permissions" ("group_id", "permission_id");
CREATE INDEX IF NOT EXISTS "auth_group_permissions_group_id_b120cbf9" ON "auth_group_permissions" ("group_id");
CREATE INDEX IF NOT EXISTS "auth_group_permissions_permission_id_84c5c92e" ON "auth_group_permissions" ("permission_id");
CREATE UNIQUE INDEX "auth_user_groups_user_id_group_id_94350c0c_uniq" ON "auth_user_groups" ("user_id", "group_id");
CREATE INDEX IF NOT EXISTS "auth_user_groups_user_id_6a12ed8b" ON "auth_user_groups" ("user_id");
CREATE INDEX IF NOT EXISTS "auth_user_groups_group_id_97559544" ON "auth_user_groups" ("group_id");
CREATE UNIQUE INDEX "auth_user_user_permissions_user_id_permission_id_14a6b632_uniq" ON "auth_user_user_permissions" ("user_id", "permission_id");
CREATE INDEX IF NOT EXISTS "auth_user_user_permissions_user_id_a95ead1b" ON "auth_user_user_permissions" ("user_id");
CREATE INDEX IF NOT EXISTS "auth_user_user_permissions_permission_id_1fbb5f2c" ON "auth_user_user_permissions" ("permission_id");
CREATE INDEX IF NOT EXISTS "django_admin_log_content_type_id_c4bce8eb" ON "django_admin_log" ("content_type_id");
CREATE INDEX IF NOT EXISTS "django_admin_log_user_id_c564eba6" ON "django_admin_log" ("user_id");
CREATE UNIQUE INDEX "django_content_type_app_label_model_76bd3d3b_uniq" ON "django_content_type" ("app_label", "model");
CREATE UNIQUE INDEX "auth_permission_content_type_id_codename_01ab375a_uniq" ON "auth_permission" ("content_type_id", "codename");
CREATE INDEX IF NOT EXISTS "auth_permission_content_type_id_2f476e4b" ON "auth_permission" ("content_type_id");
CREATE INDEX IF NOT EXISTS "jobs_skill_job_post_id_c7b60021" ON "jobs_skill" ("job_post_id");
CREATE INDEX IF NOT EXISTS "jobs_education_job_post_id_0f165219" ON "jobs_academic" ("job_post_id");
CREATE INDEX IF NOT EXISTS "jobs_experience_job_post_id_5cd08f71" ON "jobs_experience" ("job_post_id");
CREATE INDEX IF NOT EXISTS "jobs_requirement_job_post_id_fca1d1ec" ON "jobs_requirement" ("job_post_id");
CREATE INDEX IF NOT EXISTS "jobs_jobpost_user_id_5b3a30c5" ON "jobs_jobpost" ("user_id");
CREATE INDEX IF NOT EXISTS "jobs_notification_user_id_bd18f659" ON "jobs_notification" ("user_id");
CREATE INDEX IF NOT EXISTS "profiles_raise_employee_id_7a5668e3" ON "profiles_raise" ("employee_id");
CREATE INDEX IF NOT EXISTS "django_session_expire_date_a5c62663" ON "django_session" ("expire_date");
CREATE INDEX IF NOT EXISTS "profiles_leave_employee_id_add94add" ON "profiles_leave" ("employee_id");
CREATE INDEX IF NOT EXISTS "profiles_attendance_employee_id_2ea8bce1" ON "profiles_attendance" ("employee_id");
CREATE INDEX IF NOT EXISTS "profiles_attendance_shift_id_a1aeffbb" ON "profiles_attendance" ("shift_id");
CREATE TABLE IF NOT EXISTS "jobs_notification" ("id" integer NOT NULL PRIMARY KEY AUTOINCREMENT, "action" varchar(225) NOT NULL, "job_title" varchar(225) NOT NULL, "status" varchar(225) NOT NULL, "timestamp" datetime NOT NULL, "is_seen" bool NOT NULL, "user_id" integer NOT NULL REFERENCES "auth_user" ("id") DEFERRABLE INITIALLY DEFERRED);
INSERT INTO "jobs_notification" VALUES(3,'Job Approval','houser cleaner','Approved','2024-06-22 14:52:30.398735',0,1);
INSERT INTO "jobs_notification" VALUES(4,'Created New Job ad','software developer','waiting','2024-06-24 12:18:53.439056',0,2);
INSERT INTO "jobs_notification" VALUES(5,'Submitted Job for Approval','software developer','pending','2024-06-24 12:21:28.553172',0,2);
INSERT INTO "jobs_notification" VALUES(6,'Job Approval','software developer','Approved','2024-06-24 12:23:11.293989',0,1);
INSERT INTO "jobs_notification" VALUES(7,'Created New Job ad','programming','waiting','2024-06-25 19:01:01.010897',0,1);
CREATE UNIQUE INDEX "auth_group_permissions_group_id_permission_id_0cd325b0_uniq" ON "auth_group_permissions" ("group_id", "permission_id");
CREATE INDEX IF NOT EXISTS "auth_group_permissions_group_id_b120cbf9" ON "auth_group_permissions" ("group_id");
CREATE INDEX IF NOT EXISTS "auth_group_permissions_permission_id_84c5c92e" ON "auth_group_permissions" ("permission_id");
CREATE UNIQUE INDEX "auth_user_groups_user_id_group_id_94350c0c_uniq" ON "auth_user_groups" ("user_id", "group_id");
CREATE INDEX IF NOT EXISTS "auth_user_groups_user_id_6a12ed8b" ON "auth_user_groups" ("user_id");
CREATE INDEX IF NOT EXISTS "auth_user_groups_group_id_97559544" ON "auth_user_groups" ("group_id");
CREATE UNIQUE INDEX "auth_user_user_permissions_user_id_permission_id_14a6b632_uniq" ON "auth_user_user_permissions" ("user_id", "permission_id");
CREATE INDEX IF NOT EXISTS "auth_user_user_permissions_user_id_a95ead1b" ON "auth_user_user_permissions" ("user_id");
CREATE INDEX IF NOT EXISTS "auth_user_user_permissions_permission_id_1fbb5f2c" ON "auth_user_user_permissions" ("permission_id");
CREATE INDEX IF NOT EXISTS "django_admin_log_content_type_id_c4bce8eb" ON "django_admin_log" ("content_type_id");
CREATE INDEX IF NOT EXISTS "django_admin_log_user_id_c564eba6" ON "django_admin_log" ("user_id");
CREATE UNIQUE INDEX "django_content_type_app_label_model_76bd3d3b_uniq" ON "django_content_type" ("app_label", "model");
CREATE UNIQUE INDEX "auth_permission_content_type_id_codename_01ab375a_uniq" ON "auth_permission" ("content_type_id", "codename");
CREATE INDEX IF NOT EXISTS "auth_permission_content_type_id_2f476e4b" ON "auth_permission" ("content_type_id");
CREATE INDEX IF NOT EXISTS "jobs_skill_job_post_id_c7b60021" ON "jobs_skill" ("job_post_id");
CREATE INDEX IF NOT EXISTS "jobs_education_job_post_id_0f165219" ON "jobs_academic" ("job_post_id");
CREATE INDEX IF NOT EXISTS "jobs_experience_job_post_id_5cd08f71" ON "jobs_experience" ("job_post_id");
CREATE INDEX IF NOT EXISTS "jobs_requirement_job_post_id_fca1d1ec" ON "jobs_requirement" ("job_post_id");
CREATE INDEX IF NOT EXISTS "jobs_jobpost_user_id_5b3a30c5" ON "jobs_jobpost" ("user_id");
CREATE INDEX IF NOT EXISTS "jobs_notification_user_id_bd18f659" ON "jobs_notification" ("user_id");
CREATE INDEX IF NOT EXISTS "profiles_raise_employee_id_7a5668e3" ON "profiles_raise" ("employee_id");
CREATE INDEX IF NOT EXISTS "django_session_expire_date_a5c62663" ON "django_session" ("expire_date");
CREATE INDEX IF NOT EXISTS "profiles_leave_employee_id_add94add" ON "profiles_leave" ("employee_id");
CREATE INDEX IF NOT EXISTS "profiles_attendance_employee_id_2ea8bce1" ON "profiles_attendance" ("employee_id");
CREATE INDEX IF NOT EXISTS "profiles_attendance_shift_id_a1aeffbb" ON "profiles_attendance" ("shift_id");
CREATE TABLE IF NOT EXISTS "jobs_requirement" ("id" integer NOT NULL PRIMARY KEY AUTOINCREMENT, "job_post_id" bigint NOT NULL REFERENCES "jobs_jobpost" ("id") DEFERRABLE INITIALLY DEFERRED, "description" varchar(225) NOT NULL);
INSERT INTO "jobs_requirement" VALUES(1,1,'you will be working as full time cleaner');
INSERT INTO "jobs_requirement" VALUES(2,2,'you will be responsible for developing software');
CREATE UNIQUE INDEX "auth_group_permissions_group_id_permission_id_0cd325b0_uniq" ON "auth_group_permissions" ("group_id", "permission_id");
CREATE INDEX IF NOT EXISTS "auth_group_permissions_group_id_b120cbf9" ON "auth_group_permissions" ("group_id");
CREATE INDEX IF NOT EXISTS "auth_group_permissions_permission_id_84c5c92e" ON "auth_group_permissions" ("permission_id");
CREATE UNIQUE INDEX "auth_user_groups_user_id_group_id_94350c0c_uniq" ON "auth_user_groups" ("user_id", "group_id");
CREATE INDEX IF NOT EXISTS "auth_user_groups_user_id_6a12ed8b" ON "auth_user_groups" ("user_id");
CREATE INDEX IF NOT EXISTS "auth_user_groups_group_id_97559544" ON "auth_user_groups" ("group_id");
CREATE UNIQUE INDEX "auth_user_user_permissions_user_id_permission_id_14a6b632_uniq" ON "auth_user_user_permissions" ("user_id", "permission_id");
CREATE INDEX IF NOT EXISTS "auth_user_user_permissions_user_id_a95ead1b" ON "auth_user_user_permissions" ("user_id");
CREATE INDEX IF NOT EXISTS "auth_user_user_permissions_permission_id_1fbb5f2c" ON "auth_user_user_permissions" ("permission_id");
CREATE INDEX IF NOT EXISTS "django_admin_log_content_type_id_c4bce8eb" ON "django_admin_log" ("content_type_id");
CREATE INDEX IF NOT EXISTS "django_admin_log_user_id_c564eba6" ON "django_admin_log" ("user_id");
CREATE UNIQUE INDEX "django_content_type_app_label_model_76bd3d3b_uniq" ON "django_content_type" ("app_label", "model");
CREATE UNIQUE INDEX "auth_permission_content_type_id_codename_01ab375a_uniq" ON "auth_permission" ("content_type_id", "codename");
CREATE INDEX IF NOT EXISTS "auth_permission_content_type_id_2f476e4b" ON "auth_permission" ("content_type_id");
CREATE INDEX IF NOT EXISTS "jobs_skill_job_post_id_c7b60021" ON "jobs_skill" ("job_post_id");
CREATE INDEX IF NOT EXISTS "jobs_education_job_post_id_0f165219" ON "jobs_academic" ("job_post_id");
CREATE INDEX IF NOT EXISTS "jobs_experience_job_post_id_5cd08f71" ON "jobs_experience" ("job_post_id");
CREATE INDEX IF NOT EXISTS "jobs_requirement_job_post_id_fca1d1ec" ON "jobs_requirement" ("job_post_id");
CREATE INDEX IF NOT EXISTS "jobs_jobpost_user_id_5b3a30c5" ON "jobs_jobpost" ("user_id");
CREATE INDEX IF NOT EXISTS "jobs_notification_user_id_bd18f659" ON "jobs_notification" ("user_id");
CREATE INDEX IF NOT EXISTS "profiles_raise_employee_id_7a5668e3" ON "profiles_raise" ("employee_id");
CREATE INDEX IF NOT EXISTS "django_session_expire_date_a5c62663" ON "django_session" ("expire_date");
CREATE INDEX IF NOT EXISTS "profiles_leave_employee_id_add94add" ON "profiles_leave" ("employee_id");
CREATE INDEX IF NOT EXISTS "profiles_attendance_employee_id_2ea8bce1" ON "profiles_attendance" ("employee_id");
CREATE INDEX IF NOT EXISTS "profiles_attendance_shift_id_a1aeffbb" ON "profiles_attendance" ("shift_id");
CREATE TABLE IF NOT EXISTS "jobs_skill" ("id" integer NOT NULL PRIMARY KEY AUTOINCREMENT, "name" varchar(225) NOT NULL, "level" varchar(50) NOT NULL, "job_post_id" bigint NOT NULL REFERENCES "jobs_jobpost" ("id") DEFERRABLE INITIALLY DEFERRED);
INSERT INTO "jobs_skill" VALUES(1,'spotless cleaning','Beginner',1);
INSERT INTO "jobs_skill" VALUES(2,'python programming','Intermediate',2);
CREATE UNIQUE INDEX "auth_group_permissions_group_id_permission_id_0cd325b0_uniq" ON "auth_group_permissions" ("group_id", "permission_id");
CREATE INDEX IF NOT EXISTS "auth_group_permissions_group_id_b120cbf9" ON "auth_group_permissions" ("group_id");
CREATE INDEX IF NOT EXISTS "auth_group_permissions_permission_id_84c5c92e" ON "auth_group_permissions" ("permission_id");
CREATE UNIQUE INDEX "auth_user_groups_user_id_group_id_94350c0c_uniq" ON "auth_user_groups" ("user_id", "group_id");
CREATE INDEX IF NOT EXISTS "auth_user_groups_user_id_6a12ed8b" ON "auth_user_groups" ("user_id");
CREATE INDEX IF NOT EXISTS "auth_user_groups_group_id_97559544" ON "auth_user_groups" ("group_id");
CREATE UNIQUE INDEX "auth_user_user_permissions_user_id_permission_id_14a6b632_uniq" ON "auth_user_user_permissions" ("user_id", "permission_id");
CREATE INDEX IF NOT EXISTS "auth_user_user_permissions_user_id_a95ead1b" ON "auth_user_user_permissions" ("user_id");
CREATE INDEX IF NOT EXISTS "auth_user_user_permissions_permission_id_1fbb5f2c" ON "auth_user_user_permissions" ("permission_id");
CREATE INDEX IF NOT EXISTS "django_admin_log_content_type_id_c4bce8eb" ON "django_admin_log" ("content_type_id");
CREATE INDEX IF NOT EXISTS "django_admin_log_user_id_c564eba6" ON "django_admin_log" ("user_id");
CREATE UNIQUE INDEX "django_content_type_app_label_model_76bd3d3b_uniq" ON "django_content_type" ("app_label", "model");
CREATE UNIQUE INDEX "auth_permission_content_type_id_codename_01ab375a_uniq" ON "auth_permission" ("content_type_id", "codename");
CREATE INDEX IF NOT EXISTS "auth_permission_content_type_id_2f476e4b" ON "auth_permission" ("content_type_id");
CREATE INDEX IF NOT EXISTS "jobs_skill_job_post_id_c7b60021" ON "jobs_skill" ("job_post_id");
CREATE INDEX IF NOT EXISTS "jobs_education_job_post_id_0f165219" ON "jobs_academic" ("job_post_id");
CREATE INDEX IF NOT EXISTS "jobs_experience_job_post_id_5cd08f71" ON "jobs_experience" ("job_post_id");
CREATE INDEX IF NOT EXISTS "jobs_requirement_job_post_id_fca1d1ec" ON "jobs_requirement" ("job_post_id");
CREATE INDEX IF NOT EXISTS "jobs_jobpost_user_id_5b3a30c5" ON "jobs_jobpost" ("user_id");
CREATE INDEX IF NOT EXISTS "jobs_notification_user_id_bd18f659" ON "jobs_notification" ("user_id");
CREATE INDEX IF NOT EXISTS "profiles_raise_employee_id_7a5668e3" ON "profiles_raise" ("employee_id");
CREATE INDEX IF NOT EXISTS "django_session_expire_date_a5c62663" ON "django_session" ("expire_date");
CREATE INDEX IF NOT EXISTS "profiles_leave_employee_id_add94add" ON "profiles_leave" ("employee_id");
CREATE INDEX IF NOT EXISTS "profiles_attendance_employee_id_2ea8bce1" ON "profiles_attendance" ("employee_id");
CREATE INDEX IF NOT EXISTS "profiles_attendance_shift_id_a1aeffbb" ON "profiles_attendance" ("shift_id");
CREATE TABLE IF NOT EXISTS "profiles_addressinformation" ("id" integer NOT NULL PRIMARY KEY AUTOINCREMENT, "street_address_line1" varchar(225) NULL, "city" varchar(225) NULL, "province" varchar(225) NULL, "postal_code" varchar(6) NULL, "user_id" integer NOT NULL UNIQUE REFERENCES "auth_user" ("id") DEFERRABLE INITIALLY DEFERRED, "street_address_line" varchar(225) NULL);
CREATE UNIQUE INDEX "auth_group_permissions_group_id_permission_id_0cd325b0_uniq" ON "auth_group_permissions" ("group_id", "permission_id");
CREATE INDEX IF NOT EXISTS "auth_group_permissions_group_id_b120cbf9" ON "auth_group_permissions" ("group_id");
CREATE INDEX IF NOT EXISTS "auth_group_permissions_permission_id_84c5c92e" ON "auth_group_permissions" ("permission_id");
CREATE UNIQUE INDEX "auth_user_groups_user_id_group_id_94350c0c_uniq" ON "auth_user_groups" ("user_id", "group_id");
CREATE INDEX IF NOT EXISTS "auth_user_groups_user_id_6a12ed8b" ON "auth_user_groups" ("user_id");
CREATE INDEX IF NOT EXISTS "auth_user_groups_group_id_97559544" ON "auth_user_groups" ("group_id");
CREATE UNIQUE INDEX "auth_user_user_permissions_user_id_permission_id_14a6b632_uniq" ON "auth_user_user_permissions" ("user_id", "permission_id");
CREATE INDEX IF NOT EXISTS "auth_user_user_permissions_user_id_a95ead1b" ON "auth_user_user_permissions" ("user_id");
CREATE INDEX IF NOT EXISTS "auth_user_user_permissions_permission_id_1fbb5f2c" ON "auth_user_user_permissions" ("permission_id");
CREATE INDEX IF NOT EXISTS "django_admin_log_content_type_id_c4bce8eb" ON "django_admin_log" ("content_type_id");
CREATE INDEX IF NOT EXISTS "django_admin_log_user_id_c564eba6" ON "django_admin_log" ("user_id");
CREATE UNIQUE INDEX "django_content_type_app_label_model_76bd3d3b_uniq" ON "django_content_type" ("app_label", "model");
CREATE UNIQUE INDEX "auth_permission_content_type_id_codename_01ab375a_uniq" ON "auth_permission" ("content_type_id", "codename");
CREATE INDEX IF NOT EXISTS "auth_permission_content_type_id_2f476e4b" ON "auth_permission" ("content_type_id");
CREATE INDEX IF NOT EXISTS "jobs_skill_job_post_id_c7b60021" ON "jobs_skill" ("job_post_id");
CREATE INDEX IF NOT EXISTS "jobs_education_job_post_id_0f165219" ON "jobs_academic" ("job_post_id");
CREATE INDEX IF NOT EXISTS "jobs_experience_job_post_id_5cd08f71" ON "jobs_experience" ("job_post_id");
CREATE INDEX IF NOT EXISTS "jobs_requirement_job_post_id_fca1d1ec" ON "jobs_requirement" ("job_post_id");
CREATE INDEX IF NOT EXISTS "jobs_jobpost_user_id_5b3a30c5" ON "jobs_jobpost" ("user_id");
CREATE INDEX IF NOT EXISTS "jobs_notification_user_id_bd18f659" ON "jobs_notification" ("user_id");
CREATE INDEX IF NOT EXISTS "profiles_raise_employee_id_7a5668e3" ON "profiles_raise" ("employee_id");
CREATE INDEX IF NOT EXISTS "django_session_expire_date_a5c62663" ON "django_session" ("expire_date");
CREATE INDEX IF NOT EXISTS "profiles_leave_employee_id_add94add" ON "profiles_leave" ("employee_id");
CREATE INDEX IF NOT EXISTS "profiles_attendance_employee_id_2ea8bce1" ON "profiles_attendance" ("employee_id");
CREATE INDEX IF NOT EXISTS "profiles_attendance_shift_id_a1aeffbb" ON "profiles_attendance" ("shift_id");
CREATE TABLE IF NOT EXISTS "profiles_attendance" ("id" integer NOT NULL PRIMARY KEY AUTOINCREMENT, "status" varchar(225) NOT NULL, "employee_id" integer NOT NULL REFERENCES "auth_user" ("id") DEFERRABLE INITIALLY DEFERRED, "shift_id" bigint NOT NULL REFERENCES "profiles_shift" ("id") DEFERRABLE INITIALLY DEFERRED, "minutes" varchar(225) NULL, "is_late" bool NOT NULL, "active" varchar(225) NULL, "date" date NOT NULL);
INSERT INTO "profiles_attendance" VALUES(1,'Present',2,2,'26',1,'Inactive','2024-06-23');
INSERT INTO "profiles_attendance" VALUES(3,'Present',2,2,'0',0,'Inactive','2024-06-24');
CREATE UNIQUE INDEX "auth_group_permissions_group_id_permission_id_0cd325b0_uniq" ON "auth_group_permissions" ("group_id", "permission_id");
CREATE INDEX IF NOT EXISTS "auth_group_permissions_group_id_b120cbf9" ON "auth_group_permissions" ("group_id");
CREATE INDEX IF NOT EXISTS "auth_group_permissions_permission_id_84c5c92e" ON "auth_group_permissions" ("permission_id");
CREATE UNIQUE INDEX "auth_user_groups_user_id_group_id_94350c0c_uniq" ON "auth_user_groups" ("user_id", "group_id");
CREATE INDEX IF NOT EXISTS "auth_user_groups_user_id_6a12ed8b" ON "auth_user_groups" ("user_id");
CREATE INDEX IF NOT EXISTS "auth_user_groups_group_id_97559544" ON "auth_user_groups" ("group_id");
CREATE UNIQUE INDEX "auth_user_user_permissions_user_id_permission_id_14a6b632_uniq" ON "auth_user_user_permissions" ("user_id", "permission_id");
CREATE INDEX IF NOT EXISTS "auth_user_user_permissions_user_id_a95ead1b" ON "auth_user_user_permissions" ("user_id");
CREATE INDEX IF NOT EXISTS "auth_user_user_permissions_permission_id_1fbb5f2c" ON "auth_user_user_permissions" ("permission_id");
CREATE INDEX IF NOT EXISTS "django_admin_log_content_type_id_c4bce8eb" ON "django_admin_log" ("content_type_id");
CREATE INDEX IF NOT EXISTS "django_admin_log_user_id_c564eba6" ON "django_admin_log" ("user_id");
CREATE UNIQUE INDEX "django_content_type_app_label_model_76bd3d3b_uniq" ON "django_content_type" ("app_label", "model");
CREATE UNIQUE INDEX "auth_permission_content_type_id_codename_01ab375a_uniq" ON "auth_permission" ("content_type_id", "codename");
CREATE INDEX IF NOT EXISTS "auth_permission_content_type_id_2f476e4b" ON "auth_permission" ("content_type_id");
CREATE INDEX IF NOT EXISTS "jobs_skill_job_post_id_c7b60021" ON "jobs_skill" ("job_post_id");
CREATE INDEX IF NOT EXISTS "jobs_education_job_post_id_0f165219" ON "jobs_academic" ("job_post_id");
CREATE INDEX IF NOT EXISTS "jobs_experience_job_post_id_5cd08f71" ON "jobs_experience" ("job_post_id");
CREATE INDEX IF NOT EXISTS "jobs_requirement_job_post_id_fca1d1ec" ON "jobs_requirement" ("job_post_id");
CREATE INDEX IF NOT EXISTS "jobs_jobpost_user_id_5b3a30c5" ON "jobs_jobpost" ("user_id");
CREATE INDEX IF NOT EXISTS "jobs_notification_user_id_bd18f659" ON "jobs_notification" ("user_id");
CREATE INDEX IF NOT EXISTS "profiles_raise_employee_id_7a5668e3" ON "profiles_raise" ("employee_id");
CREATE INDEX IF NOT EXISTS "django_session_expire_date_a5c62663" ON "django_session" ("expire_date");
CREATE INDEX IF NOT EXISTS "profiles_leave_employee_id_add94add" ON "profiles_leave" ("employee_id");
CREATE INDEX IF NOT EXISTS "profiles_attendance_employee_id_2ea8bce1" ON "profiles_attendance" ("employee_id");
CREATE INDEX IF NOT EXISTS "profiles_attendance_shift_id_a1aeffbb" ON "profiles_attendance" ("shift_id");
CREATE TABLE IF NOT EXISTS "profiles_leave" ("id" integer NOT NULL PRIMARY KEY AUTOINCREMENT, "lave_type" varchar(225) NOT NULL, "message" varchar(225) NOT NULL, "start_date" datetime NOT NULL, "end_date" datetime NOT NULL, "date" datetime NOT NULL, "status" varchar(225) NOT NULL, "employee_id" integer NOT NULL REFERENCES "auth_user" ("id") DEFERRABLE INITIALLY DEFERRED, "seen" bool NOT NULL);
INSERT INTO "profiles_leave" VALUES(1,'Family and Medical Leave','im feeling sick ','2024-06-22 00:00:00','2024-06-24 00:00:00','2024-06-23 00:44:53.925740','Approved',2,0);
CREATE UNIQUE INDEX "auth_group_permissions_group_id_permission_id_0cd325b0_uniq" ON "auth_group_permissions" ("group_id", "permission_id");
CREATE INDEX IF NOT EXISTS "auth_group_permissions_group_id_b120cbf9" ON "auth_group_permissions" ("group_id");
CREATE INDEX IF NOT EXISTS "auth_group_permissions_permission_id_84c5c92e" ON "auth_group_permissions" ("permission_id");
CREATE UNIQUE INDEX "auth_user_groups_user_id_group_id_94350c0c_uniq" ON "auth_user_groups" ("user_id", "group_id");
CREATE INDEX IF NOT EXISTS "auth_user_groups_user_id_6a12ed8b" ON "auth_user_groups" ("user_id");
CREATE INDEX IF NOT EXISTS "auth_user_groups_group_id_97559544" ON "auth_user_groups" ("group_id");
CREATE UNIQUE INDEX "auth_user_user_permissions_user_id_permission_id_14a6b632_uniq" ON "auth_user_user_permissions" ("user_id", "permission_id");
CREATE INDEX IF NOT EXISTS "auth_user_user_permissions_user_id_a95ead1b" ON "auth_user_user_permissions" ("user_id");
CREATE INDEX IF NOT EXISTS "auth_user_user_permissions_permission_id_1fbb5f2c" ON "auth_user_user_permissions" ("permission_id");
CREATE INDEX IF NOT EXISTS "django_admin_log_content_type_id_c4bce8eb" ON "django_admin_log" ("content_type_id");
CREATE INDEX IF NOT EXISTS "django_admin_log_user_id_c564eba6" ON "django_admin_log" ("user_id");
CREATE UNIQUE INDEX "django_content_type_app_label_model_76bd3d3b_uniq" ON "django_content_type" ("app_label", "model");
CREATE UNIQUE INDEX "auth_permission_content_type_id_codename_01ab375a_uniq" ON "auth_permission" ("content_type_id", "codename");
CREATE INDEX IF NOT EXISTS "auth_permission_content_type_id_2f476e4b" ON "auth_permission" ("content_type_id");
CREATE INDEX IF NOT EXISTS "jobs_skill_job_post_id_c7b60021" ON "jobs_skill" ("job_post_id");
CREATE INDEX IF NOT EXISTS "jobs_education_job_post_id_0f165219" ON "jobs_academic" ("job_post_id");
CREATE INDEX IF NOT EXISTS "jobs_experience_job_post_id_5cd08f71" ON "jobs_experience" ("job_post_id");
CREATE INDEX IF NOT EXISTS "jobs_requirement_job_post_id_fca1d1ec" ON "jobs_requirement" ("job_post_id");
CREATE INDEX IF NOT EXISTS "jobs_jobpost_user_id_5b3a30c5" ON "jobs_jobpost" ("user_id");
CREATE INDEX IF NOT EXISTS "jobs_notification_user_id_bd18f659" ON "jobs_notification" ("user_id");
CREATE INDEX IF NOT EXISTS "profiles_raise_employee_id_7a5668e3" ON "profiles_raise" ("employee_id");
CREATE INDEX IF NOT EXISTS "django_session_expire_date_a5c62663" ON "django_session" ("expire_date");
CREATE INDEX IF NOT EXISTS "profiles_leave_employee_id_add94add" ON "profiles_leave" ("employee_id");
CREATE INDEX IF NOT EXISTS "profiles_attendance_employee_id_2ea8bce1" ON "profiles_attendance" ("employee_id");
CREATE INDEX IF NOT EXISTS "profiles_attendance_shift_id_a1aeffbb" ON "profiles_attendance" ("shift_id");
CREATE TABLE IF NOT EXISTS "profiles_personalinformation" ("id" integer NOT NULL PRIMARY KEY AUTOINCREMENT, "linkedin_profile" varchar(225) NOT NULL, "personal_website" varchar(225) NOT NULL, "job_title" varchar(225) NOT NULL, "current_employer" varchar(225) NOT NULL, "years_of_expreince" varchar(100) NOT NULL, "industry" varchar(225) NOT NULL, "carear_level" varchar(225) NOT NULL, "desired_job" varchar(225) NOT NULL, "job_location" varchar(225) NULL, "user_id" integer NOT NULL UNIQUE REFERENCES "auth_user" ("id") DEFERRABLE INITIALLY DEFERRED);
CREATE UNIQUE INDEX "auth_group_permissions_group_id_permission_id_0cd325b0_uniq" ON "auth_group_permissions" ("group_id", "permission_id");
CREATE INDEX IF NOT EXISTS "auth_group_permissions_group_id_b120cbf9" ON "auth_group_permissions" ("group_id");
CREATE INDEX IF NOT EXISTS "auth_group_permissions_permission_id_84c5c92e" ON "auth_group_permissions" ("permission_id");
CREATE UNIQUE INDEX "auth_user_groups_user_id_group_id_94350c0c_uniq" ON "auth_user_groups" ("user_id", "group_id");
CREATE INDEX IF NOT EXISTS "auth_user_groups_user_id_6a12ed8b" ON "auth_user_groups" ("user_id");
CREATE INDEX IF NOT EXISTS "auth_user_groups_group_id_97559544" ON "auth_user_groups" ("group_id");
CREATE UNIQUE INDEX "auth_user_user_permissions_user_id_permission_id_14a6b632_uniq" ON "auth_user_user_permissions" ("user_id", "permission_id");
CREATE INDEX IF NOT EXISTS "auth_user_user_permissions_user_id_a95ead1b" ON "auth_user_user_permissions" ("user_id");
CREATE INDEX IF NOT EXISTS "auth_user_user_permissions_permission_id_1fbb5f2c" ON "auth_user_user_permissions" ("permission_id");
CREATE INDEX IF NOT EXISTS "django_admin_log_content_type_id_c4bce8eb" ON "django_admin_log" ("content_type_id");
CREATE INDEX IF NOT EXISTS "django_admin_log_user_id_c564eba6" ON "django_admin_log" ("user_id");
CREATE UNIQUE INDEX "django_content_type_app_label_model_76bd3d3b_uniq" ON "django_content_type" ("app_label", "model");
CREATE UNIQUE INDEX "auth_permission_content_type_id_codename_01ab375a_uniq" ON "auth_permission" ("content_type_id", "codename");
CREATE INDEX IF NOT EXISTS "auth_permission_content_type_id_2f476e4b" ON "auth_permission" ("content_type_id");
CREATE INDEX IF NOT EXISTS "jobs_skill_job_post_id_c7b60021" ON "jobs_skill" ("job_post_id");
CREATE INDEX IF NOT EXISTS "jobs_education_job_post_id_0f165219" ON "jobs_academic" ("job_post_id");
CREATE INDEX IF NOT EXISTS "jobs_experience_job_post_id_5cd08f71" ON "jobs_experience" ("job_post_id");
CREATE INDEX IF NOT EXISTS "jobs_requirement_job_post_id_fca1d1ec" ON "jobs_requirement" ("job_post_id");
CREATE INDEX IF NOT EXISTS "jobs_jobpost_user_id_5b3a30c5" ON "jobs_jobpost" ("user_id");
CREATE INDEX IF NOT EXISTS "jobs_notification_user_id_bd18f659" ON "jobs_notification" ("user_id");
CREATE INDEX IF NOT EXISTS "profiles_raise_employee_id_7a5668e3" ON "profiles_raise" ("employee_id");
CREATE INDEX IF NOT EXISTS "django_session_expire_date_a5c62663" ON "django_session" ("expire_date");
CREATE INDEX IF NOT EXISTS "profiles_leave_employee_id_add94add" ON "profiles_leave" ("employee_id");
CREATE INDEX IF NOT EXISTS "profiles_attendance_employee_id_2ea8bce1" ON "profiles_attendance" ("employee_id");
CREATE INDEX IF NOT EXISTS "profiles_attendance_shift_id_a1aeffbb" ON "profiles_attendance" ("shift_id");
CREATE TABLE IF NOT EXISTS "profiles_profile" ("id" integer NOT NULL PRIMARY KEY AUTOINCREMENT, "idnumber" varchar(13) NOT NULL UNIQUE, "phone" varchar(10) NULL UNIQUE, "gender" varchar(6) NULL, "age" varchar(6) NULL, "is_verified" bool NOT NULL, "user_id" integer NOT NULL UNIQUE REFERENCES "auth_user" ("id") DEFERRABLE INITIALLY DEFERRED, "uuid" char(32) NOT NULL UNIQUE, "disability" varchar(30) NULL, "dob" varchar(6) NOT NULL, "maritial_status" varchar(10) NULL, "race" varchar(15) NULL);
INSERT INTO "profiles_profile" VALUES(1,'8112120672089',NULL,'False','43',0,3,'048f957436e84b2f94b5a53a8f2112fd',NULL,'',NULL,NULL);
INSERT INTO "profiles_profile" VALUES(2,'7402085548080',NULL,'male','50',0,4,'0f4d1bde999841b18c56afd9e248de7c',NULL,'',NULL,NULL);
CREATE UNIQUE INDEX "auth_group_permissions_group_id_permission_id_0cd325b0_uniq" ON "auth_group_permissions" ("group_id", "permission_id");
CREATE INDEX IF NOT EXISTS "auth_group_permissions_group_id_b120cbf9" ON "auth_group_permissions" ("group_id");
CREATE INDEX IF NOT EXISTS "auth_group_permissions_permission_id_84c5c92e" ON "auth_group_permissions" ("permission_id");
CREATE UNIQUE INDEX "auth_user_groups_user_id_group_id_94350c0c_uniq" ON "auth_user_groups" ("user_id", "group_id");
CREATE INDEX IF NOT EXISTS "auth_user_groups_user_id_6a12ed8b" ON "auth_user_groups" ("user_id");
CREATE INDEX IF NOT EXISTS "auth_user_groups_group_id_97559544" ON "auth_user_groups" ("group_id");
CREATE UNIQUE INDEX "auth_user_user_permissions_user_id_permission_id_14a6b632_uniq" ON "auth_user_user_permissions" ("user_id", "permission_id");
CREATE INDEX IF NOT EXISTS "auth_user_user_permissions_user_id_a95ead1b" ON "auth_user_user_permissions" ("user_id");
CREATE INDEX IF NOT EXISTS "auth_user_user_permissions_permission_id_1fbb5f2c" ON "auth_user_user_permissions" ("permission_id");
CREATE INDEX IF NOT EXISTS "django_admin_log_content_type_id_c4bce8eb" ON "django_admin_log" ("content_type_id");
CREATE INDEX IF NOT EXISTS "django_admin_log_user_id_c564eba6" ON "django_admin_log" ("user_id");
CREATE UNIQUE INDEX "django_content_type_app_label_model_76bd3d3b_uniq" ON "django_content_type" ("app_label", "model");
CREATE UNIQUE INDEX "auth_permission_content_type_id_codename_01ab375a_uniq" ON "auth_permission" ("content_type_id", "codename");
CREATE INDEX IF NOT EXISTS "auth_permission_content_type_id_2f476e4b" ON "auth_permission" ("content_type_id");
CREATE INDEX IF NOT EXISTS "jobs_skill_job_post_id_c7b60021" ON "jobs_skill" ("job_post_id");
CREATE INDEX IF NOT EXISTS "jobs_education_job_post_id_0f165219" ON "jobs_academic" ("job_post_id");
CREATE INDEX IF NOT EXISTS "jobs_experience_job_post_id_5cd08f71" ON "jobs_experience" ("job_post_id");
CREATE INDEX IF NOT EXISTS "jobs_requirement_job_post_id_fca1d1ec" ON "jobs_requirement" ("job_post_id");
CREATE INDEX IF NOT EXISTS "jobs_jobpost_user_id_5b3a30c5" ON "jobs_jobpost" ("user_id");
CREATE INDEX IF NOT EXISTS "jobs_notification_user_id_bd18f659" ON "jobs_notification" ("user_id");
CREATE INDEX IF NOT EXISTS "profiles_raise_employee_id_7a5668e3" ON "profiles_raise" ("employee_id");
CREATE INDEX IF NOT EXISTS "django_session_expire_date_a5c62663" ON "django_session" ("expire_date");
CREATE INDEX IF NOT EXISTS "profiles_leave_employee_id_add94add" ON "profiles_leave" ("employee_id");
CREATE INDEX IF NOT EXISTS "profiles_attendance_employee_id_2ea8bce1" ON "profiles_attendance" ("employee_id");
CREATE INDEX IF NOT EXISTS "profiles_attendance_shift_id_a1aeffbb" ON "profiles_attendance" ("shift_id");
CREATE TABLE IF NOT EXISTS "profiles_profileimage" ("id" integer NOT NULL PRIMARY KEY AUTOINCREMENT, "image" varchar(100) NOT NULL, "uploaded_at" datetime NOT NULL, "user_id" integer NOT NULL UNIQUE REFERENCES "auth_user" ("id") DEFERRABLE INITIALLY DEFERRED);
INSERT INTO "profiles_profileimage" VALUES(1,'static/profiles/images/groot_qRLjoyg.jpg','2024-06-22 14:33:21.986153',1);
INSERT INTO "profiles_profileimage" VALUES(2,'static/profiles/images/manager_YaQUj8g.jpg','2024-06-22 15:42:10.041763',2);
CREATE UNIQUE INDEX "auth_group_permissions_group_id_permission_id_0cd325b0_uniq" ON "auth_group_permissions" ("group_id", "permission_id");
CREATE INDEX IF NOT EXISTS "auth_group_permissions_group_id_b120cbf9" ON "auth_group_permissions" ("group_id");
CREATE INDEX IF NOT EXISTS "auth_group_permissions_permission_id_84c5c92e" ON "auth_group_permissions" ("permission_id");
CREATE UNIQUE INDEX "auth_user_groups_user_id_group_id_94350c0c_uniq" ON "auth_user_groups" ("user_id", "group_id");
CREATE INDEX IF NOT EXISTS "auth_user_groups_user_id_6a12ed8b" ON "auth_user_groups" ("user_id");
CREATE INDEX IF NOT EXISTS "auth_user_groups_group_id_97559544" ON "auth_user_groups" ("group_id");
CREATE UNIQUE INDEX "auth_user_user_permissions_user_id_permission_id_14a6b632_uniq" ON "auth_user_user_permissions" ("user_id", "permission_id");
CREATE INDEX IF NOT EXISTS "auth_user_user_permissions_user_id_a95ead1b" ON "auth_user_user_permissions" ("user_id");
CREATE INDEX IF NOT EXISTS "auth_user_user_permissions_permission_id_1fbb5f2c" ON "auth_user_user_permissions" ("permission_id");
CREATE INDEX IF NOT EXISTS "django_admin_log_content_type_id_c4bce8eb" ON "django_admin_log" ("content_type_id");
CREATE INDEX IF NOT EXISTS "django_admin_log_user_id_c564eba6" ON "django_admin_log" ("user_id");
CREATE UNIQUE INDEX "django_content_type_app_label_model_76bd3d3b_uniq" ON "django_content_type" ("app_label", "model");
CREATE UNIQUE INDEX "auth_permission_content_type_id_codename_01ab375a_uniq" ON "auth_permission" ("content_type_id", "codename");
CREATE INDEX IF NOT EXISTS "auth_permission_content_type_id_2f476e4b" ON "auth_permission" ("content_type_id");
CREATE INDEX IF NOT EXISTS "jobs_skill_job_post_id_c7b60021" ON "jobs_skill" ("job_post_id");
CREATE INDEX IF NOT EXISTS "jobs_education_job_post_id_0f165219" ON "jobs_academic" ("job_post_id");
CREATE INDEX IF NOT EXISTS "jobs_experience_job_post_id_5cd08f71" ON "jobs_experience" ("job_post_id");
CREATE INDEX IF NOT EXISTS "jobs_requirement_job_post_id_fca1d1ec" ON "jobs_requirement" ("job_post_id");
CREATE INDEX IF NOT EXISTS "jobs_jobpost_user_id_5b3a30c5" ON "jobs_jobpost" ("user_id");
CREATE INDEX IF NOT EXISTS "jobs_notification_user_id_bd18f659" ON "jobs_notification" ("user_id");
CREATE INDEX IF NOT EXISTS "profiles_raise_employee_id_7a5668e3" ON "profiles_raise" ("employee_id");
CREATE INDEX IF NOT EXISTS "django_session_expire_date_a5c62663" ON "django_session" ("expire_date");
CREATE INDEX IF NOT EXISTS "profiles_leave_employee_id_add94add" ON "profiles_leave" ("employee_id");
CREATE INDEX IF NOT EXISTS "profiles_attendance_employee_id_2ea8bce1" ON "profiles_attendance" ("employee_id");
CREATE INDEX IF NOT EXISTS "profiles_attendance_shift_id_a1aeffbb" ON "profiles_attendance" ("shift_id");
CREATE TABLE IF NOT EXISTS "profiles_raise" ("id" integer NOT NULL PRIMARY KEY AUTOINCREMENT, "message" varchar(225) NOT NULL, "amount" varchar(225) NOT NULL, "date" datetime NOT NULL, "status" varchar(225) NOT NULL, "employee_id" integer NOT NULL REFERENCES "auth_user" ("id") DEFERRABLE INITIALLY DEFERRED);
CREATE UNIQUE INDEX "auth_group_permissions_group_id_permission_id_0cd325b0_uniq" ON "auth_group_permissions" ("group_id", "permission_id");
CREATE INDEX IF NOT EXISTS "auth_group_permissions_group_id_b120cbf9" ON "auth_group_permissions" ("group_id");
CREATE INDEX IF NOT EXISTS "auth_group_permissions_permission_id_84c5c92e" ON "auth_group_permissions" ("permission_id");
CREATE UNIQUE INDEX "auth_user_groups_user_id_group_id_94350c0c_uniq" ON "auth_user_groups" ("user_id", "group_id");
CREATE INDEX IF NOT EXISTS "auth_user_groups_user_id_6a12ed8b" ON "auth_user_groups" ("user_id");
CREATE INDEX IF NOT EXISTS "auth_user_groups_group_id_97559544" ON "auth_user_groups" ("group_id");
CREATE UNIQUE INDEX "auth_user_user_permissions_user_id_permission_id_14a6b632_uniq" ON "auth_user_user_permissions" ("user_id", "permission_id");
CREATE INDEX IF NOT EXISTS "auth_user_user_permissions_user_id_a95ead1b" ON "auth_user_user_permissions" ("user_id");
CREATE INDEX IF NOT EXISTS "auth_user_user_permissions_permission_id_1fbb5f2c" ON "auth_user_user_permissions" ("permission_id");
CREATE INDEX IF NOT EXISTS "django_admin_log_content_type_id_c4bce8eb" ON "django_admin_log" ("content_type_id");
CREATE INDEX IF NOT EXISTS "django_admin_log_user_id_c564eba6" ON "django_admin_log" ("user_id");
CREATE UNIQUE INDEX "django_content_type_app_label_model_76bd3d3b_uniq" ON "django_content_type" ("app_label", "model");
CREATE UNIQUE INDEX "auth_permission_content_type_id_codename_01ab375a_uniq" ON "auth_permission" ("content_type_id", "codename");
CREATE INDEX IF NOT EXISTS "auth_permission_content_type_id_2f476e4b" ON "auth_permission" ("content_type_id");
CREATE INDEX IF NOT EXISTS "jobs_skill_job_post_id_c7b60021" ON "jobs_skill" ("job_post_id");
CREATE INDEX IF NOT EXISTS "jobs_education_job_post_id_0f165219" ON "jobs_academic" ("job_post_id");
CREATE INDEX IF NOT EXISTS "jobs_experience_job_post_id_5cd08f71" ON "jobs_experience" ("job_post_id");
CREATE INDEX IF NOT EXISTS "jobs_requirement_job_post_id_fca1d1ec" ON "jobs_requirement" ("job_post_id");
CREATE INDEX IF NOT EXISTS "jobs_jobpost_user_id_5b3a30c5" ON "jobs_jobpost" ("user_id");
CREATE INDEX IF NOT EXISTS "jobs_notification_user_id_bd18f659" ON "jobs_notification" ("user_id");
CREATE INDEX IF NOT EXISTS "profiles_raise_employee_id_7a5668e3" ON "profiles_raise" ("employee_id");
CREATE INDEX IF NOT EXISTS "django_session_expire_date_a5c62663" ON "django_session" ("expire_date");
CREATE INDEX IF NOT EXISTS "profiles_leave_employee_id_add94add" ON "profiles_leave" ("employee_id");
CREATE INDEX IF NOT EXISTS "profiles_attendance_employee_id_2ea8bce1" ON "profiles_attendance" ("employee_id");
CREATE INDEX IF NOT EXISTS "profiles_attendance_shift_id_a1aeffbb" ON "profiles_attendance" ("shift_id");
CREATE TABLE IF NOT EXISTS "profiles_shift" ("id" integer NOT NULL PRIMARY KEY AUTOINCREMENT, "rate" varchar(100) NULL, "start_time" varchar(225) NOT NULL, "end_time" varchar(225) NOT NULL, "employee_id" integer NOT NULL UNIQUE REFERENCES "auth_user" ("id") DEFERRABLE INITIALLY DEFERRED, "working_hours" varchar(225) NOT NULL);
INSERT INTO "profiles_shift" VALUES(1,'200','00:00:00','23:59:59',1,'8');
INSERT INTO "profiles_shift" VALUES(2,'150','08:00:00','16:00:00',2,'8');
CREATE UNIQUE INDEX "auth_group_permissions_group_id_permission_id_0cd325b0_uniq" ON "auth_group_permissions" ("group_id", "permission_id");
CREATE INDEX IF NOT EXISTS "auth_group_permissions_group_id_b120cbf9" ON "auth_group_permissions" ("group_id");
CREATE INDEX IF NOT EXISTS "auth_group_permissions_permission_id_84c5c92e" ON "auth_group_permissions" ("permission_id");
CREATE UNIQUE INDEX "auth_user_groups_user_id_group_id_94350c0c_uniq" ON "auth_user_groups" ("user_id", "group_id");
CREATE INDEX IF NOT EXISTS "auth_user_groups_user_id_6a12ed8b" ON "auth_user_groups" ("user_id");
CREATE INDEX IF NOT EXISTS "auth_user_groups_group_id_97559544" ON "auth_user_groups" ("group_id");
CREATE UNIQUE INDEX "auth_user_user_permissions_user_id_permission_id_14a6b632_uniq" ON "auth_user_user_permissions" ("user_id", "permission_id");
CREATE INDEX IF NOT EXISTS "auth_user_user_permissions_user_id_a95ead1b" ON "auth_user_user_permissions" ("user_id");
CREATE INDEX IF NOT EXISTS "auth_user_user_permissions_permission_id_1fbb5f2c" ON "auth_user_user_permissions" ("permission_id");
CREATE INDEX IF NOT EXISTS "django_admin_log_content_type_id_c4bce8eb" ON "django_admin_log" ("content_type_id");
CREATE INDEX IF NOT EXISTS "django_admin_log_user_id_c564eba6" ON "django_admin_log" ("user_id");
CREATE UNIQUE INDEX "django_content_type_app_label_model_76bd3d3b_uniq" ON "django_content_type" ("app_label", "model");
CREATE UNIQUE INDEX "auth_permission_content_type_id_codename_01ab375a_uniq" ON "auth_permission" ("content_type_id", "codename");
CREATE INDEX IF NOT EXISTS "auth_permission_content_type_id_2f476e4b" ON "auth_permission" ("content_type_id");
CREATE INDEX IF NOT EXISTS "jobs_skill_job_post_id_c7b60021" ON "jobs_skill" ("job_post_id");
CREATE INDEX IF NOT EXISTS "jobs_education_job_post_id_0f165219" ON "jobs_academic" ("job_post_id");
CREATE INDEX IF NOT EXISTS "jobs_experience_job_post_id_5cd08f71" ON "jobs_experience" ("job_post_id");
CREATE INDEX IF NOT EXISTS "jobs_requirement_job_post_id_fca1d1ec" ON "jobs_requirement" ("job_post_id");
CREATE INDEX IF NOT EXISTS "jobs_jobpost_user_id_5b3a30c5" ON "jobs_jobpost" ("user_id");
CREATE INDEX IF NOT EXISTS "jobs_notification_user_id_bd18f659" ON "jobs_notification" ("user_id");
CREATE INDEX IF NOT EXISTS "profiles_raise_employee_id_7a5668e3" ON "profiles_raise" ("employee_id");
CREATE INDEX IF NOT EXISTS "django_session_expire_date_a5c62663" ON "django_session" ("expire_date");
CREATE INDEX IF NOT EXISTS "profiles_leave_employee_id_add94add" ON "profiles_leave" ("employee_id");
CREATE INDEX IF NOT EXISTS "profiles_attendance_employee_id_2ea8bce1" ON "profiles_attendance" ("employee_id");
CREATE INDEX IF NOT EXISTS "profiles_attendance_shift_id_a1aeffbb" ON "profiles_attendance" ("shift_id");
CREATE TABLE IF NOT EXISTS "profiles_staffprofile" ("id" integer NOT NULL PRIMARY KEY AUTOINCREMENT, "job_title" varchar(100) NULL, "department" varchar(6) NULL, "salary" varchar(225) NULL, "hire_date" datetime NOT NULL, "phone" varchar(6) NULL, "idnumber" varchar(13) NOT NULL, "gender" varchar(6) NOT NULL, "age" varchar(6) NOT NULL, "dob" varchar(6) NOT NULL, "user_id" integer NOT NULL UNIQUE REFERENCES "auth_user" ("id") DEFERRABLE INITIALLY DEFERRED);
INSERT INTO "profiles_staffprofile" VALUES(2,'Administrator','ADMINISTRATOR','R60,000 +','2024-06-22 13:54:31.115248','0645489327','0202255651087','Male','22','25/02/2002',1);
INSERT INTO "profiles_staffprofile" VALUES(3,'Executive','HR','24000','2024-06-22 15:09:26.086005','0738879509','0210266009088','male','22','10/26/2002',2);
CREATE UNIQUE INDEX "auth_group_permissions_group_id_permission_id_0cd325b0_uniq" ON "auth_group_permissions" ("group_id", "permission_id");
CREATE INDEX IF NOT EXISTS "auth_group_permissions_group_id_b120cbf9" ON "auth_group_permissions" ("group_id");
CREATE INDEX IF NOT EXISTS "auth_group_permissions_permission_id_84c5c92e" ON "auth_group_permissions" ("permission_id");
CREATE UNIQUE INDEX "auth_user_groups_user_id_group_id_94350c0c_uniq" ON "auth_user_groups" ("user_id", "group_id");
CREATE INDEX IF NOT EXISTS "auth_user_groups_user_id_6a12ed8b" ON "auth_user_groups" ("user_id");
CREATE INDEX IF NOT EXISTS "auth_user_groups_group_id_97559544" ON "auth_user_groups" ("group_id");
CREATE UNIQUE INDEX "auth_user_user_permissions_user_id_permission_id_14a6b632_uniq" ON "auth_user_user_permissions" ("user_id", "permission_id");
CREATE INDEX IF NOT EXISTS "auth_user_user_permissions_user_id_a95ead1b" ON "auth_user_user_permissions" ("user_id");
CREATE INDEX IF NOT EXISTS "auth_user_user_permissions_permission_id_1fbb5f2c" ON "auth_user_user_permissions" ("permission_id");
CREATE INDEX IF NOT EXISTS "django_admin_log_content_type_id_c4bce8eb" ON "django_admin_log" ("content_type_id");
CREATE INDEX IF NOT EXISTS "django_admin_log_user_id_c564eba6" ON "django_admin_log" ("user_id");
CREATE UNIQUE INDEX "django_content_type_app_label_model_76bd3d3b_uniq" ON "django_content_type" ("app_label", "model");
CREATE UNIQUE INDEX "auth_permission_content_type_id_codename_01ab375a_uniq" ON "auth_permission" ("content_type_id", "codename");
CREATE INDEX IF NOT EXISTS "auth_permission_content_type_id_2f476e4b" ON "auth_permission" ("content_type_id");
CREATE INDEX IF NOT EXISTS "jobs_skill_job_post_id_c7b60021" ON "jobs_skill" ("job_post_id");
CREATE INDEX IF NOT EXISTS "jobs_education_job_post_id_0f165219" ON "jobs_academic" ("job_post_id");
CREATE INDEX IF NOT EXISTS "jobs_experience_job_post_id_5cd08f71" ON "jobs_experience" ("job_post_id");
CREATE INDEX IF NOT EXISTS "jobs_requirement_job_post_id_fca1d1ec" ON "jobs_requirement" ("job_post_id");
CREATE INDEX IF NOT EXISTS "jobs_jobpost_user_id_5b3a30c5" ON "jobs_jobpost" ("user_id");
CREATE INDEX IF NOT EXISTS "jobs_notification_user_id_bd18f659" ON "jobs_notification" ("user_id");
CREATE INDEX IF NOT EXISTS "profiles_raise_employee_id_7a5668e3" ON "profiles_raise" ("employee_id");
CREATE INDEX IF NOT EXISTS "django_session_expire_date_a5c62663" ON "django_session" ("expire_date");
CREATE INDEX IF NOT EXISTS "profiles_leave_employee_id_add94add" ON "profiles_leave" ("employee_id");
CREATE INDEX IF NOT EXISTS "profiles_attendance_employee_id_2ea8bce1" ON "profiles_attendance" ("employee_id");
CREATE INDEX IF NOT EXISTS "profiles_attendance_shift_id_a1aeffbb" ON "profiles_attendance" ("shift_id");
